date,temp_mean_c,temp_max_c,temp_min_c,wind_mean_m_s,n_soundings,HDD,CDD
2010-01-01,5.1,6.0,4.2,4.0,2,10.4,0.0
2010-01-02,3.3,3.6,3.0,8.0,2,12.2,0.0
2010-01-03,-1.2,-0.7,-1.7,12.0,2,16.7,0.0
2010-01-04,-3.3,-2.1,-4.5,4.0,2,18.8,0.0
2010-01-05,-4.7,-3.7,-5.7,5.0,2,20.2,0.0
2010-01-06,-1.35,0.0,-2.7,5.0,2,16.85,0.0
2010-01-07,-0.4,-0.3,-0.5,2.0,2,15.9,0.0
2010-01-08,-0.55,1.4,-2.5,5.0,2,16.05,0.0
2010-01-09,6.3,7.8,4.8,6.0,2,9.2,0.0
2010-01-10,5.0,6.8,3.2,2.0,2,10.5,0.0
2010-01-11,2.5999999999999996,3.8,1.4,5.0,2,12.9,0.0
2010-01-12,0.55,2.0,-0.9,4.0,2,14.95,0.0
2010-01-13,-0.15,0.0,-0.3,2.0,2,15.65,0.0
2010-01-14,0.5499999999999999,1.2,-0.1,2.0,2,14.95,0.0
2010-01-15,-0.05,0.0,-0.1,3.0,2,15.55,0.0
2010-01-16,-2.0500000000000003,0.6,-4.7,4.0,2,17.55,0.0
2010-01-18,-0.9,-0.1,-1.7,4.0,2,16.4,0.0
2010-01-19,-0.1499999999999999,1.6,-1.9,3.0,2,15.65,0.0
2010-01-20,-0.55,0.2,-1.3,2.0,2,16.05,0.0
2010-01-21,-2.6,-2.5,-2.7,5.0,2,18.1,0.0
2010-01-22,-2.5999999999999996,-2.3,-2.9,2.0,2,18.1,0.0
2010-01-23,-2.2,-0.9,-3.5,3.0,2,17.7,0.0
2010-01-24,-5.4,-3.9,-6.9,2.0,2,20.9,0.0
2010-01-25,-6.6000000000000005,-3.9,-9.3,3.0,2,22.1,0.0
2010-01-26,-5.8,-3.5,-8.1,3.0,2,21.3,0.0
2010-01-27,-6.1,-4.5,-7.7,2.0,2,21.6,0.0
2010-01-28,-9.7,-6.9,-12.5,4.0,2,25.2,0.0
2010-01-29,-3.6,-0.9,-6.3,2.0,2,19.1,0.0
2010-01-30,-2.2,-0.9,-3.5,3.0,2,17.7,0.0
2010-01-31,-1.9,-1.7,-2.1,6.0,2,17.4,0.0
2010-02-01,-2.0,-0.5,-3.5,7.0,2,17.5,0.0
2010-02-02,-4.2,-0.9,-7.5,3.0,2,19.7,0.0
2010-02-03,-5.2,-2.1,-8.3,4.0,2,20.7,0.0
2010-02-04,-1.65,1.2,-4.5,4.0,2,17.15,0.0
2010-02-05,-3.1,-3.1,-3.1,8.0,1,18.6,0.0
2010-02-06,0.55,1.8,-0.7,6.0,2,14.95,0.0
2010-02-07,-0.3,-0.1,-0.5,2.0,2,15.8,0.0
2010-02-08,-2.2,-0.9,-3.5,3.0,2,17.7,0.0
2010-02-09,-4.2,-1.7,-6.7,3.0,2,19.7,0.0
2010-02-10,-2.05,0.4,-4.5,6.0,2,17.55,0.0
2010-02-11,1.1,2.0,0.2,3.0,2,14.4,0.0
2010-02-12,1.0,1.4,0.6,4.0,2,14.5,0.0
2010-02-13,-0.3,-0.3,-0.3,8.0,1,15.8,0.0
2010-02-14,1.7000000000000002,3.2,0.2,4.0,2,13.8,0.0
2010-02-15,1.05,2.6,-0.5,4.0,2,14.45,0.0
2010-02-16,0.4,0.4,0.4,4.0,1,15.1,0.0
2010-02-17,1.45,3.4,-0.5,6.0,2,14.05,0.0
2010-02-18,2.7,3.4,2.0,5.0,2,12.8,0.0
2010-02-19,3.1,3.6,2.6,4.0,2,12.4,0.0
2010-02-20,4.5,5.0,4.0,6.0,2,11.0,0.0
2010-02-21,3.3,5.6,1.0,8.0,2,12.2,0.0
2010-02-22,2.4499999999999997,5.6,-0.7,4.0,2,13.05,0.0
2010-02-23,7.5,9.8,5.2,3.0,2,8.0,0.0
2010-02-24,6.199999999999999,6.6,5.8,3.0,2,9.3,0.0
2010-02-25,7.4,9.0,5.8,2.0,2,8.1,0.0
2010-02-26,5.1,6.8,3.4,5.0,2,10.4,0.0
2010-02-27,6.9,7.0,6.8,7.0,2,8.6,0.0
2010-02-28,5.6,10.6,0.6,8.0,2,9.9,0.0
2010-03-01,9.0,13.6,4.4,6.0,2,6.5,0.0
2010-03-02,8.8,8.8,8.8,8.0,1,6.699999999999999,0.0
2010-03-03,5.800000000000001,7.4,4.2,7.0,2,9.7,0.0
2010-03-04,2.6,3.6,1.6,4.0,2,12.9,0.0
2010-03-05,2.6,3.4,1.8,8.0,2,12.9,0.0
2010-03-06,-0.95,1.4,-3.3,7.0,2,16.45,0.0
2010-03-07,-2.0,-1.1,-2.9,3.0,2,17.5,0.0
2010-03-08,-1.45,1.4,-4.3,4.0,2,16.95,0.0
2010-03-09,-0.050000000000000044,2.4,-2.5,6.0,2,15.55,0.0
2010-03-10,0.55,4.0,-2.9,8.0,2,14.95,0.0
2010-03-11,0.3,0.6,0.0,3.0,2,15.2,0.0
2010-03-12,1.3,2.4,0.2,8.0,2,14.2,0.0
2010-03-13,3.6,5.2,2.0,10.0,2,11.9,0.0
2010-03-14,5.9,7.8,4.0,11.0,2,9.6,0.0
2010-03-15,4.9,5.6,4.2,13.0,2,10.6,0.0
2010-03-16,3.5500000000000003,7.4,-0.3,7.0,2,11.95,0.0
2010-03-17,4.3,6.2,2.4,8.0,2,11.2,0.0
2010-03-18,9.0,13.0,5.0,3.0,2,6.5,0.0
2010-03-19,9.6,15.0,4.2,5.0,2,5.9,0.0
2010-03-20,11.4,15.8,7.0,7.0,2,4.1,0.0
2010-03-21,8.6,8.6,8.6,2.0,1,6.9,0.0
2010-03-22,13.3,16.0,10.6,5.0,2,2.1999999999999993,0.0
2010-03-23,10.5,10.6,10.4,2.0,2,5.0,0.0
2010-03-24,11.5,16.8,6.2,3.0,2,4.0,0.0
2010-03-25,14.799999999999999,20.4,9.2,9.0,2,0.7000000000000011,0.0
2010-03-26,16.6,20.2,13.0,7.0,2,0.0,0.0
2010-03-27,12.600000000000001,13.4,11.8,5.0,2,2.8999999999999986,0.0
2010-03-28,11.899999999999999,14.2,9.6,10.0,2,3.6000000000000014,0.0
2010-03-29,12.8,17.0,8.6,5.0,2,2.6999999999999993,0.0
2010-03-30,15.0,19.4,10.6,8.0,2,0.5,0.0
2010-03-31,11.3,11.8,10.8,7.0,2,4.199999999999999,0.0
2010-04-01,10.8,15.8,5.8,6.0,2,4.699999999999999,0.0
2010-04-02,7.9,8.8,7.0,4.0,2,7.6,0.0
2010-04-03,8.9,13.6,4.2,5.0,2,6.6,0.0
2010-04-04,11.9,16.6,7.2,5.0,2,3.5999999999999996,0.0
2010-04-05,10.600000000000001,11.8,9.4,4.0,2,4.899999999999999,0.0
2010-04-06,9.1,10.0,8.2,10.0,2,6.4,0.0
2010-04-07,10.9,15.4,6.4,4.0,2,4.6,0.0
2010-04-08,12.4,17.6,7.2,4.0,2,3.0999999999999996,0.0
2010-04-09,14.5,19.6,9.4,3.0,2,1.0,0.0
2010-04-10,11.0,12.6,9.4,7.0,2,4.5,0.0
2010-04-11,9.1,11.2,7.0,4.0,2,6.4,0.0
2010-04-12,7.4,9.0,5.8,8.0,2,8.1,0.0
2010-04-13,9.8,10.4,9.2,5.0,2,5.699999999999999,0.0
2010-04-14,11.3,13.8,8.8,3.0,2,4.199999999999999,0.0
2010-04-15,9.0,10.0,8.0,4.0,2,6.5,0.0
2010-04-16,10.7,13.8,7.6,3.0,2,4.800000000000001,0.0
2010-04-17,11.399999999999999,13.6,9.2,4.0,2,4.100000000000001,0.0
2010-04-18,11.0,15.6,6.4,6.0,2,4.5,0.0
2010-04-19,13.2,13.8,12.6,4.0,2,2.3000000000000007,0.0
2010-04-20,15.0,20.0,10.0,4.0,2,0.5,0.0
2010-04-21,14.8,18.2,11.4,8.0,2,0.6999999999999993,0.0
2010-04-22,11.4,12.4,10.4,6.0,2,4.1,0.0
2010-04-23,8.2,12.0,4.4,4.0,2,7.300000000000001,0.0
2010-04-24,15.1,20.0,10.2,3.0,2,0.40000000000000036,0.0
2010-04-25,17.5,22.4,12.6,4.0,2,0.0,0.0
2010-04-26,17.1,21.8,12.4,3.0,2,0.0,0.0
2010-04-27,16.7,20.0,13.4,3.0,2,0.0,0.0
2010-04-28,15.2,18.0,12.4,5.0,2,0.3000000000000007,0.0
2010-04-29,15.3,20.0,10.6,4.0,2,0.1999999999999993,0.0
2010-04-30,17.0,23.2,10.8,4.0,2,0.0,0.0
2010-05-01,19.7,24.4,15.0,6.0,2,0.0,1.6999999999999993
2010-05-02,17.7,21.2,14.2,5.0,2,0.0,0.0
2010-05-03,18.7,21.0,16.4,5.0,2,0.0,0.6999999999999993
2010-05-04,20.5,25.0,16.0,3.0,2,0.0,2.5
2010-05-05,21.8,24.8,18.8,5.0,2,0.0,3.8000000000000007
2010-05-06,18.6,20.8,16.4,6.0,2,0.0,0.6000000000000014
2010-05-07,16.6,19.2,14.0,4.0,2,0.0,0.0
2010-05-08,15.100000000000001,19.8,10.4,2.0,2,0.3999999999999986,0.0
2010-05-09,14.600000000000001,16.8,12.4,2.0,2,0.8999999999999986,0.0
2010-05-10,14.7,18.4,11.0,5.0,2,0.8000000000000007,0.0
2010-05-11,16.6,22.4,10.8,5.0,2,0.0,0.0
2010-05-12,15.9,16.6,15.2,2.0,2,0.0,0.0
2010-05-13,17.1,20.2,14.0,5.0,2,0.0,0.0
2010-05-14,15.5,18.0,13.0,3.0,2,0.0,0.0
2010-05-15,14.0,14.0,14.0,8.0,1,1.5,0.0
2010-05-16,11.399999999999999,14.6,8.2,9.0,2,4.100000000000001,0.0
2010-05-17,8.9,9.8,8.0,15.5,2,6.6,0.0
2010-05-18,9.6,10.0,9.2,15.5,2,5.9,0.0
2010-05-19,10.2,12.2,8.2,12.0,2,5.300000000000001,0.0
2010-05-20,12.899999999999999,16.2,9.6,5.0,2,2.6000000000000014,0.0
2010-05-21,15.799999999999999,18.4,13.2,4.0,2,0.0,0.0
2010-05-22,19.4,23.2,15.6,4.0,2,0.0,1.3999999999999986
2010-05-23,17.700000000000003,21.6,13.8,4.0,2,0.0,0.0
2010-05-24,18.0,22.2,13.8,5.0,2,0.0,0.0
2010-05-25,17.7,21.2,14.2,6.0,2,0.0,0.0
2010-05-26,16.8,20.8,12.8,3.0,2,0.0,0.0
2010-05-27,18.8,23.2,14.4,3.0,2,0.0,0.8000000000000007
2010-05-28,20.1,23.0,17.2,4.0,2,0.0,2.1000000000000014
2010-05-29,20.3,24.0,16.6,3.0,2,0.0,2.3000000000000007
2010-05-30,19.3,23.6,15.0,3.0,2,0.0,1.3000000000000007
2010-05-31,14.5,15.0,14.0,8.0,2,1.0,0.0
2010-06-01,11.9,12.8,11.0,9.0,2,3.5999999999999996,0.0
2010-06-02,12.7,14.2,11.2,4.0,2,2.8000000000000007,0.0
2010-06-03,13.8,16.6,11.0,3.0,2,1.6999999999999993,0.0
2010-06-04,13.6,13.6,13.6,6.0,1,1.9000000000000004,0.0
2010-06-06,18.8,23.6,14.0,3.0,2,0.0,0.8000000000000007
2010-06-07,20.0,25.2,14.8,3.0,2,0.0,2.0
2010-06-08,23.299999999999997,28.2,18.4,4.0,2,0.0,5.299999999999997
2010-06-09,24.5,28.8,20.2,4.0,2,0.0,6.5
2010-06-10,25.4,30.4,20.4,6.0,2,0.0,7.399999999999999
2010-06-11,26.5,31.8,21.2,6.0,2,0.0,8.5
2010-06-12,26.0,30.8,21.2,7.0,2,0.0,8.0
2010-06-13,27.200000000000003,30.8,23.6,2.0,2,0.0,9.200000000000003
2010-06-14,23.3,25.6,21.0,5.0,2,0.0,5.300000000000001
2010-06-15,20.4,24.4,16.4,5.0,2,0.0,2.3999999999999986
2010-06-16,19.1,20.4,17.8,4.0,2,0.0,1.1000000000000014
2010-06-17,19.9,24.0,15.8,3.0,2,0.0,1.8999999999999986
2010-06-18,18.6,18.8,18.4,4.0,2,0.0,0.6000000000000014
2010-06-19,17.6,20.6,14.6,5.0,2,0.0,0.0
2010-06-20,18.6,21.4,15.8,3.0,2,0.0,0.6000000000000014
2010-06-21,18.1,19.6,16.6,4.0,2,0.0,0.10000000000000142
2010-06-22,15.399999999999999,16.2,14.6,8.0,2,0.10000000000000142,0.0
2010-06-23,17.5,20.8,14.2,6.0,2,0.0,0.0
2010-06-24,19.2,22.2,16.2,8.0,2,0.0,1.1999999999999993
2010-06-25,17.1,18.8,15.4,6.0,2,0.0,0.0
2010-06-26,17.1,18.6,15.6,3.0,2,0.0,0.0
2010-06-27,19.1,22.0,16.2,3.0,2,0.0,1.1000000000000014
2010-06-28,22.9,26.0,19.8,4.0,2,0.0,4.899999999999999
2010-06-29,24.0,27.6,20.4,3.0,2,0.0,6.0
2010-06-30,24.200000000000003,28.6,19.8,3.0,2,0.0,6.200000000000003
2010-07-01,24.4,28.2,20.6,3.0,2,0.0,6.399999999999999
2010-07-02,24.7,29.0,20.4,3.0,2,0.0,6.699999999999999
2010-07-03,25.5,30.4,20.6,4.0,2,0.0,7.5
2010-07-04,22.3,25.6,19.0,4.0,2,0.0,4.300000000000001
2010-07-05,21.5,27.0,16.0,2.0,2,0.0,3.5
2010-07-06,22.700000000000003,26.8,18.6,5.0,2,0.0,4.700000000000003
2010-07-07,18.7,20.4,17.0,11.0,2,0.0,0.6999999999999993
2010-07-08,20.1,24.0,16.2,4.0,2,0.0,2.1000000000000014
2010-07-09,21.799999999999997,27.2,16.4,4.0,2,0.0,3.799999999999997
2010-07-10,23.9,29.0,18.8,4.0,2,0.0,5.899999999999999
2010-07-11,26.5,31.2,21.8,3.0,2,0.0,8.5
2010-07-12,27.200000000000003,31.6,22.8,2.0,2,0.0,9.200000000000003
2010-07-13,27.299999999999997,32.8,21.8,5.0,2,0.0,9.299999999999997
2010-07-14,29.5,33.4,25.6,4.0,2,0.0,11.5
2010-07-15,22.4,22.4,22.4,2.0,1,0.0,4.399999999999999
2010-07-16,28.7,33.0,24.4,4.0,2,0.0,10.7
2010-07-17,28.900000000000002,34.2,23.6,2.0,2,0.0,10.900000000000002
2010-07-18,25.1,25.6,24.6,5.0,2,0.0,7.100000000000001
2010-07-19,23.8,27.6,20.0,5.0,2,0.0,5.800000000000001
2010-07-20,25.6,30.0,21.2,3.0,2,0.0,7.600000000000001
2010-07-21,26.9,31.4,22.4,2.0,2,0.0,8.899999999999999
2010-07-22,27.900000000000002,33.2,22.6,4.0,2,0.0,9.900000000000002
2010-07-23,28.2,33.0,23.4,4.0,2,0.0,10.2
2010-07-24,24.0,24.2,23.8,8.0,2,0.0,6.0
2010-07-25,17.6,19.0,16.2,8.0,2,0.0,0.0
2010-07-26,16.3,17.6,15.0,4.0,2,0.0,0.0
2010-07-27,19.6,22.6,16.6,4.0,2,0.0,1.6000000000000014
2010-07-28,21.2,24.2,18.2,9.0,2,0.0,3.1999999999999993
2010-07-29,16.8,16.8,16.8,2.0,1,0.0,0.0
2010-07-30,22.2,23.2,21.2,6.0,2,0.0,4.199999999999999
2010-07-31,21.9,26.0,17.8,4.0,2,0.0,3.8999999999999986
2010-08-01,24.0,28.2,19.8,4.0,2,0.0,6.0
2010-08-02,23.3,28.8,17.8,2.0,2,0.0,5.300000000000001
2010-08-03,25.299999999999997,30.2,20.4,3.0,2,0.0,7.299999999999997
2010-08-04,20.8,23.0,18.6,4.0,2,0.0,2.8000000000000007
2010-08-05,21.6,24.4,18.8,4.0,2,0.0,3.6000000000000014
2010-08-06,22.3,23.6,21.0,5.0,2,0.0,4.300000000000001
2010-08-07,20.0,21.8,18.2,6.0,2,0.0,2.0
2010-08-08,18.9,21.4,16.4,3.0,2,0.0,0.8999999999999986
2010-08-09,20.0,24.6,15.4,6.0,2,0.0,2.0
2010-08-10,20.9,26.2,15.6,2.0,2,0.0,2.8999999999999986
2010-08-11,18.0,18.0,18.0,4.0,1,0.0,0.0
2010-08-13,25.4,29.0,21.8,4.0,2,0.0,7.399999999999999
2010-08-14,23.4,28.2,18.6,3.0,2,0.0,5.399999999999999
2010-08-15,26.5,28.2,24.8,4.0,2,0.0,8.5
2010-08-16,24.3,28.0,20.6,3.0,2,0.0,6.300000000000001
2010-08-17,20.2,24.2,16.2,4.0,2,0.0,2.1999999999999993
2010-08-18,21.0,23.2,18.8,6.0,2,0.0,3.0
2010-08-19,22.5,24.8,20.2,7.0,2,0.0,4.5
2010-08-20,21.6,24.4,18.8,4.0,2,0.0,3.6000000000000014
2010-08-21,22.1,25.8,18.4,2.0,2,0.0,4.100000000000001
2010-08-22,22.2,27.4,17.0,2.0,2,0.0,4.199999999999999
2010-08-23,23.3,28.6,18.0,6.0,2,0.0,5.300000000000001
2010-08-24,22.5,26.0,19.0,6.0,2,0.0,4.5
2010-08-25,21.1,22.8,19.4,7.0,2,0.0,3.1000000000000014
2010-08-26,15.6,15.6,15.6,4.0,1,0.0,0.0
2010-08-29,19.6,19.6,19.6,10.0,1,0.0,1.6000000000000014
2010-08-30,14.5,18.8,10.2,2.0,2,1.0,0.0
2010-08-31,11.5,11.6,11.4,6.0,2,4.0,0.0
2010-09-01,13.9,16.0,11.8,12.0,2,1.5999999999999996,0.0
2010-09-02,15.8,17.6,14.0,13.0,2,0.0,0.0
2010-09-03,16.1,19.2,13.0,4.0,2,0.0,0.0
2010-09-04,13.8,16.2,11.4,3.0,2,1.6999999999999993,0.0
2010-09-05,15.0,16.2,13.8,7.0,2,0.5,0.0
2010-09-06,9.8,9.8,9.8,2.0,1,5.699999999999999,0.0
2010-09-08,13.9,15.4,12.4,7.0,2,1.5999999999999996,0.0
2010-09-09,15.9,18.0,13.8,3.0,2,0.0,0.0
2010-09-10,15.0,15.6,14.4,4.0,2,0.5,0.0
2010-09-11,16.5,17.6,15.4,5.0,2,0.0,0.0
2010-09-12,18.0,20.4,15.6,2.0,2,0.0,0.0
2010-09-13,18.2,21.4,15.0,4.0,2,0.0,0.1999999999999993
2010-09-14,18.6,20.8,16.4,5.0,2,0.0,0.6000000000000014
2010-09-15,19.2,22.2,16.2,5.0,2,0.0,1.1999999999999993
2010-09-16,17.3,17.8,16.8,4.0,2,0.0,0.0
2010-09-17,14.2,14.6,13.8,2.0,2,1.3000000000000007,0.0
2010-09-18,15.9,17.8,14.0,2.0,2,0.0,0.0
2010-09-19,14.2,15.4,13.0,4.0,2,1.3000000000000007,0.0
2010-09-20,13.5,18.0,9.0,3.0,2,2.0,0.0
2010-09-21,13.5,18.8,8.2,3.0,2,2.0,0.0
2010-09-22,15.4,21.0,9.8,2.0,2,0.09999999999999964,0.0
2010-09-23,15.8,21.0,10.6,2.0,2,0.0,0.0
2010-09-24,18.0,22.4,13.6,6.0,2,0.0,0.0
2010-09-25,17.3,21.2,13.4,6.0,2,0.0,0.0
2010-09-26,14.8,16.2,13.4,7.0,2,0.6999999999999993,0.0
2010-09-27,13.2,15.8,10.6,8.0,2,2.3000000000000007,0.0
2010-09-28,13.7,15.0,12.4,3.0,2,1.8000000000000007,0.0
2010-09-29,13.8,16.2,11.4,9.0,2,1.6999999999999993,0.0
2010-09-30,10.4,10.4,10.4,8.0,1,5.1,0.0
2010-10-01,8.6,12.0,5.2,3.0,2,6.9,0.0
2010-10-02,10.7,12.0,9.4,3.0,2,4.800000000000001,0.0
2010-10-03,12.3,15.0,9.6,4.0,2,3.1999999999999993,0.0
2010-10-04,10.5,12.6,8.4,7.0,2,5.0,0.0
2010-10-05,10.5,10.6,10.4,5.0,2,5.0,0.0
2010-10-06,12.7,16.2,9.2,8.0,2,2.8000000000000007,0.0
2010-10-07,12.2,15.4,9.0,3.0,2,3.3000000000000007,0.0
2010-10-08,11.0,13.2,8.8,4.0,2,4.5,0.0
2010-10-09,9.3,13.8,4.8,3.0,2,6.199999999999999,0.0
2010-10-10,10.0,14.6,5.4,4.0,2,5.5,0.0
2010-10-11,10.2,14.8,5.6,2.0,2,5.300000000000001,0.0
2010-10-12,10.100000000000001,15.8,4.4,2.0,2,5.399999999999999,0.0
2010-10-13,9.8,14.6,5.0,3.0,2,5.699999999999999,0.0
2010-10-14,9.8,14.6,5.0,2.0,2,5.699999999999999,0.0
2010-10-15,9.7,12.2,7.2,2.0,2,5.800000000000001,0.0
2010-10-16,11.4,13.8,9.0,2.0,2,4.1,0.0
2010-10-17,9.5,12.0,7.0,2.0,2,6.0,0.0
2010-10-18,9.2,9.4,9.0,4.0,2,6.300000000000001,0.0
2010-10-19,10.3,12.0,8.6,6.0,2,5.199999999999999,0.0
2010-10-20,9.3,9.4,9.2,7.0,2,6.199999999999999,0.0
2010-10-21,8.1,9.6,6.6,11.0,2,7.4,0.0
2010-10-22,7.2,12.8,1.6,6.0,2,8.3,0.0
2010-10-23,6.6,9.0,4.2,4.0,2,8.9,0.0
2010-10-24,10.4,13.0,7.8,4.0,2,5.1,0.0
2010-10-25,11.7,13.6,9.8,3.0,2,3.8000000000000007,0.0
2010-10-26,6.8,7.6,6.0,5.0,2,8.7,0.0
2010-10-27,5.7,9.0,2.4,4.0,2,9.8,0.0
2010-10-28,4.8,9.4,0.2,3.0,2,10.7,0.0
2010-10-29,5.15,10.4,-0.1,4.0,2,10.35,0.0
2010-10-30,6.199999999999999,10.2,2.2,6.0,2,9.3,0.0
2010-10-31,7.800000000000001,12.4,3.2,5.0,2,7.699999999999999,0.0
2010-11-01,8.6,12.4,4.8,4.0,2,6.9,0.0
2010-11-02,9.6,12.4,6.8,4.0,2,5.9,0.0
2010-11-03,11.6,16.0,7.2,2.0,2,3.9000000000000004,0.0
2010-11-04,12.1,16.4,7.8,4.0,2,3.4000000000000004,0.0
2010-11-05,13.399999999999999,17.4,9.4,4.0,2,2.1000000000000014,0.0
2010-11-06,14.0,18.0,10.0,3.0,2,1.5,0.0
2010-11-07,10.3,12.6,8.0,5.0,2,5.199999999999999,0.0
2010-11-08,11.3,13.2,9.4,5.0,2,4.199999999999999,0.0
2010-11-09,12.6,14.0,11.2,6.0,2,2.9000000000000004,0.0
2010-11-10,10.6,10.6,10.6,4.0,2,4.9,0.0
2010-11-11,9.8,11.2,8.4,6.0,2,5.699999999999999,0.0
2010-11-12,7.9,12.8,3.0,6.0,2,7.6,0.0
2010-11-13,12.2,16.0,8.4,4.0,2,3.3000000000000007,0.0
2010-11-14,13.5,17.2,9.8,4.0,2,2.0,0.0
2010-11-15,15.0,18.6,11.4,7.0,2,0.5,0.0
2010-11-16,12.6,15.2,10.0,3.0,2,2.9000000000000004,0.0
2010-11-17,13.0,15.6,10.4,4.0,2,2.5,0.0
2010-11-18,11.3,12.0,10.6,4.0,2,4.199999999999999,0.0
2010-11-19,8.8,9.0,8.6,4.0,2,6.699999999999999,0.0
2010-11-20,8.1,10.2,6.0,2.0,2,7.4,0.0
2010-11-21,8.2,9.8,6.6,5.0,2,7.300000000000001,0.0
2010-11-22,9.2,9.4,9.0,7.0,2,6.300000000000001,0.0
2010-11-23,8.5,9.2,7.8,9.0,2,7.0,0.0
2010-11-24,5.5,7.2,3.8,13.0,2,10.0,0.0
2010-11-25,4.6,7.0,2.2,4.0,2,10.9,0.0
2010-11-26,3.0,5.6,0.4,5.0,2,12.5,0.0
2010-11-27,0.9,1.6,0.2,5.0,2,14.6,0.0
2010-11-28,0.15000000000000002,1.6,-1.3,3.0,2,15.35,0.0
2010-11-29,3.2,4.0,2.4,11.0,2,12.3,0.0
2010-11-30,1.2999999999999998,1.4,1.2,6.0,2,14.2,0.0
2010-12-01,-2.7,-2.7,-2.7,4.0,1,18.2,0.0
2010-12-03,1.2,1.2,1.2,2.0,1,14.3,0.0
2010-12-04,-0.9,-0.7,-1.1,6.0,2,16.4,0.0
2010-12-05,-3.5,-1.1,-5.9,3.0,2,19.0,0.0
2010-12-06,2.25,5.4,-0.9,3.0,2,13.25,0.0
2010-12-07,8.6,10.4,6.8,5.0,2,6.9,0.0
2010-12-08,9.5,10.2,8.8,1.0,2,6.0,0.0
2010-12-09,5.8,10.2,1.4,8.0,2,9.7,0.0
2010-12-10,0.6,1.2,0.0,10.0,2,14.9,0.0
2010-12-11,-2.9,-2.9,-2.9,4.0,1,18.4,0.0
2010-12-15,-3.2,-2.1,-4.3,5.0,2,18.7,0.0
2010-12-16,-4.3,-4.1,-4.5,3.0,2,19.8,0.0
2010-12-17,-9.100000000000001,-7.9,-10.3,3.0,2,24.6,0.0
2010-12-18,-6.2,-5.7,-6.7,6.0,2,21.7,0.0
2010-12-19,-7.2,-4.9,-9.5,5.0,2,22.7,0.0
2010-12-20,-3.5500000000000003,1.2,-8.3,4.0,2,19.05,0.0
2010-12-21,-2.0,-1.3,-2.7,4.0,2,17.5,0.0
2010-12-22,1.35,3.2,-0.5,3.0,2,14.15,0.0
2010-12-23,4.6000000000000005,7.4,1.8,3.0,2,10.899999999999999,0.0
2010-12-24,7.5,9.6,5.4,5.0,2,8.0,0.0
2010-12-25,4.0,6.2,1.8,7.0,2,11.5,0.0
2010-12-26,-2.7,-2.7,-2.7,6.0,1,18.2,0.0
2010-12-27,-4.2,-3.5,-4.9,3.0,2,19.7,0.0
2010-12-28,-7.300000000000001,-5.7,-8.9,2.0,2,22.8,0.0
2010-12-29,-6.2,-4.7,-7.7,3.0,2,21.7,0.0
2010-12-30,-9.8,-7.9,-11.7,2.0,2,25.3,0.0
2010-12-31,-7.3,-7.1,-7.5,2.0,2,22.8,0.0
2011-01-01,-3.4,-2.3,-4.5,3.0,2,18.9,0.0
2011-01-02,-0.44999999999999996,2.6,-3.5,5.0,2,15.95,0.0
2011-01-03,-2.7,-1.7,-3.7,3.0,2,18.2,0.0
2011-01-04,-4.3,-3.9,-4.7,2.0,2,19.8,0.0
2011-01-05,-4.5,-4.3,-4.7,3.0,2,20.0,0.0
2011-01-06,-3.5,-2.7,-4.3,5.0,2,19.0,0.0
2011-01-07,1.5,2.8,0.2,4.0,2,14.0,0.0
2011-01-08,3.0,5.0,1.0,4.0,2,12.5,0.0
2011-01-09,1.6,2.4,0.8,3.0,2,13.9,0.0
2011-01-10,2.2,3.4,1.0,2.0,2,13.3,0.0
2011-01-11,3.6,4.2,3.0,3.0,2,11.9,0.0
2011-01-12,5.2,6.2,4.2,5.0,2,10.3,0.0
2011-01-13,3.1,4.2,2.0,4.0,2,12.4,0.0
2011-01-14,8.1,11.6,4.6,5.0,2,7.4,0.0
2011-01-15,7.4,7.4,7.4,2.0,1,8.1,0.0
2011-01-16,9.6,9.6,9.6,0.0,1,5.9,0.0
2011-01-17,5.7,9.0,2.4,3.0,2,9.8,0.0
2011-01-18,3.7,4.8,2.6,3.0,2,11.8,0.0
2011-01-19,1.9,2.0,1.8,2.0,2,13.6,0.0
2011-01-20,2.5,3.2,1.8,4.0,2,13.0,0.0
2011-01-21,2.2,3.4,1.0,3.0,2,13.3,0.0
2011-01-22,0.35,1.4,-0.7,4.0,2,15.15,0.0
2011-01-23,-1.0499999999999998,1.2,-3.3,3.0,2,16.55,0.0
2011-01-24,-0.25,0.0,-0.5,3.0,2,15.75,0.0
2011-01-25,-3.3000000000000003,-1.7,-4.9,3.0,2,18.8,0.0
2011-01-26,-1.6,-1.5,-1.7,4.0,2,17.1,0.0
2011-01-27,-2.4,-1.7,-3.1,2.0,2,17.9,0.0
2011-01-28,-1.85,1.8,-5.5,5.0,2,17.35,0.0
2011-01-29,-2.3499999999999996,0.4,-5.1,2.0,2,17.85,0.0
2011-01-30,-4.9,-2.7,-7.1,3.0,2,20.4,0.0
2011-01-31,-5.8,-4.3,-7.3,2.0,2,21.3,0.0
2011-02-01,-5.1,-4.9,-5.3,2.0,2,20.6,0.0
2011-02-02,-4.9,-3.7,-6.1,4.0,2,20.4,0.0
2011-02-03,-4.9,-3.1,-6.7,3.0,2,20.4,0.0
2011-02-04,-1.25,0.4,-2.9,3.0,2,16.75,0.0
2011-02-05,4.65,10.0,-0.7,6.0,2,10.85,0.0
2011-02-06,9.5,12.2,6.8,6.0,2,6.0,0.0
2011-02-07,8.5,13.8,3.2,5.0,2,7.0,0.0
2011-02-08,4.2,7.2,1.2,4.0,2,11.3,0.0
2011-02-09,6.6,8.4,4.8,7.0,2,8.9,0.0
2011-02-10,3.1,4.4,1.8,5.0,2,12.4,0.0
2011-02-11,-0.1499999999999999,1.6,-1.9,4.0,2,15.65,0.0
2011-02-12,5.5,6.6,4.4,12.0,2,10.0,0.0
2011-02-13,-1.15,1.0,-3.3,4.0,2,16.65,0.0
2011-02-14,0.5,1.0,0.0,4.0,2,15.0,0.0
2011-02-15,-1.1,-0.7,-1.5,6.0,2,16.6,0.0
2011-02-16,-1.0,-0.1,-1.9,5.0,2,16.5,0.0
2011-02-17,-0.15000000000000002,0.6,-0.9,5.0,2,15.65,0.0
2011-02-18,3.7,6.4,1.0,6.0,2,11.8,0.0
2011-02-19,4.7,5.8,3.6,4.0,2,10.8,0.0
2011-02-20,3.6,3.6,3.6,2.0,1,11.9,0.0
2011-02-21,-2.1,-2.1,-2.1,6.0,1,17.6,0.0
2011-02-22,-1.7000000000000002,-0.7,-2.7,3.0,2,17.2,0.0
2011-02-23,-2.1,-1.3,-2.9,2.0,2,17.6,0.0
2011-02-24,-4.1,-2.3,-5.9,3.0,2,19.6,0.0
2011-02-25,-3.3,-1.5,-5.1,5.0,2,18.8,0.0
2011-02-26,0.1499999999999999,2.4,-2.1,2.0,2,15.35,0.0
2011-02-27,-0.6499999999999999,2.0,-3.3,2.0,2,16.15,0.0
2011-02-28,-1.65,0.6,-3.9,3.0,2,17.15,0.0
2011-03-01,1.25,2.6,-0.1,3.0,2,14.25,0.0
2011-03-02,0.1499999999999999,2.4,-2.1,7.0,2,15.35,0.0
2011-03-03,0.9500000000000001,2.6,-0.7,2.0,2,14.55,0.0
2011-03-04,3.6999999999999997,5.6,1.8,3.0,2,11.8,0.0
2011-03-05,2.55,5.6,-0.5,3.0,2,12.95,0.0
2011-03-06,1.55,4.0,-0.9,2.0,2,13.95,0.0
2011-03-07,0.75,2.6,-1.1,6.0,2,14.75,0.0
2011-03-08,0.15000000000000013,3.6,-3.3,3.0,2,15.35,0.0
2011-03-09,0.6500000000000001,5.2,-3.9,2.0,2,14.85,0.0
2011-03-10,0.8499999999999999,5.6,-3.9,3.0,2,14.65,0.0
2011-03-11,8.5,14.2,2.8,9.0,2,7.0,0.0
2011-03-12,9.0,15.2,2.8,5.0,2,6.5,0.0
2011-03-13,11.299999999999999,16.4,6.2,9.0,2,4.200000000000001,0.0
2011-03-14,13.4,17.6,9.2,6.0,2,2.0999999999999996,0.0
2011-03-15,13.7,17.8,9.6,3.0,2,1.8000000000000007,0.0
2011-03-16,12.8,15.4,10.2,7.0,2,2.6999999999999993,0.0
2011-03-17,12.8,12.8,12.8,8.0,1,2.6999999999999993,0.0
2011-03-18,8.9,10.4,7.4,6.0,2,6.6,0.0
2011-03-19,4.5,4.6,4.4,7.0,2,11.0,0.0
2011-03-20,4.9,6.6,3.2,5.0,2,10.6,0.0
2011-03-21,6.6,9.4,3.8,2.0,2,8.9,0.0
2011-03-22,7.1000000000000005,12.8,1.4,4.0,2,8.399999999999999,0.0
2011-03-23,9.9,15.0,4.8,2.0,2,5.6,0.0
2011-03-24,11.6,15.2,8.0,7.0,2,3.9000000000000004,0.0
2011-03-25,12.600000000000001,17.6,7.6,5.0,2,2.8999999999999986,0.0
2011-03-26,14.4,19.0,9.8,9.0,2,1.0999999999999996,0.0
2011-03-27,8.3,8.4,8.2,4.0,2,7.199999999999999,0.0
2011-03-28,7.800000000000001,10.8,4.8,3.0,2,7.699999999999999,0.0
2011-03-29,8.9,13.6,4.2,3.0,2,6.6,0.0
2011-03-30,10.8,16.6,5.0,2.0,2,4.699999999999999,0.0
2011-03-31,12.0,17.6,6.4,3.0,2,3.5,0.0
2011-04-01,8.4,8.4,8.4,2.0,1,7.1,0.0
2011-04-02,14.7,17.8,11.6,4.0,2,0.8000000000000007,0.0
2011-04-03,14.399999999999999,18.4,10.4,4.0,2,1.1000000000000014,0.0
2011-04-04,14.399999999999999,19.2,9.6,4.0,2,1.1000000000000014,0.0
2011-04-05,12.7,15.0,10.4,11.0,2,2.8000000000000007,0.0
2011-04-06,13.5,17.8,9.2,3.0,2,2.0,0.0
2011-04-07,18.5,22.0,15.0,5.0,2,0.0,0.5
2011-04-08,16.6,18.8,14.4,15.0,2,0.0,0.0
2011-04-09,15.5,16.8,14.2,16.0,2,0.0,0.0
2011-04-10,11.399999999999999,13.6,9.2,10.0,2,4.100000000000001,0.0
2011-04-11,9.8,9.8,9.8,2.0,1,5.699999999999999,0.0
2011-04-13,11.6,11.6,11.6,14.0,1,3.9000000000000004,0.0
2011-04-14,7.1,8.4,5.8,9.0,2,8.4,0.0
2011-04-15,9.5,12.6,6.4,7.0,2,6.0,0.0
2011-04-16,11.2,13.6,8.8,3.0,2,4.300000000000001,0.0
2011-04-17,11.4,16.6,6.2,2.0,2,4.1,0.0
2011-04-18,12.6,18.0,7.2,5.0,2,2.9000000000000004,0.0
2011-04-19,14.1,20.0,8.2,4.0,2,1.4000000000000004,0.0
2011-04-20,16.3,20.0,12.6,3.0,2,0.0,0.0
2011-04-21,15.399999999999999,22.4,8.4,3.0,2,0.10000000000000142,0.0
2011-04-22,18.1,24.0,12.2,4.0,2,0.0,0.10000000000000142
2011-04-23,17.3,22.8,11.8,4.0,2,0.0,0.0
2011-04-24,13.100000000000001,13.8,12.4,4.0,2,2.3999999999999986,0.0
2011-04-25,13.9,16.6,11.2,4.0,2,1.5999999999999996,0.0
2011-04-26,16.2,20.2,12.2,4.0,2,0.0,0.0
2011-04-27,15.9,20.6,11.2,6.0,2,0.0,0.0
2011-04-28,16.6,20.0,13.2,2.0,2,0.0,0.0
2011-04-29,16.700000000000003,21.6,11.8,5.0,2,0.0,0.0
2011-04-30,17.5,21.6,13.4,4.0,2,0.0,0.0
2011-05-01,12.8,13.4,12.2,2.0,2,2.6999999999999993,0.0
2011-05-02,14.7,17.4,12.0,5.0,2,0.8000000000000007,0.0
2011-05-03,14.5,20.0,9.0,6.0,2,1.0,0.0
2011-05-04,8.6,12.4,4.8,7.0,2,6.9,0.0
2011-05-05,10.2,14.0,6.4,5.0,2,5.300000000000001,0.0
2011-05-06,9.5,14.8,4.2,3.0,2,6.0,0.0
2011-05-07,13.0,20.6,5.4,6.0,2,2.5,0.0
2011-05-08,9.5,9.6,9.4,4.0,2,6.0,0.0
2011-05-09,14.6,20.4,8.8,4.0,2,0.9000000000000004,0.0
2011-05-10,18.3,23.8,12.8,3.0,2,0.0,0.3000000000000007
2011-05-12,19.1,23.8,14.4,3.0,2,0.0,1.1000000000000014
2011-05-13,19.4,22.0,16.8,10.0,2,0.0,1.3999999999999986
2011-05-14,16.2,21.4,11.0,3.0,2,0.0,0.0
2011-05-15,16.1,16.8,15.4,5.0,2,0.0,0.0
2011-05-16,11.8,14.2,9.4,4.0,2,3.6999999999999993,0.0
2011-05-17,15.3,20.2,10.4,4.0,2,0.1999999999999993,0.0
2011-05-18,17.4,23.6,11.2,3.0,2,0.0,0.0
2011-05-19,19.6,25.6,13.6,3.0,2,0.0,1.6000000000000014
2011-05-20,21.3,27.2,15.4,3.0,2,0.0,3.3000000000000007
2011-05-21,28.2,28.2,28.2,2.0,1,0.0,10.2
2011-05-22,22.0,28.0,16.0,4.0,2,0.0,4.0
2011-05-23,21.5,26.6,16.4,3.0,2,0.0,3.5
2011-05-24,27.0,27.0,27.0,2.0,1,0.0,9.0
2011-05-25,20.7,24.4,17.0,7.0,2,0.0,2.6999999999999993
2011-05-26,18.799999999999997,23.4,14.2,4.0,2,0.0,0.7999999999999972
2011-05-27,21.4,27.2,15.6,5.0,2,0.0,3.3999999999999986
2011-05-28,16.4,16.8,16.0,6.0,2,0.0,0.0
2011-05-29,16.9,21.4,12.4,5.0,2,0.0,0.0
2011-05-30,19.3,25.2,13.4,2.0,2,0.0,1.3000000000000007
2011-05-31,22.8,28.6,17.0,7.0,2,0.0,4.800000000000001
2011-06-01,17.2,17.2,17.2,2.0,1,0.0,0.0
2011-06-02,23.0,28.0,18.0,3.0,2,0.0,5.0
2011-06-03,19.6,19.6,19.6,2.0,1,0.0,1.6000000000000014
2011-06-04,24.0,29.0,19.0,5.0,2,0.0,6.0
2011-06-05,21.7,24.4,19.0,3.0,2,0.0,3.6999999999999993
2011-06-06,18.4,18.4,18.4,4.0,1,0.0,0.3999999999999986
2011-06-07,21.200000000000003,24.8,17.6,6.0,2,0.0,3.200000000000003
2011-06-08,21.4,22.0,20.8,4.0,2,0.0,3.3999999999999986
2011-06-09,19.4,19.8,19.0,4.0,2,0.0,1.3999999999999986
2011-06-11,15.4,15.4,15.4,2.0,1,0.09999999999999964,0.0
2011-06-12,23.4,23.4,23.4,4.0,1,0.0,5.399999999999999
2011-06-13,20.1,23.8,16.4,3.0,2,0.0,2.1000000000000014
2011-06-14,19.6,21.4,17.8,3.0,2,0.0,1.6000000000000014
2011-06-15,20.2,25.4,15.0,3.0,2,0.0,2.1999999999999993
2011-06-16,21.6,27.6,15.6,3.0,2,0.0,3.6000000000000014
2011-06-17,22.799999999999997,27.4,18.2,3.0,2,0.0,4.799999999999997
2011-06-18,23.1,27.4,18.8,7.0,2,0.0,5.100000000000001
2011-06-19,16.9,17.2,16.6,10.0,2,0.0,0.0
2011-06-20,17.4,21.4,13.4,9.0,2,0.0,0.0
2011-06-21,20.6,25.6,15.6,5.0,2,0.0,2.6000000000000014
2011-06-24,20.4,22.6,18.2,6.0,2,0.0,2.3999999999999986
2011-06-25,19.3,20.6,18.0,10.0,2,0.0,1.3000000000000007
2011-06-26,17.2,20.0,14.4,6.0,2,0.0,0.0
2011-06-27,19.0,23.2,14.8,5.0,2,0.0,1.0
2011-06-28,20.3,23.6,17.0,6.0,2,0.0,2.3000000000000007
2011-06-29,22.299999999999997,24.4,20.2,6.0,2,0.0,4.299999999999997
2011-06-30,20.1,22.8,17.4,4.0,2,0.0,2.1000000000000014
2011-07-02,12.2,12.2,12.2,8.0,1,3.3000000000000007,0.0
2011-07-03,11.6,11.6,11.6,2.0,1,3.9000000000000004,0.0
2011-07-04,14.2,14.2,14.2,8.0,1,1.3000000000000007,0.0
2011-07-05,18.4,18.4,18.4,6.0,1,0.0,0.3999999999999986
2011-07-06,16.4,16.4,16.4,4.0,1,0.0,0.0
2011-07-07,16.2,16.2,16.2,2.0,1,0.0,0.0
2011-07-08,19.6,19.6,19.6,2.0,1,0.0,1.6000000000000014
2011-07-09,21.8,21.8,21.8,2.0,1,0.0,3.8000000000000007
2011-07-10,23.6,23.6,23.6,2.0,1,0.0,5.600000000000001
2011-07-11,24.6,24.6,24.6,4.0,1,0.0,6.600000000000001
2011-07-12,21.8,21.8,21.8,8.0,1,0.0,3.8000000000000007
2011-07-13,20.6,20.6,20.6,6.0,1,0.0,2.6000000000000014
2011-07-14,22.8,22.8,22.8,6.0,1,0.0,4.800000000000001
2011-07-15,24.4,24.4,24.4,4.0,1,0.0,6.399999999999999
2011-07-16,18.6,18.6,18.6,12.0,1,0.0,0.6000000000000014
2011-07-17,18.0,18.0,18.0,4.0,1,0.0,0.0
2011-07-19,21.0,21.0,21.0,4.0,1,0.0,3.0
2011-07-21,16.6,16.6,16.6,6.0,1,0.0,0.0
2011-07-22,14.8,14.8,14.8,8.0,1,0.6999999999999993,0.0
2011-07-23,14.6,14.6,14.6,4.0,1,0.9000000000000004,0.0
2011-07-24,16.2,16.2,16.2,2.0,1,0.0,0.0
2011-07-25,14.8,14.8,14.8,4.0,1,0.6999999999999993,0.0
2011-07-26,12.6,12.6,12.6,2.0,1,2.9000000000000004,0.0
2011-07-27,16.2,16.2,16.2,2.0,1,0.0,0.0
2011-07-28,16.4,16.4,16.4,4.0,1,0.0,0.0
2011-07-29,17.4,17.4,17.4,6.0,1,0.0,0.0
2011-07-30,18.0,18.0,18.0,2.0,1,0.0,0.0
2011-07-31,16.2,16.2,16.2,8.0,1,0.0,0.0
2011-08-01,16.2,16.2,16.2,6.0,1,0.0,0.0
2011-08-02,17.2,17.2,17.2,2.0,1,0.0,0.0
2011-08-03,17.6,17.6,17.6,2.0,1,0.0,0.0
2011-08-04,19.0,19.0,19.0,6.0,1,0.0,1.0
2011-08-05,17.2,17.2,17.2,2.0,1,0.0,0.0
2011-08-06,17.2,17.2,17.2,2.0,1,0.0,0.0
2011-08-07,20.6,20.6,20.6,4.0,1,0.0,2.6000000000000014
2011-08-08,19.8,19.8,19.8,2.0,1,0.0,1.8000000000000007
2011-08-09,17.8,17.8,17.8,8.0,1,0.0,0.0
2011-08-10,16.6,16.6,16.6,6.0,1,0.0,0.0
2011-08-11,13.0,13.0,13.0,2.0,1,2.5,0.0
2011-08-12,13.8,13.8,13.8,2.0,1,1.6999999999999993,0.0
2011-08-13,17.2,17.2,17.2,2.0,1,0.0,0.0
2011-08-14,16.4,16.4,16.4,2.0,1,0.0,0.0
2011-08-15,19.0,19.0,19.0,4.0,1,0.0,1.0
2011-08-17,19.4,19.4,19.4,2.0,1,0.0,1.3999999999999986
2011-08-18,17.8,17.8,17.8,2.0,1,0.0,0.0
2011-08-19,20.4,20.4,20.4,4.0,1,0.0,2.3999999999999986
2011-08-20,23.8,23.8,23.8,8.0,1,0.0,5.800000000000001
2011-08-21,18.0,18.0,18.0,4.0,1,0.0,0.0
2011-08-22,18.4,18.4,18.4,4.0,1,0.0,0.3999999999999986
2011-08-23,22.0,22.0,22.0,2.0,1,0.0,4.0
2011-08-24,22.8,22.8,22.8,2.0,1,0.0,4.800000000000001
2011-08-25,23.6,23.6,23.6,2.0,1,0.0,5.600000000000001
2011-08-26,25.4,25.4,25.4,6.0,1,0.0,7.399999999999999
2011-08-27,22.8,22.8,22.8,4.0,1,0.0,4.800000000000001
2011-08-28,18.0,18.0,18.0,8.0,1,0.0,0.0
2011-08-29,17.0,17.0,17.0,2.0,1,0.0,0.0
2011-08-30,20.4,20.4,20.4,2.0,1,0.0,2.3999999999999986
2011-08-31,18.4,18.4,18.4,6.0,1,0.0,0.3999999999999986
2011-09-01,17.2,17.2,17.2,4.0,1,0.0,0.0
2011-09-02,20.0,20.0,20.0,4.0,1,0.0,2.0
2011-09-03,16.6,16.6,16.6,2.0,1,0.0,0.0
2011-09-04,19.2,19.2,19.2,4.0,1,0.0,1.1999999999999993
2011-09-05,21.6,21.6,21.6,6.0,1,0.0,3.6000000000000014
2011-09-06,20.2,20.2,20.2,14.0,1,0.0,2.1999999999999993
2011-09-07,13.2,13.2,13.2,2.0,1,2.3000000000000007,0.0
2011-09-08,20.0,20.0,20.0,8.0,1,0.0,2.0
2011-09-09,15.2,15.2,15.2,10.0,1,0.3000000000000007,0.0
2011-09-10,15.6,15.6,15.6,2.0,1,0.0,0.0
2011-09-11,18.2,18.2,18.2,4.0,1,0.0,0.1999999999999993
2011-09-12,19.2,19.2,19.2,2.0,1,0.0,1.1999999999999993
2011-09-13,21.0,21.0,21.0,4.0,1,0.0,3.0
2011-09-14,17.4,17.4,17.4,2.0,1,0.0,0.0
2011-09-15,17.2,17.2,17.2,10.0,1,0.0,0.0
2011-09-16,13.6,13.6,13.6,2.0,1,1.9000000000000004,0.0
2011-09-17,14.2,14.2,14.2,2.0,1,1.3000000000000007,0.0
2011-09-18,16.4,16.4,16.4,4.0,1,0.0,0.0
2011-09-19,19.8,19.8,19.8,2.0,1,0.0,1.8000000000000007
2011-09-20,16.2,16.2,16.2,2.0,1,0.0,0.0
2011-09-21,14.4,14.4,14.4,4.0,1,1.0999999999999996,0.0
2011-09-22,15.6,15.6,15.6,2.0,1,0.0,0.0
2011-09-23,16.6,16.6,16.6,4.0,1,0.0,0.0
2011-09-24,12.2,12.2,12.2,2.0,1,3.3000000000000007,0.0
2011-09-25,12.2,12.2,12.2,4.0,1,3.3000000000000007,0.0
2011-09-26,12.2,12.2,12.2,2.0,1,3.3000000000000007,0.0
2011-09-27,14.0,14.0,14.0,2.0,1,1.5,0.0
2011-09-28,13.8,13.8,13.8,2.0,1,1.6999999999999993,0.0
2011-09-29,13.4,13.4,13.4,2.0,1,2.0999999999999996,0.0
2011-09-30,16.6,16.6,16.6,4.0,1,0.0,0.0
2011-10-01,14.8,14.8,14.8,2.0,1,0.6999999999999993,0.0
2011-10-02,15.6,15.6,15.6,2.0,1,0.0,0.0
2011-10-03,14.2,14.2,14.2,2.0,1,1.3000000000000007,0.0
2011-10-04,10.4,10.4,10.4,2.0,1,5.1,0.0
2011-10-05,13.4,13.4,13.4,2.0,1,2.0999999999999996,0.0
2011-10-06,15.2,15.2,15.2,4.0,1,0.3000000000000007,0.0
2011-10-07,13.2,13.2,13.2,4.0,1,2.3000000000000007,0.0
2011-10-08,8.6,8.6,8.6,10.0,1,6.9,0.0
2011-10-09,7.6,7.6,7.6,6.0,1,7.9,0.0
2011-10-10,6.6,6.6,6.6,4.0,1,8.9,0.0
2011-10-11,8.6,8.6,8.6,4.0,1,6.9,0.0
2011-10-14,7.6,7.6,7.6,4.0,1,7.9,0.0
2011-10-15,3.2,3.2,3.2,2.0,1,12.3,0.0
2011-10-16,6.2,6.2,6.2,10.0,1,9.3,0.0
2011-10-17,1.4,1.4,1.4,2.0,1,14.1,0.0
2011-10-18,0.0,0.0,0.0,2.0,1,15.5,0.0
2011-10-19,1.6,1.6,1.6,2.0,1,13.9,0.0
2011-10-20,13.6,13.6,13.6,8.0,1,1.9000000000000004,0.0
2011-10-21,6.8,6.8,6.8,2.0,1,8.7,0.0
2011-10-22,2.4,2.4,2.4,2.0,1,13.1,0.0
2011-10-23,7.6,7.6,7.6,2.0,1,7.9,0.0
2011-10-24,9.2,9.2,9.2,4.0,1,6.300000000000001,0.0
2011-10-25,8.6,8.6,8.6,4.0,1,6.9,0.0
2011-10-26,10.6,10.6,10.6,10.0,1,4.9,0.0
2011-10-27,10.0,10.0,10.0,4.0,1,5.5,0.0
2011-10-28,7.4,7.4,7.4,4.0,1,8.1,0.0
2011-10-29,7.6,7.6,7.6,2.0,1,7.9,0.0
2011-10-30,7.8,7.8,7.8,2.0,1,7.7,0.0
2011-10-31,7.4,7.4,7.4,2.0,1,8.1,0.0
2011-11-01,4.8,4.8,4.8,2.0,1,10.7,0.0
2011-11-02,5.0,5.0,5.0,4.0,1,10.5,0.0
2011-11-03,4.2,4.2,4.2,2.0,1,11.3,0.0
2011-11-04,2.4,2.4,2.4,4.0,1,13.1,0.0
2011-11-05,9.8,9.8,9.8,4.0,1,5.699999999999999,0.0
2011-11-06,8.2,8.2,8.2,6.0,1,7.300000000000001,0.0
2011-11-07,6.4,6.4,6.4,6.0,1,9.1,0.0
2011-11-08,7.6,7.6,7.6,4.0,1,7.9,0.0
2011-11-09,4.8,4.8,4.8,2.0,1,10.7,0.0
2011-11-10,6.4,6.4,6.4,4.0,1,9.1,0.0
2011-11-11,0.6,0.6,0.6,4.0,1,14.9,0.0
2011-11-12,0.4,0.4,0.4,2.0,1,15.1,0.0
2011-11-13,-0.9,-0.9,-0.9,2.0,1,16.4,0.0
2011-11-14,-1.5,-1.5,-1.5,2.0,1,17.0,0.0
2011-11-15,0.6,0.6,0.6,2.0,1,14.9,0.0
2011-11-16,-1.1,-1.1,-1.1,2.0,1,16.6,0.0
2011-11-18,-2.3,-2.3,-2.3,2.0,1,17.8,0.0
2011-11-19,2.6,2.6,2.6,4.0,1,12.9,0.0
2011-11-20,2.0,2.0,2.0,2.0,1,13.5,0.0
2011-11-21,0.8,0.8,0.8,2.0,1,14.7,0.0
2011-11-22,-0.9,-0.9,-0.9,2.0,1,16.4,0.0
2011-11-23,-1.5,-1.5,-1.5,2.0,1,17.0,0.0
2011-11-24,-5.1,-5.1,-5.1,2.0,1,20.6,0.0
2011-11-25,-1.7,-1.7,-1.7,2.0,1,17.2,0.0
2011-11-26,-0.1,-0.1,-0.1,2.0,1,15.6,0.0
2011-11-27,2.6,2.6,2.6,2.0,1,12.9,0.0
2011-11-28,0.2,0.2,0.2,2.0,1,15.3,0.0
2011-11-29,0.0,0.0,0.0,4.0,1,15.5,0.0
2011-11-30,0.4,0.4,0.4,2.0,1,15.1,0.0
2011-12-01,0.6,0.6,0.6,2.0,1,14.9,0.0
2011-12-02,-1.5,-1.5,-1.5,4.0,1,17.0,0.0
2011-12-03,-1.5,-1.5,-1.5,0.0,1,17.0,0.0
2011-12-04,1.6,1.6,1.6,2.0,1,13.9,0.0
2011-12-05,7.0,7.0,7.0,4.0,1,8.5,0.0
2011-12-06,3.0,3.0,3.0,4.0,1,12.5,0.0
2011-12-08,4.8,4.8,4.8,8.0,1,10.7,0.0
2011-12-09,0.6,0.6,0.6,2.0,1,14.9,0.0
2011-12-10,3.4,3.4,3.4,4.0,1,12.1,0.0
2011-12-11,6.2,6.2,6.2,8.0,1,9.3,0.0
2011-12-12,4.4,4.4,4.4,4.0,1,11.1,0.0
2011-12-13,5.2,5.2,5.2,6.0,1,10.3,0.0
2011-12-14,1.8,1.8,1.8,2.0,1,13.7,0.0
2011-12-15,6.4,6.4,6.4,2.0,1,9.1,0.0
2011-12-16,5.0,5.0,5.0,4.0,1,10.5,0.0
2011-12-17,7.2,7.2,7.2,6.0,1,8.3,0.0
2011-12-18,2.8,2.8,2.8,6.0,1,12.7,0.0
2011-12-19,-1.1,-1.1,-1.1,2.0,1,16.6,0.0
2011-12-20,0.4,0.4,0.4,2.0,1,15.1,0.0
2011-12-21,-4.1,-4.1,-4.1,2.0,1,19.6,0.0
2011-12-22,1.4,1.4,1.4,6.0,1,14.1,0.0
2011-12-23,-1.3,-1.3,-1.3,2.0,1,16.8,0.0
2011-12-24,-0.9,-0.9,-0.9,4.0,1,16.4,0.0
2011-12-25,2.8,2.8,2.8,6.0,1,12.7,0.0
2011-12-26,-0.5,-0.5,-0.5,4.0,1,16.0,0.0
2011-12-27,2.8,2.8,2.8,2.0,1,12.7,0.0
2011-12-28,3.8,3.8,3.8,2.0,1,11.7,0.0
2011-12-29,2.4,2.4,2.4,2.0,1,13.1,0.0
2011-12-30,1.2,1.2,1.2,2.0,1,14.3,0.0
2011-12-31,0.2,0.2,0.2,2.0,1,15.3,0.0
2012-01-01,-2.7,-2.7,-2.7,2.0,1,18.2,0.0
2012-01-02,1.4,1.4,1.4,2.0,1,14.1,0.0
2012-01-03,0.6,0.6,0.6,2.0,1,14.9,0.0
2012-01-04,1.6,1.6,1.6,4.0,1,13.9,0.0
2012-01-05,4.0,4.0,4.0,6.0,1,11.5,0.0
2012-01-06,5.2,5.2,5.2,8.0,1,10.3,0.0
2012-01-07,2.6,2.6,2.6,17.0,1,12.9,0.0
2012-01-08,0.2,0.2,0.2,4.0,1,15.3,0.0
2012-01-09,3.0,3.0,3.0,4.0,1,12.5,0.0
2012-01-10,1.2,1.2,1.2,4.0,1,14.3,0.0
2012-01-11,4.4,4.4,4.4,10.0,1,11.1,0.0
2012-01-12,5.8,5.8,5.8,8.0,1,9.7,0.0
2012-01-13,2.0,2.0,2.0,4.0,1,13.5,0.0
2012-01-14,2.2,2.2,2.2,12.0,1,13.3,0.0
2012-01-15,-0.3,-0.3,-0.3,8.0,1,15.8,0.0
2012-01-16,-1.3,-1.3,-1.3,2.0,1,16.8,0.0
2012-01-17,-1.5,-1.5,-1.5,6.0,1,17.0,0.0
2012-01-18,-0.7,-0.7,-0.7,2.0,1,16.2,0.0
2012-01-19,-1.9,-1.9,-1.9,4.0,1,17.4,0.0
2012-01-20,2.8,2.8,2.8,4.0,1,12.7,0.0
2012-01-21,2.4,2.4,2.4,12.0,1,13.1,0.0
2012-01-22,1.8,1.8,1.8,6.0,1,13.7,0.0
2012-01-23,3.6,3.6,3.6,6.0,1,11.9,0.0
2012-01-24,3.8,3.8,3.8,4.0,1,11.7,0.0
2012-01-25,1.4,1.4,1.4,4.0,1,14.1,0.0
2012-01-26,-0.9,-0.9,-0.9,6.0,1,16.4,0.0
2012-01-27,-1.5,-1.5,-1.5,2.0,1,17.0,0.0
2012-01-29,-1.5,-1.5,-1.5,4.0,1,17.0,0.0
2012-01-30,-5.1,-5.1,-5.1,2.0,1,20.6,0.0
2012-01-31,-5.9,-5.9,-5.9,6.0,1,21.4,0.0
2012-02-01,-6.7,-6.7,-6.7,6.0,1,22.2,0.0
2012-02-02,-11.1,-11.1,-11.1,0.0,1,26.6,0.0
2012-02-03,-7.9,-7.9,-7.9,6.0,1,23.4,0.0
2012-02-04,-7.3,-7.3,-7.3,6.0,1,22.8,0.0
2012-02-05,-8.7,-8.7,-8.7,4.0,1,24.2,0.0
2012-02-06,-16.1,-16.1,-16.1,0.0,1,31.6,0.0
2012-02-07,-8.9,-8.9,-8.9,4.0,1,24.4,0.0
2012-02-08,-9.7,-9.7,-9.7,2.0,1,25.2,0.0
2012-02-09,-13.3,-13.3,-13.3,2.0,1,28.8,0.0
2012-02-10,-12.3,-12.3,-12.3,2.0,1,27.8,0.0
2012-02-11,-11.1,-11.1,-11.1,4.0,1,26.6,0.0
2012-02-12,-8.7,-8.7,-8.7,2.0,1,24.2,0.0
2012-02-13,-5.5,-5.5,-5.5,2.0,1,21.0,0.0
2012-02-14,-7.1,-7.1,-7.1,4.0,1,22.6,0.0
2012-02-15,-5.3,-5.3,-5.3,2.0,1,20.8,0.0
2012-02-16,1.8,1.8,1.8,19.0,1,13.7,0.0
2012-02-17,-0.9,-0.9,-0.9,8.0,1,16.4,0.0
2012-02-18,3.4,3.4,3.4,12.0,1,12.1,0.0
2012-02-19,-0.1,-0.1,-0.1,4.0,1,15.6,0.0
2012-02-20,1.4,1.4,1.4,4.0,1,14.1,0.0
2012-02-21,-0.9,-0.9,-0.9,4.0,1,16.4,0.0
2012-02-22,-1.9,-1.9,-1.9,4.0,1,17.4,0.0
2012-02-23,-1.3,-1.3,-1.3,4.0,1,16.8,0.0
2012-02-24,5.8,5.8,5.8,10.0,1,9.7,0.0
2012-02-25,9.4,9.4,9.4,10.0,1,6.1,0.0
2012-02-26,7.0,7.0,7.0,12.0,1,8.5,0.0
2012-02-27,1.2,1.2,1.2,8.0,1,14.3,0.0
2012-02-28,0.0,0.0,0.0,2.0,1,15.5,0.0
2012-02-29,5.0,5.0,5.0,8.0,1,10.5,0.0
2012-03-04,0.0,0.0,0.0,4.0,1,15.5,0.0
2012-03-05,0.6,0.6,0.6,4.0,1,14.9,0.0
2012-03-08,-2.1,-2.1,-2.1,4.0,1,17.6,0.0
2012-03-09,0.0,0.0,0.0,2.0,1,15.5,0.0
2012-03-10,1.8,1.8,1.8,2.0,1,13.7,0.0
2012-03-11,3.0,3.0,3.0,4.0,1,12.5,0.0
2012-03-12,5.2,5.2,5.2,10.0,1,10.3,0.0
2012-03-13,5.8,5.8,5.8,2.0,1,9.7,0.0
2012-03-14,7.4,7.4,7.4,6.0,1,8.1,0.0
2012-03-15,6.2,6.2,6.2,10.0,1,9.3,0.0
2012-03-16,3.0,3.0,3.0,4.0,1,12.5,0.0
2012-03-17,5.8,5.8,5.8,4.0,1,9.7,0.0
2012-03-18,9.6,9.6,9.6,2.0,1,5.9,0.0
2012-03-19,11.6,11.6,11.6,8.0,1,3.9000000000000004,0.0
2012-03-20,8.6,8.6,8.6,2.0,1,6.9,0.0
2012-03-21,6.6,6.6,6.6,2.0,1,8.9,0.0
2012-03-22,9.0,9.0,9.0,2.0,1,6.5,0.0
2012-03-23,9.6,9.6,9.6,2.0,1,5.9,0.0
2012-03-24,11.4,11.4,11.4,4.0,1,4.1,0.0
2012-03-26,12.6,12.6,12.6,8.0,1,2.9000000000000004,0.0
2012-03-27,5.0,5.0,5.0,2.0,1,10.5,0.0
2012-03-28,12.2,12.2,12.2,10.0,1,3.3000000000000007,0.0
2012-03-29,12.4,12.4,12.4,6.0,1,3.0999999999999996,0.0
2012-03-30,8.0,8.0,8.0,12.0,1,7.5,0.0
2012-03-31,9.0,9.0,9.0,10.0,1,6.5,0.0
2012-04-01,4.8,4.8,4.8,10.0,1,10.7,0.0
2012-04-02,1.2,1.2,1.2,4.0,1,14.3,0.0
2012-04-03,6.6,6.6,6.6,4.0,1,8.9,0.0
2012-04-04,10.6,10.6,10.6,2.0,1,4.9,0.0
2012-04-05,12.4,12.4,12.4,0.0,1,3.0999999999999996,0.0
2012-04-06,13.8,13.8,13.8,4.0,1,1.6999999999999993,0.0
2012-04-07,8.8,8.8,8.8,6.0,1,6.699999999999999,0.0
2012-04-08,7.2,7.2,7.2,10.0,1,8.3,0.0
2012-04-09,2.6,2.6,2.6,6.0,1,12.9,0.0
2012-04-10,0.0,0.0,0.0,2.0,1,15.5,0.0
2012-04-11,6.2,6.2,6.2,6.0,1,9.3,0.0
2012-04-12,11.8,11.8,11.8,4.0,1,3.6999999999999993,0.0
2012-04-13,5.0,5.0,5.0,2.0,1,10.5,0.0
2012-04-14,12.6,12.6,12.6,4.0,1,2.9000000000000004,0.0
2012-04-15,10.8,10.8,10.8,2.0,1,4.699999999999999,0.0
2012-04-16,8.6,8.6,8.6,4.0,1,6.9,0.0
2012-04-17,7.4,7.4,7.4,10.0,1,8.1,0.0
2012-04-18,8.2,8.2,8.2,2.0,1,7.300000000000001,0.0
2012-04-19,8.8,8.8,8.8,2.0,1,6.699999999999999,0.0
2012-04-20,8.2,8.2,8.2,2.0,1,7.300000000000001,0.0
2012-04-25,10.8,10.8,10.8,2.0,1,4.699999999999999,0.0
2012-04-26,9.4,9.4,9.4,4.0,1,6.1,0.0
2012-04-27,13.2,13.2,13.2,4.0,1,2.3000000000000007,0.0
2012-04-28,16.0,16.0,16.0,4.0,1,0.0,0.0
2012-04-29,17.2,17.2,17.2,4.0,1,0.0,0.0
2012-04-30,16.8,16.8,16.8,4.0,1,0.0,0.0
2012-05-01,19.2,19.2,19.2,6.0,1,0.0,1.1999999999999993
2012-05-02,17.6,17.6,17.6,4.0,1,0.0,0.0
2012-05-03,18.0,18.0,18.0,4.0,1,0.0,0.0
2012-05-04,16.0,16.0,16.0,2.0,1,0.0,0.0
2012-05-05,13.8,13.8,13.8,4.0,1,1.6999999999999993,0.0
2012-05-07,17.2,17.2,17.2,4.0,1,0.0,0.0
2012-05-08,12.4,12.4,12.4,6.0,1,3.0999999999999996,0.0
2012-05-09,11.6,11.6,11.6,6.0,1,3.9000000000000004,0.0
2012-05-10,12.6,12.6,12.6,2.0,1,2.9000000000000004,0.0
2012-05-12,16.0,16.0,16.0,0.0,1,0.0,0.0
2012-05-13,12.2,12.2,12.2,10.0,1,3.3000000000000007,0.0
2012-05-14,10.4,10.4,10.4,6.0,1,5.1,0.0
2012-05-15,10.2,10.2,10.2,6.0,1,5.300000000000001,0.0
2012-05-16,12.6,12.6,12.6,4.0,1,2.9000000000000004,0.0
2012-05-18,6.6,6.6,6.6,2.0,1,8.9,0.0
2012-05-19,10.4,10.4,10.4,4.0,1,5.1,0.0
2012-05-20,12.8,12.8,12.8,4.0,1,2.6999999999999993,0.0
2012-05-21,17.2,17.2,17.2,4.0,1,0.0,0.0
2012-05-22,20.2,20.2,20.2,4.0,1,0.0,2.1999999999999993
2012-05-23,15.0,15.0,15.0,2.0,1,0.5,0.0
2012-05-24,18.6,18.6,18.6,4.0,1,0.0,0.6000000000000014
2012-05-25,18.0,18.0,18.0,8.0,1,0.0,0.0
2012-05-26,13.8,13.8,13.8,4.0,1,1.6999999999999993,0.0
2012-05-27,15.0,15.0,15.0,2.0,1,0.5,0.0
2012-05-28,12.0,12.0,12.0,2.0,1,3.5,0.0
2012-05-29,11.4,11.4,11.4,0.0,1,4.1,0.0
2012-05-30,14.8,14.8,14.8,4.0,1,0.6999999999999993,0.0
2012-05-31,17.6,17.6,17.6,4.0,1,0.0,0.0
2012-06-01,15.0,15.0,15.0,4.0,1,0.5,0.0
2012-06-02,12.6,12.6,12.6,2.0,1,2.9000000000000004,0.0
2012-06-03,12.4,12.4,12.4,4.0,1,3.0999999999999996,0.0
2012-06-04,20.4,20.4,20.4,4.0,1,0.0,2.3999999999999986
2012-06-05,15.4,15.4,15.4,4.0,1,0.09999999999999964,0.0
2012-06-06,10.8,10.8,10.8,10.0,1,4.699999999999999,0.0
2012-06-07,15.4,15.4,15.4,2.0,1,0.09999999999999964,0.0
2012-06-08,18.4,18.4,18.4,4.0,1,0.0,0.3999999999999986
2012-06-09,21.0,21.0,21.0,8.0,1,0.0,3.0
2012-06-10,16.6,16.6,16.6,4.0,1,0.0,0.0
2012-06-11,18.8,18.8,18.8,2.0,1,0.0,0.8000000000000007
2012-06-12,16.8,16.8,16.8,2.0,1,0.0,0.0
2012-06-13,14.2,14.2,14.2,2.0,1,1.3000000000000007,0.0
2012-06-14,14.2,14.2,14.2,4.0,1,1.3000000000000007,0.0
2012-06-15,14.0,14.0,14.0,2.0,1,1.5,0.0
2012-06-16,16.6,16.6,16.6,2.0,1,0.0,0.0
2012-06-17,19.4,19.4,19.4,4.0,1,0.0,1.3999999999999986
2012-06-18,22.0,22.0,22.0,4.0,1,0.0,4.0
2012-06-19,21.8,21.8,21.8,0.0,1,0.0,3.8000000000000007
2012-06-20,24.2,24.2,24.2,4.0,1,0.0,6.199999999999999
2012-06-21,23.0,23.0,23.0,4.0,1,0.0,5.0
2012-06-22,25.2,25.2,25.2,2.0,1,0.0,7.199999999999999
2012-06-23,20.2,20.2,20.2,4.0,1,0.0,2.1999999999999993
2012-06-24,19.2,19.2,19.2,4.0,1,0.0,1.1999999999999993
2012-06-25,19.2,19.2,19.2,2.0,1,0.0,1.1999999999999993
2012-06-27,15.2,15.2,15.2,2.0,1,0.3000000000000007,0.0
2012-06-28,15.0,15.0,15.0,0.0,1,0.5,0.0
2012-06-29,18.4,18.4,18.4,2.0,1,0.0,0.3999999999999986
2012-06-30,23.2,23.2,23.2,6.0,1,0.0,5.199999999999999
2012-07-01,25.0,25.0,25.0,6.0,1,0.0,7.0
2012-07-02,25.8,25.8,25.8,4.0,1,0.0,7.800000000000001
2012-07-03,25.4,25.4,25.4,4.0,1,0.0,7.399999999999999
2012-07-05,24.2,24.2,24.2,0.0,1,0.0,6.199999999999999
2012-07-06,23.8,23.8,23.8,2.0,1,0.0,5.800000000000001
2012-07-08,25.2,25.2,25.2,2.0,1,0.0,7.199999999999999
2012-07-09,21.6,21.6,21.6,2.0,1,0.0,3.6000000000000014
2012-07-10,21.6,21.6,21.6,0.0,1,0.0,3.6000000000000014
2012-07-11,22.0,22.0,22.0,2.0,1,0.0,4.0
2012-07-13,20.6,20.6,20.6,6.0,1,0.0,2.6000000000000014
2012-07-14,15.0,15.0,15.0,2.0,1,0.5,0.0
2012-07-16,16.2,16.2,16.2,4.0,1,0.0,0.0
2012-07-19,16.2,16.2,16.2,2.0,1,0.0,0.0
2012-07-20,18.2,18.2,18.2,2.0,1,0.0,0.1999999999999993
2012-07-21,19.6,19.6,19.6,8.0,1,0.0,1.6000000000000014
2012-07-23,17.4,17.4,17.4,6.0,1,0.0,0.0
2012-07-24,19.6,19.6,19.6,4.0,1,0.0,1.6000000000000014
2012-07-25,19.6,19.6,19.6,2.0,1,0.0,1.6000000000000014
2012-07-26,19.2,19.2,19.2,2.0,1,0.0,1.1999999999999993
2012-07-27,18.8,18.8,18.8,2.0,1,0.0,0.8000000000000007
2012-07-28,22.0,22.0,22.0,4.0,1,0.0,4.0
2012-07-29,23.4,23.4,23.4,2.0,1,0.0,5.399999999999999
2012-07-30,18.8,18.8,18.8,0.0,1,0.0,0.8000000000000007
2012-07-31,19.6,19.6,19.6,2.0,1,0.0,1.6000000000000014
2012-08-01,20.2,20.2,20.2,2.0,1,0.0,2.1999999999999993
2012-08-02,21.2,21.2,21.2,2.0,1,0.0,3.1999999999999993
2012-08-03,23.2,23.2,23.2,2.0,1,0.0,5.199999999999999
2012-08-04,23.8,23.8,23.8,4.0,1,0.0,5.800000000000001
2012-08-05,23.0,23.0,23.0,4.0,1,0.0,5.0
2012-08-06,23.8,23.8,23.8,2.0,1,0.0,5.800000000000001
2012-08-07,26.4,26.4,26.4,14.0,1,0.0,8.399999999999999
2012-08-08,17.8,17.8,17.8,0.0,1,0.0,0.0
2012-08-09,20.0,20.0,20.0,4.0,1,0.0,2.0
2012-08-10,18.8,18.8,18.8,2.0,1,0.0,0.8000000000000007
2012-08-11,16.0,16.0,16.0,2.0,1,0.0,0.0
2012-08-12,14.8,14.8,14.8,4.0,1,0.6999999999999993,0.0
2012-08-13,14.2,14.2,14.2,2.0,1,1.3000000000000007,0.0
2012-08-14,14.0,14.0,14.0,0.0,1,1.5,0.0
2012-08-15,15.0,15.0,15.0,2.0,1,0.5,0.0
2012-08-16,16.6,16.6,16.6,4.0,1,0.0,0.0
2012-08-17,22.700000000000003,26.8,18.6,3.0,2,0.0,4.700000000000003
2012-08-18,19.8,19.8,19.8,4.0,1,0.0,1.8000000000000007
2012-08-19,19.4,19.4,19.4,4.0,1,0.0,1.3999999999999986
2012-08-20,18.4,18.4,18.4,0.0,1,0.0,0.3999999999999986
2012-08-21,20.4,20.4,20.4,0.0,1,0.0,2.3999999999999986
2012-08-22,28.6,34.2,23.0,4.0,2,0.0,10.600000000000001
2012-08-23,26.0,26.0,26.0,4.0,1,0.0,8.0
2012-08-24,27.6,34.0,21.2,4.0,2,0.0,9.600000000000001
2012-08-25,22.6,22.6,22.6,2.0,1,0.0,4.600000000000001
2012-08-26,22.6,22.6,22.6,2.0,1,0.0,4.600000000000001
2012-08-27,21.0,23.8,18.2,11.0,2,0.0,3.0
2012-08-28,17.0,17.0,17.0,2.0,1,0.0,0.0
2012-08-29,14.8,14.8,14.8,2.0,1,0.6999999999999993,0.0
2012-08-30,18.8,18.8,18.8,4.0,1,0.0,0.8000000000000007
2012-08-31,20.8,20.8,20.8,6.0,1,0.0,2.8000000000000007
2012-09-01,18.0,18.0,18.0,6.0,1,0.0,0.0
2012-09-02,18.6,18.6,18.6,4.0,1,0.0,0.6000000000000014
2012-09-03,20.4,20.4,20.4,2.0,1,0.0,2.3999999999999986
2012-09-04,25.6,28.6,22.6,3.0,2,0.0,7.600000000000001
2012-09-05,20.0,20.0,20.0,2.0,1,0.0,2.0
2012-09-06,23.7,25.0,22.4,5.0,2,0.0,5.699999999999999
2012-09-07,11.6,11.6,11.6,0.0,1,3.9000000000000004,0.0
2012-09-08,16.6,16.6,16.6,4.0,1,0.0,0.0
2012-09-09,22.5,27.8,17.2,3.0,2,0.0,4.5
2012-09-10,23.0,28.0,18.0,4.0,2,0.0,5.0
2012-09-12,17.2,17.2,17.2,4.0,1,0.0,0.0
2012-09-13,14.600000000000001,16.8,12.4,5.0,2,0.8999999999999986,0.0
2012-09-14,13.7,15.0,12.4,4.0,2,1.8000000000000007,0.0
2012-09-18,15.8,15.8,15.8,2.0,1,0.0,0.0
2012-09-22,8.0,8.0,8.0,2.0,1,7.5,0.0
2012-09-23,14.8,14.8,14.8,0.0,1,0.6999999999999993,0.0
2012-09-24,11.8,11.8,11.8,0.0,1,3.6999999999999993,0.0
2012-09-25,16.8,16.8,16.8,0.0,1,0.0,0.0
2012-09-26,14.8,14.8,14.8,4.0,1,0.6999999999999993,0.0
2012-09-27,18.2,18.2,18.2,6.0,1,0.0,0.1999999999999993
2012-09-30,19.4,19.4,19.4,2.0,1,0.0,1.3999999999999986
2012-10-01,19.5,22.2,16.8,4.0,2,0.0,1.5
2012-10-02,18.7,20.2,17.2,3.0,2,0.0,0.6999999999999993
2012-10-03,17.200000000000003,19.6,14.8,6.0,2,0.0,0.0
2012-10-04,10.2,10.2,10.2,0.0,1,5.300000000000001,0.0
2012-10-05,16.9,18.0,15.8,6.0,2,0.0,0.0
2012-10-06,10.0,10.0,10.0,4.0,1,5.5,0.0
2012-10-07,16.4,20.0,12.8,2.0,2,0.0,0.0
2012-10-08,9.0,9.0,9.0,12.0,1,6.5,0.0
2012-10-09,5.0,5.0,5.0,2.0,1,10.5,0.0
2012-10-10,12.8,12.8,12.8,6.0,1,2.6999999999999993,0.0
2012-10-11,8.8,8.8,8.8,2.0,1,6.699999999999999,0.0
2012-10-12,8.0,8.0,8.0,0.0,1,7.5,0.0
2012-10-13,10.2,10.2,10.2,2.0,1,5.300000000000001,0.0
2012-10-14,12.4,12.4,12.4,4.0,1,3.0999999999999996,0.0
2012-10-15,13.0,13.0,13.0,2.0,1,2.5,0.0
2012-10-16,15.0,15.0,15.0,6.0,1,0.5,0.0
2012-10-17,9.0,9.0,9.0,6.0,1,6.5,0.0
2012-10-18,10.8,10.8,10.8,4.0,1,4.699999999999999,0.0
2012-10-19,10.0,10.0,10.0,4.0,1,5.5,0.0
2012-10-20,11.2,11.2,11.2,4.0,1,4.300000000000001,0.0
2012-10-21,10.6,10.6,10.6,2.0,1,4.9,0.0
2012-10-22,10.2,10.2,10.2,2.0,1,5.300000000000001,0.0
2012-10-23,10.2,10.2,10.2,4.0,1,5.300000000000001,0.0
2012-10-24,7.8,7.8,7.8,2.0,1,7.7,0.0
2012-10-25,9.0,9.0,9.0,4.0,1,6.5,0.0
2012-10-26,7.8,7.8,7.8,4.0,1,7.7,0.0
2012-10-27,8.2,8.2,8.2,8.0,1,7.300000000000001,0.0
2012-10-28,4.2,4.2,4.2,10.0,1,11.3,0.0
2012-10-29,3.0,3.0,3.0,2.0,1,12.5,0.0
2012-10-30,1.0,1.0,1.0,6.0,1,14.5,0.0
2012-10-31,0.6,0.6,0.6,2.0,1,14.9,0.0
2012-11-01,3.4,3.4,3.4,8.0,1,12.1,0.0
2012-11-03,2.2,2.2,2.2,4.0,1,13.3,0.0
2012-11-05,14.8,14.8,14.8,6.0,1,0.6999999999999993,0.0
2012-11-06,7.2,7.2,7.2,4.0,1,8.3,0.0
2012-11-07,3.4,3.4,3.4,2.0,1,12.1,0.0
2012-11-08,6.8,6.8,6.8,2.0,1,8.7,0.0
2012-11-09,5.6,5.6,5.6,2.0,1,9.9,0.0
2012-11-10,3.6,3.6,3.6,4.0,1,11.9,0.0
2012-11-11,5.8,5.8,5.8,6.0,1,9.7,0.0
2012-11-12,7.4,7.4,7.4,4.0,1,8.1,0.0
2012-11-13,8.6,8.6,8.6,4.0,1,6.9,0.0
2012-11-14,5.8,5.8,5.8,0.0,1,9.7,0.0
2012-11-15,3.6,3.6,3.6,2.0,1,11.9,0.0
2012-11-16,6.0,6.0,6.0,2.0,1,9.5,0.0
2012-11-17,3.2,3.2,3.2,4.0,1,12.3,0.0
2012-11-18,4.8,4.8,4.8,4.0,1,10.7,0.0
2012-11-19,7.6,7.6,7.6,4.0,1,7.9,0.0
2012-11-20,5.2,5.2,5.2,4.0,1,10.3,0.0
2012-11-21,2.6,2.6,2.6,2.0,1,12.9,0.0
2012-11-23,6.8,6.8,6.8,2.0,1,8.7,0.0
2012-11-24,7.4,7.4,7.4,0.0,1,8.1,0.0
2012-11-25,4.4,4.4,4.4,2.0,1,11.1,0.0
2012-11-26,6.4,6.4,6.4,4.0,1,9.1,0.0
2012-11-27,8.4,8.4,8.4,4.0,1,7.1,0.0
2012-11-28,8.0,8.0,8.0,4.0,1,7.5,0.0
2012-11-29,9.6,9.6,9.6,6.0,1,5.9,0.0
2012-11-30,6.0,6.0,6.0,10.0,1,9.5,0.0
2012-12-01,4.6,4.6,4.6,6.0,1,10.9,0.0
2012-12-02,1.4,1.4,1.4,2.0,1,14.1,0.0
2012-12-03,1.0,1.0,1.0,8.0,1,14.5,0.0
2012-12-04,-0.1,-0.1,-0.1,4.0,1,15.6,0.0
2012-12-05,0.0,0.0,0.0,2.0,1,15.5,0.0
2012-12-06,-1.5,-1.5,-1.5,2.0,1,17.0,0.0
2012-12-07,-1.5,-1.5,-1.5,12.0,1,17.0,0.0
2012-12-08,-4.9,-4.9,-4.9,4.0,1,20.4,0.0
2012-12-09,-2.1,-2.1,-2.1,8.0,1,17.6,0.0
2012-12-10,-5.9,-5.9,-5.9,2.0,1,21.4,0.0
2012-12-11,-4.1,-4.1,-4.1,2.0,1,19.6,0.0
2012-12-12,-3.1,-3.1,-3.1,10.0,1,18.6,0.0
2012-12-14,-4.5,-4.5,-4.5,6.0,1,20.0,0.0
2012-12-15,-0.1,-0.1,-0.1,6.0,1,15.6,0.0
2012-12-16,1.4,1.4,1.4,2.0,1,14.1,0.0
2012-12-17,0.6,0.6,0.6,4.0,1,14.9,0.0
2012-12-18,1.8,1.8,1.8,2.0,1,13.7,0.0
2012-12-19,2.4,2.4,2.4,2.0,1,13.1,0.0
2012-12-20,1.6,1.6,1.6,2.0,1,13.9,0.0
2012-12-21,-3.1,-3.1,-3.1,2.0,1,18.6,0.0
2012-12-22,-3.7,-3.7,-3.7,2.0,1,19.2,0.0
2012-12-23,-1.9,-1.9,-1.9,4.0,1,17.4,0.0
2012-12-24,-0.9,-0.9,-0.9,2.0,1,16.4,0.0
2012-12-25,-0.3,-0.3,-0.3,4.0,1,15.8,0.0
2012-12-26,1.2,1.2,1.2,4.0,1,14.3,0.0
2012-12-27,3.6,3.6,3.6,4.0,1,11.9,0.0
2012-12-28,3.2,3.2,3.2,2.0,1,12.3,0.0
2012-12-29,-1.1,-1.1,-1.1,2.0,1,16.6,0.0
2012-12-30,-3.1,-3.1,-3.1,4.0,1,18.6,0.0
2012-12-31,-2.1,-2.1,-2.1,4.0,1,17.6,0.0
2013-01-01,-3.5,-3.5,-3.5,2.0,1,19.0,0.0
2013-01-02,-2.9,-2.9,-2.9,2.0,1,18.4,0.0
2013-01-03,1.2,1.2,1.2,6.0,1,14.3,0.0
2013-01-04,5.4,5.4,5.4,10.0,1,10.1,0.0
2013-01-05,5.8,5.8,5.8,4.0,1,9.7,0.0
2013-01-06,3.2,3.2,3.2,8.0,1,12.3,0.0
2013-01-09,-2.7,-2.7,-2.7,4.0,1,18.2,0.0
2013-01-10,-4.5,-4.5,-4.5,4.0,1,20.0,0.0
2013-01-11,-0.7,-0.7,-0.7,2.0,1,16.2,0.0
2013-01-12,-1.7,-1.7,-1.7,6.0,1,17.2,0.0
2013-01-13,-2.3,-2.3,-2.3,0.0,1,17.8,0.0
2013-01-14,-2.3,-2.3,-2.3,8.0,1,17.8,0.0
2013-01-15,1.0,1.0,1.0,4.0,1,14.5,0.0
2013-01-16,2.6,2.6,2.6,4.0,1,12.9,0.0
2013-01-17,1.2,1.2,1.2,4.0,1,14.3,0.0
2013-01-18,1.6,1.6,1.6,6.0,1,13.9,0.0
2013-01-19,-1.5,-1.5,-1.5,4.0,1,17.0,0.0
2013-01-21,1.4,1.4,1.4,2.0,1,14.1,0.0
2013-01-22,3.0,3.0,3.0,8.0,1,12.5,0.0
2013-01-23,-1.7,-1.7,-1.7,4.0,1,17.2,0.0
2013-01-25,-0.5,-0.5,-0.5,8.0,1,16.0,0.0
2013-01-26,-2.7,-2.7,-2.7,6.0,1,18.2,0.0
2013-01-27,-4.3,-4.3,-4.3,2.0,1,19.8,0.0
2013-01-28,-1.5,-1.5,-1.5,2.0,1,17.0,0.0
2013-01-29,-1.5,-1.5,-1.5,2.0,1,17.0,0.0
2013-01-30,1.6,1.6,1.6,2.0,1,13.9,0.0
2013-01-31,4.0,4.0,4.0,6.0,1,11.5,0.0
2013-02-01,6.8,6.8,6.8,6.0,1,8.7,0.0
2013-02-02,6.0,6.0,6.0,6.0,1,9.5,0.0
2013-02-03,4.4,4.4,4.4,6.0,1,11.1,0.0
2013-02-04,-0.3,-0.3,-0.3,2.0,1,15.8,0.0
2013-02-05,1.4,1.4,1.4,4.0,1,14.1,0.0
2013-02-06,2.2,2.2,2.2,4.0,1,13.3,0.0
2013-02-08,-1.3,-1.3,-1.3,8.0,1,16.8,0.0
2013-02-09,-3.7,-3.7,-3.7,0.0,1,19.2,0.0
2013-02-10,-1.9,-1.9,-1.9,4.0,1,17.4,0.0
2013-02-11,-3.9,-3.9,-3.9,2.0,1,19.4,0.0
2013-02-12,-4.1,-4.1,-4.1,10.0,1,19.6,0.0
2013-02-13,1.8,1.8,1.8,6.0,1,13.7,0.0
2013-02-14,3.6,3.6,3.6,4.0,1,11.9,0.0
2013-02-15,2.4,2.4,2.4,2.0,1,13.1,0.0
2013-02-16,3.0,3.0,3.0,4.0,1,12.5,0.0
2013-02-17,-1.5,-1.5,-1.5,2.0,1,17.0,0.0
2013-02-18,1.8,1.8,1.8,2.0,1,13.7,0.0
2013-02-19,-1.7,-1.7,-1.7,2.0,1,17.2,0.0
2013-02-23,0.6,0.6,0.6,4.0,1,14.9,0.0
2013-02-24,4.8,4.8,4.8,6.0,1,10.7,0.0
2013-02-25,6.6,6.6,6.6,6.0,1,8.9,0.0
2013-02-26,7.6,7.6,7.6,4.0,1,7.9,0.0
2013-02-27,7.2,7.2,7.2,2.0,1,8.3,0.0
2013-02-28,5.6,5.6,5.6,2.0,1,9.9,0.0
2013-03-01,2.0,2.0,2.0,2.0,1,13.5,0.0
2013-03-02,2.2,2.2,2.2,8.0,1,13.3,0.0
2013-03-03,-0.5,-0.5,-0.5,4.0,1,16.0,0.0
2013-03-04,1.6,1.6,1.6,4.0,1,13.9,0.0
2013-03-05,0.0,0.0,0.0,4.0,1,15.5,0.0
2013-03-06,2.8,2.8,2.8,4.0,1,12.7,0.0
2013-03-07,9.6,9.6,9.6,4.0,1,5.9,0.0
2013-03-08,9.2,9.2,9.2,4.0,1,6.300000000000001,0.0
2013-03-09,8.6,8.6,8.6,2.0,1,6.9,0.0
2013-03-10,9.2,9.2,9.2,0.0,1,6.300000000000001,0.0
2013-03-11,8.4,8.4,8.4,2.0,1,7.1,0.0
2013-03-12,5.8,5.8,5.8,4.0,1,9.7,0.0
2013-03-13,7.4,7.4,7.4,4.0,1,8.1,0.0
2013-03-14,7.4,7.4,7.4,2.0,1,8.1,0.0
2013-03-15,-2.9,-2.9,-2.9,14.0,1,18.4,0.0
2013-03-16,-1.7,-1.7,-1.7,8.0,1,17.2,0.0
2013-03-17,-5.1,-5.1,-5.1,4.0,1,20.6,0.0
2013-03-18,-1.5,-1.5,-1.5,8.0,1,17.0,0.0
2013-03-19,3.2,3.2,3.2,8.0,1,12.3,0.0
2013-03-20,2.8,2.8,2.8,4.0,1,12.7,0.0
2013-03-21,8.2,8.2,8.2,2.0,1,7.300000000000001,0.0
2013-03-23,-0.9,-0.9,-0.9,4.0,1,16.4,0.0
2013-03-24,-2.5,-2.5,-2.5,6.0,1,18.0,0.0
2013-03-25,-1.5,-1.5,-1.5,4.0,1,17.0,0.0
2013-03-26,-2.5,-2.5,-2.5,6.0,1,18.0,0.0
2013-03-28,-0.3,-0.3,-0.3,0.0,1,15.8,0.0
2013-03-29,1.0,1.0,1.0,8.0,1,14.5,0.0
2013-03-30,1.4,1.4,1.4,2.0,1,14.1,0.0
2013-03-31,6.4,6.4,6.4,2.0,1,9.1,0.0
2013-04-01,0.4,0.4,0.4,8.0,1,15.1,0.0
2013-04-02,1.4,1.4,1.4,2.0,1,14.1,0.0
2013-04-03,4.8,4.8,4.8,4.0,1,10.7,0.0
2013-04-04,3.0,3.0,3.0,4.0,1,12.5,0.0
2013-04-05,2.4,2.4,2.4,4.0,1,13.1,0.0
2013-04-06,5.6,5.6,5.6,4.0,1,9.9,0.0
2013-04-07,3.8,3.8,3.8,4.0,1,11.7,0.0
2013-04-08,3.8,3.8,3.8,2.0,1,11.7,0.0
2013-04-09,5.8,5.8,5.8,4.0,1,9.7,0.0
2013-04-12,11.8,11.8,11.8,8.0,1,3.6999999999999993,0.0
2013-04-13,7.8,7.8,7.8,2.0,1,7.7,0.0
2013-04-14,8.4,8.4,8.4,4.0,1,7.1,0.0
2013-04-15,8.2,8.2,8.2,2.0,1,7.300000000000001,0.0
2013-04-16,7.4,7.4,7.4,2.0,1,8.1,0.0
2013-04-17,8.8,8.8,8.8,2.0,1,6.699999999999999,0.0
2013-04-18,12.0,12.0,12.0,4.0,1,3.5,0.0
2013-04-19,12.0,12.0,12.0,2.0,1,3.5,0.0
2013-04-20,13.0,13.0,13.0,2.0,1,2.5,0.0
2013-04-21,13.6,13.6,13.6,4.0,1,1.9000000000000004,0.0
2013-04-22,12.8,12.8,12.8,6.0,1,2.6999999999999993,0.0
2013-04-24,12.6,12.6,12.6,4.0,1,2.9000000000000004,0.0
2013-04-25,11.6,11.6,11.6,2.0,1,3.9000000000000004,0.0
2013-04-26,13.6,13.6,13.6,0.0,1,1.9000000000000004,0.0
2013-04-27,18.8,18.8,18.8,6.0,1,0.0,0.8000000000000007
2013-04-28,17.0,17.0,17.0,4.0,1,0.0,0.0
2013-04-29,15.0,15.0,15.0,4.0,1,0.5,0.0
2013-04-30,16.6,16.6,16.6,2.0,1,0.0,0.0
2013-05-02,18.6,18.6,18.6,6.0,1,0.0,0.6000000000000014
2013-05-03,17.2,17.2,17.2,4.0,1,0.0,0.0
2013-05-04,14.0,14.0,14.0,8.0,1,1.5,0.0
2013-05-05,12.6,12.6,12.6,2.0,1,2.9000000000000004,0.0
2013-05-06,18.0,18.0,18.0,4.0,1,0.0,0.0
2013-05-07,15.4,15.4,15.4,4.0,1,0.09999999999999964,0.0
2013-05-08,16.8,16.8,16.8,4.0,1,0.0,0.0
2013-05-09,15.8,15.8,15.8,2.0,1,0.0,0.0
2013-05-10,13.6,13.6,13.6,2.0,1,1.9000000000000004,0.0
2013-05-11,17.6,17.6,17.6,4.0,1,0.0,0.0
2013-05-12,13.6,13.6,13.6,12.0,1,1.9000000000000004,0.0
2013-05-13,12.6,12.6,12.6,14.0,1,2.9000000000000004,0.0
2013-05-14,11.2,11.2,11.2,10.0,1,4.300000000000001,0.0
2013-05-15,10.4,10.4,10.4,0.0,1,5.1,0.0
2013-05-16,12.2,12.2,12.2,4.0,1,3.3000000000000007,0.0
2013-05-17,17.0,17.0,17.0,2.0,1,0.0,0.0
2013-05-18,13.8,13.8,13.8,4.0,1,1.6999999999999993,0.0
2013-05-19,12.2,12.2,12.2,4.0,1,3.3000000000000007,0.0
2013-05-20,15.2,15.2,15.2,2.0,1,0.3000000000000007,0.0
2013-05-21,13.0,13.0,13.0,4.0,1,2.5,0.0
2013-05-22,12.0,12.0,12.0,2.0,1,3.5,0.0
2013-05-23,11.8,11.8,11.8,2.0,1,3.6999999999999993,0.0
2013-05-26,11.6,11.6,11.6,0.0,1,3.9000000000000004,0.0
2013-05-27,10.2,10.2,10.2,8.0,1,5.300000000000001,0.0
2013-05-28,8.8,8.8,8.8,2.0,1,6.699999999999999,0.0
2013-05-29,11.0,11.0,11.0,4.0,1,4.5,0.0
2013-05-30,18.2,18.2,18.2,6.0,1,0.0,0.1999999999999993
2013-06-01,9.6,9.6,9.6,2.0,1,5.9,0.0
2013-06-02,12.0,12.0,12.0,2.0,1,3.5,0.0
2013-06-03,13.2,13.2,13.2,6.0,1,2.3000000000000007,0.0
2013-06-04,11.8,11.8,11.8,12.0,1,3.6999999999999993,0.0
2013-06-05,12.6,12.6,12.6,2.0,1,2.9000000000000004,0.0
2013-06-06,14.2,14.2,14.2,0.0,1,1.3000000000000007,0.0
2013-06-07,15.8,15.8,15.8,4.0,1,0.0,0.0
2013-06-08,18.0,18.0,18.0,4.0,1,0.0,0.0
2013-06-09,16.2,16.2,16.2,2.0,1,0.0,0.0
2013-06-10,18.8,18.8,18.8,4.0,1,0.0,0.8000000000000007
2013-06-11,15.0,15.0,15.0,4.0,1,0.5,0.0
2013-06-12,13.6,13.6,13.6,4.0,1,1.9000000000000004,0.0
2013-06-13,16.2,16.2,16.2,6.0,1,0.0,0.0
2013-06-14,17.0,17.0,17.0,2.0,1,0.0,0.0
2013-06-15,18.4,18.4,18.4,2.0,1,0.0,0.3999999999999986
2013-06-16,18.4,18.4,18.4,2.0,1,0.0,0.3999999999999986
2013-06-17,21.0,21.0,21.0,0.0,1,0.0,3.0
2013-06-18,22.0,22.0,22.0,2.0,1,0.0,4.0
2013-06-20,25.4,25.4,25.4,6.0,1,0.0,7.399999999999999
2013-06-21,24.6,24.6,24.6,4.0,1,0.0,6.600000000000001
2013-06-22,24.2,24.2,24.2,2.0,1,0.0,6.199999999999999
2013-06-23,21.8,21.8,21.8,4.0,1,0.0,3.8000000000000007
2013-06-24,19.6,19.6,19.6,2.0,1,0.0,1.6000000000000014
2013-06-25,14.6,14.6,14.6,6.0,1,0.9000000000000004,0.0
2013-06-26,13.2,13.2,13.2,10.0,1,2.3000000000000007,0.0
2013-06-27,12.6,12.6,12.6,10.0,1,2.9000000000000004,0.0
2013-06-28,13.6,13.6,13.6,2.0,1,1.9000000000000004,0.0
2013-06-29,14.0,14.0,14.0,0.0,1,1.5,0.0
2013-06-30,14.0,14.0,14.0,2.0,1,1.5,0.0
2013-07-01,14.8,14.8,14.8,6.0,1,0.6999999999999993,0.0
2013-07-02,13.0,13.0,13.0,0.0,1,2.5,0.0
2013-07-03,15.8,15.8,15.8,2.0,1,0.0,0.0
2013-07-04,18.6,18.6,18.6,2.0,1,0.0,0.6000000000000014
2013-07-05,22.0,22.0,22.0,2.0,1,0.0,4.0
2013-07-06,21.0,21.0,21.0,4.0,1,0.0,3.0
2013-07-07,21.0,21.0,21.0,6.0,1,0.0,3.0
2013-07-08,21.0,21.0,21.0,2.0,1,0.0,3.0
2013-07-09,20.4,20.4,20.4,4.0,1,0.0,2.3999999999999986
2013-07-10,20.4,20.4,20.4,2.0,1,0.0,2.3999999999999986
2013-07-11,18.8,18.8,18.8,0.0,1,0.0,0.8000000000000007
2013-07-12,17.2,17.2,17.2,6.0,1,0.0,0.0
2013-07-13,17.6,17.6,17.6,4.0,1,0.0,0.0
2013-07-14,16.6,16.6,16.6,2.0,1,0.0,0.0
2013-07-15,19.8,19.8,19.8,2.0,1,0.0,1.8000000000000007
2013-07-16,17.4,17.4,17.4,4.0,1,0.0,0.0
2013-07-17,17.0,17.0,17.0,0.0,1,0.0,0.0
2013-07-18,18.4,18.4,18.4,2.0,1,0.0,0.3999999999999986
2013-07-19,20.6,20.6,20.6,4.0,1,0.0,2.6000000000000014
2013-07-20,21.0,21.0,21.0,4.0,1,0.0,3.0
2013-07-21,19.2,19.2,19.2,4.0,1,0.0,1.1999999999999993
2013-07-22,17.6,17.6,17.6,2.0,1,0.0,0.0
2013-07-23,19.8,19.8,19.8,2.0,1,0.0,1.8000000000000007
2013-07-24,21.2,21.2,21.2,4.0,1,0.0,3.1999999999999993
2013-07-25,23.1,26.0,20.2,3.0,2,0.0,5.100000000000001
2013-07-26,24.799999999999997,30.4,19.2,4.0,2,0.0,6.799999999999997
2013-07-27,26.799999999999997,32.4,21.2,3.0,2,0.0,8.799999999999997
2013-07-28,35.4,35.4,35.4,8.0,1,0.0,17.4
2013-07-29,29.8,36.0,23.6,4.0,2,0.0,11.8
2013-07-30,25.2,27.0,23.4,8.0,2,0.0,7.199999999999999
2013-07-31,23.6,28.0,19.2,4.0,2,0.0,5.600000000000001
2013-08-01,26.2,29.4,23.0,7.0,2,0.0,8.2
2013-08-02,19.8,19.8,19.8,2.0,1,0.0,1.8000000000000007
2013-08-03,20.8,20.8,20.8,0.0,1,0.0,2.8000000000000007
2013-08-04,24.2,24.2,24.2,0.0,1,0.0,6.199999999999999
2013-08-05,32.6,32.6,32.6,6.0,1,0.0,14.600000000000001
2013-08-06,34.4,34.4,34.4,6.0,1,0.0,16.4
2013-08-08,37.4,37.4,37.4,6.0,1,0.0,19.4
2013-08-09,36.8,36.8,36.8,4.0,1,0.0,18.799999999999997
2013-08-10,22.4,22.4,22.4,14.0,1,0.0,4.399999999999999
2013-08-11,23.7,28.0,19.4,5.0,2,0.0,5.699999999999999
2013-08-12,23.6,28.8,18.4,1.0,2,0.0,5.600000000000001
2013-08-13,24.6,29.8,19.4,5.0,2,0.0,6.600000000000001
2013-08-14,21.700000000000003,23.6,19.8,6.0,2,0.0,3.700000000000003
2013-08-15,19.4,22.8,16.0,3.0,2,0.0,1.3999999999999986
2013-08-16,21.0,26.6,15.4,2.0,2,0.0,3.0
2013-08-17,22.799999999999997,28.2,17.4,2.0,2,0.0,4.799999999999997
2013-08-18,23.9,31.4,16.4,3.0,2,0.0,5.899999999999999
2013-08-19,26.0,32.6,19.4,3.0,2,0.0,8.0
2013-08-20,24.6,25.2,24.0,7.0,2,0.0,6.600000000000001
2013-08-21,20.8,24.0,17.6,5.0,2,0.0,2.8000000000000007
2013-08-22,21.299999999999997,25.2,17.4,4.0,2,0.0,3.299999999999997
2013-08-23,21.9,25.8,18.0,3.0,2,0.0,3.8999999999999986
2013-08-24,22.3,24.8,19.8,5.0,2,0.0,4.300000000000001
2013-08-25,22.8,25.8,19.8,5.0,2,0.0,4.800000000000001
2013-08-26,17.9,18.4,17.4,3.0,2,0.0,0.0
2013-08-27,18.9,21.6,16.2,3.0,2,0.0,0.8999999999999986
2013-08-28,19.0,20.2,17.8,4.0,2,0.0,1.0
2013-08-29,21.0,24.4,17.6,5.0,2,0.0,3.0
2013-08-30,15.6,15.6,15.6,4.0,1,0.0,0.0
2013-08-31,19.7,25.2,14.2,4.0,2,0.0,1.6999999999999993
2013-09-01,18.6,22.2,15.0,6.0,2,0.0,0.6000000000000014
2013-09-02,16.6,19.4,13.8,6.0,2,0.0,0.0
2013-09-03,19.4,21.4,17.4,11.0,2,0.0,1.3999999999999986
2013-09-04,18.200000000000003,22.6,13.8,2.0,2,0.0,0.20000000000000284
2013-09-05,12.6,23.8,1.4,2.0,2,2.9000000000000004,0.0
2013-09-06,19.0,22.8,15.2,3.0,2,0.0,1.0
2013-09-07,19.5,24.0,15.0,4.0,2,0.0,1.5
2013-09-08,19.299999999999997,25.4,13.2,5.0,2,0.0,1.2999999999999972
2013-09-09,15.1,15.6,14.6,4.0,2,0.40000000000000036,0.0
2013-09-10,15.5,18.0,13.0,3.0,2,0.0,0.0
2013-09-11,14.9,15.0,14.8,4.0,2,0.5999999999999996,0.0
2013-09-12,14.7,18.8,10.6,2.0,2,0.8000000000000007,0.0
2013-09-13,14.9,16.8,13.0,5.0,2,0.5999999999999996,0.0
2013-09-14,13.4,13.4,13.4,8.0,1,2.0999999999999996,0.0
2013-09-15,16.0,20.8,11.2,4.0,2,0.0,0.0
2013-09-16,18.5,22.6,14.4,2.0,2,0.0,0.5
2013-09-17,15.3,16.8,13.8,8.0,2,0.1999999999999993,0.0
2013-09-18,11.899999999999999,14.6,9.2,7.0,2,3.6000000000000014,0.0
2013-09-19,13.3,14.6,12.0,7.0,2,2.1999999999999993,0.0
2013-09-20,10.4,10.4,10.4,4.0,1,5.1,0.0
2013-09-21,15.1,18.0,12.2,9.0,2,0.40000000000000036,0.0
2013-09-22,14.100000000000001,17.6,10.6,3.0,2,1.3999999999999986,0.0
2013-09-23,14.7,17.8,11.6,9.0,2,0.8000000000000007,0.0
2013-09-24,17.5,18.8,16.2,11.0,2,0.0,0.0
2013-09-25,14.8,18.2,11.4,3.0,2,0.6999999999999993,0.0
2013-09-26,17.4,21.8,13.0,6.0,2,0.0,0.0
2013-09-27,12.5,14.0,11.0,3.0,2,3.0,0.0
2013-09-28,11.399999999999999,15.2,7.6,2.0,2,4.100000000000001,0.0
2013-09-29,12.5,15.6,9.4,5.0,2,3.0,0.0
2013-09-30,13.2,14.8,11.6,9.0,2,2.3000000000000007,0.0
2013-10-01,13.4,15.8,11.0,6.0,2,2.0999999999999996,0.0
2013-10-02,11.5,12.6,10.4,8.0,2,4.0,0.0
2013-10-03,7.5,11.2,3.8,6.0,2,8.0,0.0
2013-10-04,6.4,10.4,2.4,3.0,2,9.1,0.0
2013-10-05,7.3999999999999995,13.2,1.6,6.0,2,8.100000000000001,0.0
2013-10-06,10.7,16.4,5.0,4.0,2,4.800000000000001,0.0
2013-10-07,15.1,19.2,11.0,2.0,2,0.40000000000000036,0.0
2013-10-08,14.700000000000001,19.6,9.8,3.0,2,0.7999999999999989,0.0
2013-10-09,12.1,15.6,8.6,4.0,2,3.4000000000000004,0.0
2013-10-10,12.1,13.0,11.2,2.0,2,3.4000000000000004,0.0
2013-10-11,15.9,19.6,12.2,9.0,2,0.0,0.0
2013-10-12,18.5,22.2,14.8,6.0,2,0.0,0.5
2013-10-13,17.4,18.6,16.2,4.0,2,0.0,0.0
2013-10-14,14.600000000000001,19.6,9.6,4.0,2,0.8999999999999986,0.0
2013-10-15,15.1,17.0,13.2,5.0,2,0.40000000000000036,0.0
2013-10-16,8.2,8.2,8.2,2.0,1,7.300000000000001,0.0
2013-10-17,13.4,16.0,10.8,9.0,2,2.0999999999999996,0.0
2013-10-18,11.9,15.4,8.4,6.0,2,3.5999999999999996,0.0
2013-10-19,9.9,12.4,7.4,4.0,2,5.6,0.0
2013-10-20,13.8,18.2,9.4,4.0,2,1.6999999999999993,0.0
2013-10-21,16.4,19.8,13.0,3.0,2,0.0,0.0
2013-10-22,14.799999999999999,18.4,11.2,5.0,2,0.7000000000000011,0.0
2013-10-23,20.0,23.4,16.6,7.0,2,0.0,2.0
2013-10-24,18.700000000000003,21.6,15.8,4.0,2,0.0,0.7000000000000028
2013-10-25,18.8,22.6,15.0,2.0,2,0.0,0.8000000000000007
2013-10-26,20.6,20.6,20.6,6.0,1,0.0,2.6000000000000014
2013-10-27,16.2,21.0,11.4,3.0,2,0.0,0.0
2013-10-28,18.1,20.6,15.6,5.0,2,0.0,0.10000000000000142
2013-10-29,18.1,20.4,15.8,3.0,2,0.0,0.10000000000000142
2013-10-30,14.299999999999999,16.4,12.2,5.0,2,1.200000000000001,0.0
2013-10-31,16.0,16.0,16.0,2.0,1,0.0,0.0
2013-11-01,11.5,14.2,8.8,2.0,2,4.0,0.0
2013-11-02,14.2,16.4,12.0,4.0,2,1.3000000000000007,0.0
2013-11-03,14.9,18.6,11.2,6.0,2,0.5999999999999996,0.0
2013-11-04,10.0,10.0,10.0,6.0,1,5.5,0.0
2013-11-05,11.2,11.4,11.0,5.0,2,4.300000000000001,0.0
2013-11-06,9.3,11.6,7.0,5.0,2,6.199999999999999,0.0
2013-11-07,10.8,13.0,8.6,6.0,2,4.699999999999999,0.0
2013-11-08,11.100000000000001,13.8,8.4,4.0,2,4.399999999999999,0.0
2013-11-09,13.7,15.2,12.2,5.0,2,1.8000000000000007,0.0
2013-11-10,11.3,13.0,9.6,5.0,2,4.199999999999999,0.0
2013-11-11,10.6,10.6,10.6,6.0,1,4.9,0.0
2013-11-12,11.5,13.8,9.2,5.0,2,4.0,0.0
2013-11-13,9.8,10.0,9.6,4.0,2,5.699999999999999,0.0
2013-11-14,7.6,8.0,7.2,3.0,2,7.9,0.0
2013-11-15,8.600000000000001,9.8,7.4,5.0,2,6.899999999999999,0.0
2013-11-16,10.1,12.0,8.2,2.0,2,5.4,0.0
2013-11-17,4.199999999999999,5.6,2.8,2.0,2,11.3,0.0
2013-11-18,5.800000000000001,6.4,5.2,4.0,2,9.7,0.0
2013-11-19,5.800000000000001,6.4,5.2,6.0,2,9.7,0.0
2013-11-20,6.8,6.8,6.8,4.0,1,8.7,0.0
2013-11-21,7.2,7.2,7.2,6.0,1,8.3,0.0
2013-11-22,8.6,8.6,8.6,4.0,2,6.9,0.0
2013-11-23,10.2,11.0,9.4,7.0,2,5.300000000000001,0.0
2013-11-24,8.3,8.4,8.2,3.0,2,7.199999999999999,0.0
2013-11-25,3.6,5.0,2.2,11.0,2,11.9,0.0
2013-11-26,2.6,3.2,2.0,7.0,2,12.9,0.0
2013-11-27,2.4,4.6,0.2,3.0,2,13.1,0.0
2013-11-28,-0.050000000000000044,3.0,-3.1,5.0,2,15.55,0.0
2013-11-29,4.4,6.4,2.4,10.0,2,11.1,0.0
2013-11-30,2.1,3.0,1.2,3.0,2,13.4,0.0
2013-12-01,-1.5,-1.5,-1.5,2.0,1,17.0,0.0
2013-12-02,6.0,8.8,3.2,4.0,2,9.5,0.0
2013-12-03,2.5,4.6,0.4,5.0,2,13.0,0.0
2013-12-04,-3.2,-3.1,-3.3,3.0,2,18.7,0.0
2013-12-05,3.3,5.8,0.8,10.0,2,12.2,0.0
2013-12-06,2.65,5.8,-0.5,9.5,2,12.85,0.0
2013-12-07,3.6,4.0,3.2,15.0,2,11.9,0.0
2013-12-09,5.0,7.6,2.4,7.0,2,10.5,0.0
2013-12-10,5.1,7.2,3.0,7.0,2,10.4,0.0
2013-12-11,-1.35,1.2,-3.9,1.0,2,16.85,0.0
2013-12-12,0.8500000000000001,2.2,-0.5,4.0,2,14.65,0.0
2013-12-13,0.8,0.8,0.8,3.0,2,14.7,0.0
2013-12-14,-0.5,-0.5,-0.5,3.0,2,16.0,0.0
2013-12-15,1.25,3.0,-0.5,4.0,2,14.25,0.0
2013-12-16,0.5,0.6,0.4,2.0,2,15.0,0.0
2013-12-17,0.2,0.4,0.0,3.0,2,15.3,0.0
2013-12-18,-1.1,-0.5,-1.7,4.0,2,16.6,0.0
2013-12-19,-2.1,-1.5,-2.7,3.0,2,17.6,0.0
2013-12-20,-1.5,-1.5,-1.5,3.0,2,17.0,0.0
2013-12-21,2.65,5.6,-0.3,3.0,2,12.85,0.0
2013-12-22,-0.15,0.2,-0.5,5.0,2,15.65,0.0
2013-12-23,2.7,4.4,1.0,3.0,2,12.8,0.0
2013-12-24,3.6,5.0,2.2,5.0,2,11.9,0.0
2013-12-25,5.3,9.0,1.6,7.0,2,10.2,0.0
2013-12-26,5.9,6.6,5.2,5.0,2,9.6,0.0
2013-12-27,9.0,10.4,7.6,4.0,2,6.5,0.0
2013-12-28,3.4,3.4,3.4,4.0,1,12.1,0.0
2013-12-29,3.4,4.0,2.8,3.0,2,12.1,0.0
2013-12-30,7.2,7.4,7.0,3.0,2,8.3,0.0
2013-12-31,3.9000000000000004,5.2,2.6,2.0,2,11.6,0.0
2014-01-01,2.8,3.6,2.0,5.0,2,12.7,0.0
2014-01-02,4.4,5.4,3.4,5.0,2,11.1,0.0
2014-01-03,1.7000000000000002,1.8,1.6,2.0,2,13.8,0.0
2014-01-04,5.1,6.6,3.6,3.0,2,10.4,0.0
2014-01-05,8.4,10.0,6.8,3.0,2,7.1,0.0
2014-01-06,9.399999999999999,11.2,7.6,4.0,2,6.100000000000001,0.0
2014-01-07,4.4,6.0,2.8,3.0,2,11.1,0.0
2014-01-08,5.3,5.8,4.8,3.0,2,10.2,0.0
2014-01-09,3.8,4.2,3.4,3.0,2,11.7,0.0
2014-01-10,3.2,3.2,3.2,4.0,1,12.3,0.0
2014-01-11,4.3,6.6,2.0,3.0,2,11.2,0.0
2014-01-12,5.8,7.0,4.6,8.0,2,9.7,0.0
2014-01-13,2.75,6.2,-0.7,5.0,2,12.75,0.0
2014-01-14,5.3,6.6,4.0,4.0,2,10.2,0.0
2014-01-15,4.4,5.6,3.2,6.0,2,11.1,0.0
2014-01-16,2.8,4.0,1.6,4.0,2,12.7,0.0
2014-01-17,5.5,8.6,2.4,4.0,2,10.0,0.0
2014-01-18,8.8,10.4,7.2,3.0,2,6.699999999999999,0.0
2014-01-19,7.4,7.6,7.2,3.0,2,8.1,0.0
2014-01-20,8.9,9.8,8.0,5.0,2,6.6,0.0
2014-01-21,7.699999999999999,8.2,7.2,4.0,2,7.800000000000001,0.0
2014-01-22,3.6,4.0,3.2,5.0,2,11.9,0.0
2014-01-23,1.7000000000000002,1.8,1.6,4.0,2,13.8,0.0
2014-01-24,-0.6,-0.3,-0.9,6.0,2,16.1,0.0
2014-01-25,-0.9,-0.5,-1.3,5.0,2,16.4,0.0
2014-01-26,-4.5,-3.5,-5.5,3.0,2,20.0,0.0
2014-01-27,-6.3999999999999995,-4.1,-8.7,2.0,2,21.9,0.0
2014-01-28,-2.3,-0.7,-3.9,2.0,2,17.8,0.0
2014-01-29,-2.1,-1.1,-3.1,4.0,2,17.6,0.0
2014-01-30,-1.8,-0.5,-3.1,6.0,2,17.3,0.0
2014-01-31,0.1,0.2,0.0,9.0,2,15.4,0.0
2014-02-01,-2.0,-0.9,-3.1,8.0,2,17.5,0.0
2014-02-02,0.44999999999999996,1.4,-0.5,5.0,2,15.05,0.0
2014-02-03,1.9499999999999997,5.6,-1.7,4.0,2,13.55,0.0
2014-02-04,0.25,3.2,-2.7,6.0,2,15.25,0.0
2014-02-05,-0.44999999999999996,2.4,-3.3,6.0,2,15.95,0.0
2014-02-06,1.3,2.2,0.4,4.0,2,14.2,0.0
2014-02-07,1.7999999999999998,2.4,1.2,4.0,2,13.7,0.0
2014-02-08,4.7,7.0,2.4,2.0,2,10.8,0.0
2014-02-09,7.3,8.6,6.0,5.0,2,8.2,0.0
2014-02-10,5.7,8.0,3.4,8.0,2,9.8,0.0
2014-02-11,6.0,6.6,5.4,4.0,2,9.5,0.0
2014-02-12,6.699999999999999,8.2,5.2,5.0,2,8.8,0.0
2014-02-13,6.6,9.2,4.0,6.0,2,8.9,0.0
2014-02-14,6.6,8.2,5.0,11.0,2,8.9,0.0
2014-02-15,5.5,9.6,1.4,5.0,2,10.0,0.0
2014-02-16,8.9,10.8,7.0,5.0,2,6.6,0.0
2014-02-17,6.8,6.8,6.8,3.0,2,8.7,0.0
2014-02-18,4.6,5.2,4.0,2.0,2,10.9,0.0
2014-02-19,7.6,7.6,7.6,2.0,2,7.9,0.0
2014-02-20,8.399999999999999,10.2,6.6,6.0,2,7.100000000000001,0.0
2014-02-21,4.9,6.0,3.8,4.0,2,10.6,0.0
2014-02-22,7.1000000000000005,8.8,5.4,3.0,2,8.399999999999999,0.0
2014-02-23,9.1,11.2,7.0,4.0,2,6.4,0.0
2014-02-24,8.0,10.0,6.0,4.0,2,7.5,0.0
2014-02-25,7.199999999999999,7.6,6.8,3.0,2,8.3,0.0
2014-02-26,7.3,11.0,3.6,5.0,2,8.2,0.0
2014-02-27,8.0,9.8,6.2,2.0,2,7.5,0.0
2014-02-28,7.4,8.4,6.4,4.0,2,8.1,0.0
2014-03-01,6.800000000000001,10.4,3.2,5.0,2,8.7,0.0
2014-03-02,8.0,10.6,5.4,7.0,2,7.5,0.0
2014-03-04,9.8,9.8,9.8,6.0,1,5.699999999999999,0.0
2014-03-05,8.9,12.4,5.4,4.0,2,6.6,0.0
2014-03-06,9.7,12.2,7.2,5.0,2,5.800000000000001,0.0
2014-03-07,7.2,7.2,7.2,2.0,1,8.3,0.0
2014-03-08,6.6,6.6,6.6,4.0,1,8.9,0.0
2014-03-09,9.1,12.6,5.6,6.0,2,6.4,0.0
2014-03-10,8.6,11.4,5.8,7.0,2,6.9,0.0
2014-03-11,9.4,15.0,3.8,3.0,2,6.1,0.0
2014-03-12,10.1,15.6,4.6,3.0,2,5.4,0.0
2014-03-13,10.4,14.8,6.0,3.0,2,5.1,0.0
2014-03-14,11.2,17.0,5.4,5.0,2,4.300000000000001,0.0
2014-03-15,11.5,17.0,6.0,5.0,2,4.0,0.0
2014-03-16,8.7,10.8,6.6,12.0,2,6.800000000000001,0.0
2014-03-17,13.899999999999999,14.2,13.6,19.0,2,1.6000000000000014,0.0
2014-03-18,13.1,16.2,10.0,5.0,2,2.4000000000000004,0.0
2014-03-20,14.600000000000001,17.8,11.4,8.0,2,0.8999999999999986,0.0
2014-03-21,13.4,19.6,7.2,7.0,2,2.0999999999999996,0.0
2014-03-22,14.100000000000001,18.8,9.4,7.0,2,1.3999999999999986,0.0
2014-03-23,16.1,19.8,12.4,7.0,2,0.0,0.0
2014-03-24,9.5,10.8,8.2,3.0,2,6.0,0.0
2014-03-25,8.0,10.6,5.4,9.0,2,7.5,0.0
2014-03-26,3.2,3.2,3.2,4.0,1,12.3,0.0
2014-03-27,11.0,15.2,6.8,6.0,2,4.5,0.0
2014-03-28,13.5,18.4,8.6,5.0,2,2.0,0.0
2014-03-29,15.5,19.2,11.8,6.0,2,0.0,0.0
2014-03-30,14.0,19.0,9.0,3.0,2,1.5,0.0
2014-03-31,13.700000000000001,19.6,7.8,5.0,2,1.799999999999999,0.0
2014-04-01,15.600000000000001,18.8,12.4,5.0,2,0.0,0.0
2014-04-02,12.799999999999999,16.4,9.2,4.0,2,2.700000000000001,0.0
2014-04-03,15.9,21.0,10.8,6.0,2,0.0,0.0
2014-04-04,14.5,17.4,11.6,5.0,2,1.0,0.0
2014-04-05,17.4,17.4,17.4,8.0,1,0.0,0.0
2014-04-06,12.8,13.0,12.6,4.0,2,2.6999999999999993,0.0
2014-04-07,14.2,17.2,11.2,4.0,2,1.3000000000000007,0.0
2014-04-08,15.399999999999999,21.2,9.6,6.0,2,0.10000000000000142,0.0
2014-04-09,13.5,13.8,13.2,16.5,2,2.0,0.0
2014-04-10,8.6,10.2,7.0,6.0,2,6.9,0.0
2014-04-11,10.5,14.6,6.4,4.0,2,5.0,0.0
2014-04-12,10.8,15.8,5.8,2.0,2,4.699999999999999,0.0
2014-04-13,11.5,16.6,6.4,3.0,2,4.0,0.0
2014-04-14,12.8,16.0,9.6,8.0,2,2.6999999999999993,0.0
2014-04-15,9.0,11.0,7.0,12.0,2,6.5,0.0
2014-04-16,9.8,13.6,6.0,8.0,2,5.699999999999999,0.0
2014-04-17,10.5,12.8,8.2,10.0,2,5.0,0.0
2014-04-18,15.200000000000001,19.6,10.8,6.0,2,0.29999999999999893,0.0
2014-04-19,15.7,17.8,13.6,6.0,2,0.0,0.0
2014-04-20,13.3,16.0,10.6,5.0,2,2.1999999999999993,0.0
2014-04-21,14.3,19.2,9.4,5.0,2,1.1999999999999993,0.0
2014-04-22,14.399999999999999,15.6,13.2,3.0,2,1.1000000000000014,0.0
2014-04-23,15.5,20.2,10.8,2.0,2,0.0,0.0
2014-04-24,18.1,21.8,14.4,4.0,2,0.0,0.10000000000000142
2014-04-25,15.100000000000001,15.8,14.4,4.0,2,0.3999999999999986,0.0
2014-04-26,14.899999999999999,16.4,13.4,2.0,2,0.6000000000000014,0.0
2014-04-27,13.2,13.2,13.2,2.0,1,2.3000000000000007,0.0
2014-04-28,17.0,22.0,12.0,2.0,2,0.0,0.0
2014-04-29,17.5,20.6,14.4,5.0,2,0.0,0.0
2014-04-30,16.9,22.4,11.4,4.0,2,0.0,0.0
2014-05-01,16.2,20.8,11.6,5.0,2,0.0,0.0
2014-05-02,17.5,23.2,11.8,3.0,2,0.0,0.0
2014-05-03,15.6,18.0,13.2,4.0,2,0.0,0.0
2014-05-04,11.5,12.2,10.8,7.0,2,4.0,0.0
2014-05-05,11.0,13.8,8.2,6.0,2,4.5,0.0
2014-05-06,12.3,17.6,7.0,5.0,2,3.1999999999999993,0.0
2014-05-07,15.799999999999999,21.4,10.2,6.0,2,0.0,0.0
2014-05-08,16.6,19.6,13.6,5.0,2,0.0,0.0
2014-05-09,15.799999999999999,21.4,10.2,2.0,2,0.0,0.0
2014-05-10,16.5,20.6,12.4,9.0,2,0.0,0.0
2014-05-11,15.0,17.8,12.2,3.0,2,0.5,0.0
2014-05-12,12.7,15.6,9.8,10.0,2,2.8000000000000007,0.0
2014-05-13,11.3,13.0,9.6,3.0,2,4.199999999999999,0.0
2014-05-14,12.4,14.8,10.0,9.0,2,3.0999999999999996,0.0
2014-05-15,11.5,12.0,11.0,11.0,2,4.0,0.0
2014-05-16,14.4,16.0,12.8,10.0,2,1.0999999999999996,0.0
2014-05-17,14.2,17.2,11.2,6.0,2,1.3000000000000007,0.0
2014-05-18,13.7,16.0,11.4,5.0,2,1.8000000000000007,0.0
2014-05-19,16.2,21.4,11.0,4.0,2,0.0,0.0
2014-05-20,19.2,25.0,13.4,2.0,2,0.0,1.1999999999999993
2014-05-21,20.7,26.2,15.2,4.0,2,0.0,2.6999999999999993
2014-05-22,22.4,28.0,16.8,6.0,2,0.0,4.399999999999999
2014-05-23,23.5,28.0,19.0,7.0,2,0.0,5.5
2014-05-24,23.6,28.4,18.8,3.0,2,0.0,5.600000000000001
2014-05-25,18.9,20.8,17.0,3.0,2,0.0,0.8999999999999986
2014-05-26,21.9,26.0,17.8,2.0,2,0.0,3.8999999999999986
2014-05-27,20.9,22.8,19.0,3.0,2,0.0,2.8999999999999986
2014-05-28,18.9,22.0,15.8,7.0,2,0.0,0.8999999999999986
2014-05-29,16.4,18.6,14.2,6.0,2,0.0,0.0
2014-05-30,12.8,13.2,12.4,7.0,2,2.6999999999999993,0.0
2014-05-31,13.100000000000001,14.8,11.4,5.0,2,2.3999999999999986,0.0
2014-06-01,16.8,21.0,12.6,5.0,2,0.0,0.0
2014-06-02,17.0,19.8,14.2,6.0,2,0.0,0.0
2014-06-03,15.899999999999999,18.4,13.4,3.0,2,0.0,0.0
2014-06-04,17.0,22.0,12.0,3.0,2,0.0,0.0
2014-06-05,19.200000000000003,25.6,12.8,3.0,2,0.0,1.2000000000000028
2014-06-06,22.6,26.2,19.0,5.0,2,0.0,4.600000000000001
2014-06-07,22.2,27.4,17.0,4.0,2,0.0,4.199999999999999
2014-06-08,24.799999999999997,30.2,19.4,3.0,2,0.0,6.799999999999997
2014-06-09,26.0,31.2,20.8,2.0,2,0.0,8.0
2014-06-10,28.3,34.0,22.6,3.0,2,0.0,10.3
2014-06-11,22.6,22.6,22.6,4.0,1,0.0,4.600000000000001
2014-06-12,22.2,22.2,22.2,4.0,1,0.0,4.199999999999999
2014-06-13,24.0,26.4,21.6,6.0,2,0.0,6.0
2014-06-14,21.4,22.6,20.2,9.0,2,0.0,3.3999999999999986
2014-06-15,19.200000000000003,22.6,15.8,2.0,2,0.0,1.2000000000000028
2014-06-16,18.2,22.0,14.4,4.0,2,0.0,0.1999999999999993
2014-06-17,20.2,22.0,18.4,5.0,2,0.0,2.1999999999999993
2014-06-18,20.3,24.6,16.0,2.0,2,0.0,2.3000000000000007
2014-06-23,28.0,28.0,28.0,8.0,1,0.0,10.0
2014-06-24,20.4,21.4,19.4,3.0,2,0.0,2.3999999999999986
2014-06-25,17.7,20.8,14.6,3.0,2,0.0,0.0
2014-06-26,17.6,19.4,15.8,7.0,2,0.0,0.0
2014-06-27,17.7,22.4,13.0,2.0,2,0.0,0.0
2014-06-28,26.6,26.6,26.6,4.0,1,0.0,8.600000000000001
2014-06-29,23.7,29.0,18.4,7.0,2,0.0,5.699999999999999
2014-06-30,19.8,20.0,19.6,5.0,2,0.0,1.8000000000000007
2014-07-01,19.299999999999997,22.4,16.2,9.0,2,0.0,1.2999999999999972
2014-07-02,20.5,26.8,14.2,5.0,2,0.0,2.5
2014-07-03,20.9,24.0,17.8,9.0,2,0.0,2.8999999999999986
2014-07-04,20.1,26.2,14.0,4.0,2,0.0,2.1000000000000014
2014-07-05,22.2,27.4,17.0,6.0,2,0.0,4.199999999999999
2014-07-06,25.0,29.6,20.4,4.0,2,0.0,7.0
2014-07-07,26.3,30.8,21.8,3.0,2,0.0,8.3
2014-07-08,24.700000000000003,26.6,22.8,3.0,2,0.0,6.700000000000003
2014-07-09,18.7,19.4,18.0,4.0,2,0.0,0.6999999999999993
2014-07-10,20.5,24.2,16.8,4.0,2,0.0,2.5
2014-07-11,17.799999999999997,18.2,17.4,2.0,2,0.0,0.0
2014-07-12,21.9,25.6,18.2,7.0,2,0.0,3.8999999999999986
2014-07-13,21.8,26.0,17.6,3.0,2,0.0,3.8000000000000007
2014-07-14,22.2,26.0,18.4,4.0,2,0.0,4.199999999999999
2014-07-15,25.0,29.8,20.2,2.0,2,0.0,7.0
2014-07-16,26.200000000000003,30.6,21.8,7.0,2,0.0,8.200000000000003
2014-07-17,21.5,22.0,21.0,4.0,2,0.0,3.5
2014-07-18,24.6,29.2,20.0,4.0,2,0.0,6.600000000000001
2014-07-19,25.7,30.0,21.4,5.0,2,0.0,7.699999999999999
2014-07-20,26.6,31.0,22.2,5.0,2,0.0,8.600000000000001
2014-07-21,26.9,31.4,22.4,5.0,2,0.0,8.899999999999999
2014-07-22,22.2,23.2,21.2,5.0,2,0.0,4.199999999999999
2014-07-23,22.2,25.0,19.4,6.0,2,0.0,4.199999999999999
2014-07-24,21.4,24.8,18.0,5.0,2,0.0,3.3999999999999986
2014-07-25,23.200000000000003,27.8,18.6,3.0,2,0.0,5.200000000000003
2014-07-26,24.9,29.0,20.8,4.0,2,0.0,6.899999999999999
2014-07-27,21.8,21.8,21.8,5.0,2,0.0,3.8000000000000007
2014-07-28,21.0,21.4,20.6,4.0,2,0.0,3.0
2014-07-29,21.700000000000003,24.6,18.8,2.0,2,0.0,3.700000000000003
2014-07-30,23.299999999999997,27.2,19.4,7.0,2,0.0,5.299999999999997
2014-07-31,22.8,24.6,21.0,6.0,2,0.0,4.800000000000001
2014-08-01,24.9,28.4,21.4,4.0,2,0.0,6.899999999999999
2014-08-02,25.5,29.6,21.4,2.0,2,0.0,7.5
2014-08-03,25.2,29.2,21.2,2.0,2,0.0,7.199999999999999
2014-08-04,22.200000000000003,22.6,21.8,2.0,2,0.0,4.200000000000003
2014-08-05,23.3,27.0,19.6,3.0,2,0.0,5.300000000000001
2014-08-06,22.1,24.2,20.0,5.0,2,0.0,4.100000000000001
2014-08-07,21.1,22.8,19.4,3.0,2,0.0,3.1000000000000014
2014-08-08,23.299999999999997,27.2,19.4,3.0,2,0.0,5.299999999999997
2014-08-09,22.7,27.4,18.0,3.0,2,0.0,4.699999999999999
2014-08-10,28.0,28.0,28.0,4.0,1,0.0,10.0
2014-08-11,24.8,28.6,21.0,4.0,2,0.0,6.800000000000001
2014-08-12,24.1,26.0,22.2,7.0,2,0.0,6.100000000000001
2014-08-13,23.6,27.8,19.4,4.0,2,0.0,5.600000000000001
2014-08-14,20.799999999999997,24.4,17.2,5.0,2,0.0,2.799999999999997
2014-08-15,18.5,23.2,13.8,3.0,2,0.0,0.5
2014-08-16,18.3,21.2,15.4,9.0,2,0.0,0.3000000000000007
2014-08-17,19.0,21.8,16.2,9.0,2,0.0,1.0
2014-08-18,18.6,24.2,13.0,3.0,2,0.0,0.6000000000000014
2014-08-19,20.5,25.8,15.2,6.0,2,0.0,2.5
2014-08-20,19.4,20.0,18.8,4.0,2,0.0,1.3999999999999986
2014-08-21,17.9,19.2,16.6,6.0,2,0.0,0.0
2014-08-22,12.8,12.8,12.8,2.0,1,2.6999999999999993,0.0
2014-08-23,22.2,22.2,22.2,4.0,1,0.0,4.199999999999999
2014-08-24,19.1,20.8,17.4,8.0,2,0.0,1.1000000000000014
2014-08-25,16.1,20.2,12.0,4.0,2,0.0,0.0
2014-08-26,15.0,18.6,11.4,3.0,2,0.5,0.0
2014-08-27,19.6,22.6,16.6,5.0,2,0.0,1.6000000000000014
2014-08-28,15.5,21.2,9.8,3.0,2,0.0,0.0
2014-08-29,17.2,23.2,11.2,3.0,2,0.0,0.0
2014-08-30,19.5,25.2,13.8,2.0,2,0.0,1.5
2014-08-31,19.299999999999997,20.4,18.2,3.0,2,0.0,1.2999999999999972
2014-09-01,18.299999999999997,20.4,16.2,6.0,2,0.0,0.29999999999999716
2014-09-02,19.6,21.8,17.4,8.0,2,0.0,1.6000000000000014
2014-09-03,22.799999999999997,27.2,18.4,8.0,2,0.0,4.799999999999997
2014-09-04,23.1,26.4,19.8,8.0,2,0.0,5.100000000000001
2014-09-05,23.0,24.6,21.4,7.0,2,0.0,5.0
2014-09-06,21.6,24.6,18.6,3.0,2,0.0,3.6000000000000014
2014-09-07,17.8,17.8,17.8,2.0,1,0.0,0.0
2014-09-08,21.5,25.0,18.0,4.0,2,0.0,3.5
2014-09-09,20.4,24.6,16.2,3.0,2,0.0,2.3999999999999986
2014-09-10,18.799999999999997,19.4,18.2,3.0,2,0.0,0.7999999999999972
2014-09-11,17.0,17.4,16.6,3.0,2,0.0,0.0
2014-09-12,17.9,18.0,17.8,5.0,2,0.0,0.0
2014-09-13,18.0,19.8,16.2,7.0,2,0.0,0.0
2014-09-14,17.8,19.0,16.6,3.0,2,0.0,0.0
2014-09-15,17.3,19.6,15.0,5.0,2,0.0,0.0
2014-09-16,18.5,21.2,15.8,2.0,2,0.0,0.5
2014-09-17,18.0,20.6,15.4,4.0,2,0.0,0.0
2014-09-18,17.7,21.8,13.6,5.0,2,0.0,0.0
2014-09-19,16.9,20.4,13.4,5.0,2,0.0,0.0
2014-09-20,18.2,21.0,15.4,3.0,2,0.0,0.1999999999999993
2014-09-21,20.5,24.0,17.0,4.0,2,0.0,2.5
2014-09-22,17.4,17.4,17.4,14.0,1,0.0,0.0
2014-09-23,13.7,15.6,11.8,11.0,2,1.8000000000000007,0.0
2014-09-24,12.5,16.2,8.8,3.0,2,3.0,0.0
2014-09-25,12.399999999999999,16.2,8.6,2.0,2,3.1000000000000014,0.0
2014-09-26,14.9,17.0,12.8,9.0,2,0.5999999999999996,0.0
2014-09-27,15.3,18.2,12.4,4.0,2,0.1999999999999993,0.0
2014-09-28,15.1,19.2,11.0,2.0,2,0.40000000000000036,0.0
2014-09-29,15.100000000000001,20.8,9.4,3.0,2,0.3999999999999986,0.0
2014-09-30,16.0,22.0,10.0,3.0,2,0.0,0.0
2014-10-01,17.4,22.2,12.6,2.0,2,0.0,0.0
2014-10-02,15.6,15.6,15.6,2.0,1,0.0,0.0
2014-10-03,15.600000000000001,16.6,14.6,5.0,2,0.0,0.0
2014-10-04,13.7,14.6,12.8,2.0,2,1.8000000000000007,0.0
2014-10-05,14.399999999999999,16.2,12.6,2.0,2,1.1000000000000014,0.0
2014-10-06,14.1,17.0,11.2,4.0,2,1.4000000000000004,0.0
2014-10-07,13.9,16.0,11.8,6.0,2,1.5999999999999996,0.0
2014-10-08,13.2,15.0,11.4,3.0,2,2.3000000000000007,0.0
2014-10-09,16.4,19.6,13.2,4.0,2,0.0,0.0
2014-10-10,15.8,15.8,15.8,8.0,1,0.0,0.0
2014-10-11,18.1,22.4,13.8,4.0,2,0.0,0.10000000000000142
2014-10-12,18.0,21.4,14.6,3.0,2,0.0,0.0
2014-10-13,18.4,23.6,13.2,4.0,2,0.0,0.3999999999999986
2014-10-14,18.799999999999997,22.4,15.2,6.0,2,0.0,0.7999999999999972
2014-10-15,15.0,16.6,13.4,3.0,2,0.5,0.0
2014-10-16,16.5,20.4,12.6,3.0,2,0.0,0.0
2014-10-17,14.7,15.4,14.0,2.0,2,0.8000000000000007,0.0
2014-10-18,16.2,19.2,13.2,6.0,2,0.0,0.0
2014-10-19,13.8,18.2,9.4,3.0,2,1.6999999999999993,0.0
2014-10-20,14.5,19.8,9.2,2.0,2,1.0,0.0
2014-10-21,16.1,16.6,15.6,4.0,2,0.0,0.0
2014-10-22,11.3,13.0,9.6,8.0,2,4.199999999999999,0.0
2014-10-23,8.7,9.8,7.6,8.0,2,6.800000000000001,0.0
2014-10-24,8.8,9.6,8.0,6.0,2,6.699999999999999,0.0
2014-10-25,8.4,10.4,6.4,3.0,2,7.1,0.0
2014-10-26,5.9,8.0,3.8,2.0,2,9.6,0.0
2014-10-27,8.8,11.6,6.0,2.0,2,6.699999999999999,0.0
2014-10-28,7.699999999999999,11.6,3.8,3.0,2,7.800000000000001,0.0
2014-10-29,6.0,8.4,3.6,2.0,2,9.5,0.0
2014-10-30,6.199999999999999,9.6,2.8,2.0,2,9.3,0.0
2014-10-31,6.1,10.6,1.6,3.0,2,9.4,0.0
2014-11-01,4.4,6.6,2.2,2.0,2,11.1,0.0
2014-11-02,6.6,8.4,4.8,2.0,2,8.9,0.0
2014-11-03,6.699999999999999,9.6,3.8,4.0,2,8.8,0.0
2014-11-04,10.7,16.0,5.4,6.0,2,4.800000000000001,0.0
2014-11-05,13.9,18.8,9.0,6.0,2,1.5999999999999996,0.0
2014-11-06,12.8,14.8,10.8,5.0,2,2.6999999999999993,0.0
2014-11-07,13.8,16.2,11.4,4.0,2,1.6999999999999993,0.0
2014-11-08,14.0,14.2,13.8,4.0,2,1.5,0.0
2014-11-09,12.8,14.0,11.6,2.0,2,2.6999999999999993,0.0
2014-11-10,11.100000000000001,11.4,10.8,5.0,2,4.399999999999999,0.0
2014-11-11,9.0,9.6,8.4,4.0,2,6.5,0.0
2014-11-12,10.2,12.0,8.4,4.0,2,5.300000000000001,0.0
2014-11-13,10.4,12.4,8.4,6.0,2,5.1,0.0
2014-11-15,10.899999999999999,13.2,8.6,5.0,2,4.600000000000001,0.0
2014-11-16,7.199999999999999,8.2,6.2,5.0,2,8.3,0.0
2014-11-17,8.6,9.6,7.6,4.0,2,6.9,0.0
2014-11-18,8.7,8.8,8.6,5.0,2,6.800000000000001,0.0
2014-11-19,8.399999999999999,8.6,8.2,5.0,2,7.100000000000001,0.0
2014-11-20,9.6,11.2,8.0,5.0,2,5.9,0.0
2014-11-21,5.3,7.8,2.8,3.0,2,10.2,0.0
2014-11-22,4.6,5.8,3.4,3.0,2,10.9,0.0
2014-11-23,5.2,6.8,3.6,2.0,2,10.3,0.0
2014-11-24,4.8,4.8,4.8,2.0,1,10.7,0.0
2014-11-25,4.1,4.4,3.8,3.0,2,11.4,0.0
2014-11-26,3.2,4.0,2.4,3.0,2,12.3,0.0
2014-11-27,36.8,36.8,36.8,19.0,2,0.0,18.799999999999997
2014-11-28,36.8,36.8,36.8,19.0,2,0.0,18.799999999999997
2014-11-29,36.8,36.8,36.8,19.0,2,0.0,18.799999999999997
2014-11-30,36.8,36.8,36.8,19.0,2,0.0,18.799999999999997
2014-12-01,36.8,36.8,36.8,19.0,2,0.0,18.799999999999997
2014-12-02,36.8,36.8,36.8,19.0,2,0.0,18.799999999999997
2014-12-03,36.8,36.8,36.8,19.0,2,0.0,18.799999999999997
2014-12-04,36.8,36.8,36.8,19.0,2,0.0,18.799999999999997
2014-12-05,36.8,36.8,36.8,19.0,1,0.0,18.799999999999997
2014-12-06,36.8,36.8,36.8,19.0,1,0.0,18.799999999999997
2014-12-07,36.8,36.8,36.8,19.0,2,0.0,18.799999999999997
2014-12-08,36.8,36.8,36.8,19.0,2,0.0,18.799999999999997
2014-12-09,36.8,36.8,36.8,19.0,2,0.0,18.799999999999997
2014-12-10,36.8,36.8,36.8,19.0,2,0.0,18.799999999999997
2014-12-11,36.8,36.8,36.8,19.0,2,0.0,18.799999999999997
2014-12-12,36.8,36.8,36.8,19.0,2,0.0,18.799999999999997
2014-12-13,36.8,36.8,36.8,19.0,2,0.0,18.799999999999997
2014-12-14,36.8,36.8,36.8,19.0,2,0.0,18.799999999999997
2014-12-15,4.0,6.2,1.8,2.0,2,11.5,0.0
2014-12-16,5.6,5.6,5.6,3.0,2,9.9,0.0
2014-12-17,6.5,8.0,5.0,5.0,2,9.0,0.0
2014-12-18,3.6500000000000004,7.4,-0.1,5.0,2,11.85,0.0
2014-12-19,8.3,11.2,5.4,4.0,2,7.199999999999999,0.0
2014-12-20,6.5,9.2,3.8,9.0,2,9.0,0.0
2014-12-21,7.0,7.2,6.8,14.0,2,8.5,0.0
2014-12-22,5.2,5.4,5.0,5.0,2,10.3,0.0
2014-12-23,8.8,11.6,6.0,9.0,2,6.699999999999999,0.0
2014-12-24,9.399999999999999,10.2,8.6,6.0,2,6.100000000000001,0.0
2014-12-25,7.9,10.6,5.2,10.0,2,7.6,0.0
2014-12-26,4.2,4.4,4.0,11.0,2,11.3,0.0
2014-12-27,-0.55,0.6,-1.7,4.0,2,16.05,0.0
2014-12-28,-1.1,-1.1,-1.1,4.0,1,16.6,0.0
2014-12-29,-2.0,-1.9,-2.1,11.0,2,17.5,0.0
2014-12-30,-4.9,-4.1,-5.7,5.0,2,20.4,0.0
2014-12-31,-7.2,-4.9,-9.5,2.0,2,22.7,0.0
2015-01-01,-6.1,-3.1,-9.1,3.0,2,21.6,0.0
2015-01-02,-1.7999999999999998,-0.7,-2.9,3.0,2,17.3,0.0
2015-01-03,5.0,6.2,3.8,11.0,2,10.5,0.0
2015-01-04,2.5,4.2,0.8,8.0,2,13.0,0.0
2015-01-05,1.9,2.4,1.4,12.0,2,13.6,0.0
2015-01-06,1.3,2.6,0.0,8.0,2,14.2,0.0
2015-01-07,-7.1,-6.9,-7.3,3.0,2,22.6,0.0
2015-01-08,-5.0,-4.1,-5.9,3.0,2,20.5,0.0
2015-01-09,0.9500000000000002,5.4,-3.5,3.0,2,14.55,0.0
2015-01-10,8.6,8.6,8.6,10.0,2,6.9,0.0
2015-01-11,10.600000000000001,16.6,4.6,17.5,2,4.899999999999999,0.0
2015-01-12,5.0,6.4,3.6,9.0,2,10.5,0.0
2015-01-13,3.6999999999999997,6.6,0.8,4.0,2,11.8,0.0
2015-01-14,0.7,1.0,0.4,4.0,2,14.8,0.0
2015-01-15,5.5,8.2,2.8,2.0,2,10.0,0.0
2015-01-16,3.2,3.4,3.0,6.0,2,12.3,0.0
2015-01-17,3.2,4.2,2.2,4.0,2,12.3,0.0
2015-01-18,4.8,6.0,3.6,4.0,2,10.7,0.0
2015-01-19,3.5,4.6,2.4,4.0,2,12.0,0.0
2015-01-20,5.1,6.2,4.0,1.0,2,10.4,0.0
2015-01-21,5.2,6.0,4.4,3.0,2,10.3,0.0
2015-01-22,6.3,6.8,5.8,2.0,2,9.2,0.0
2015-01-23,6.5,7.0,6.0,5.0,2,9.0,0.0
2015-01-24,5.6,5.6,5.6,6.0,1,9.9,0.0
2015-01-25,0.8999999999999999,1.4,0.4,5.0,2,14.6,0.0
2015-01-26,1.3,2.2,0.4,4.0,2,14.2,0.0
2015-01-27,-0.8499999999999999,1.6,-3.3,2.0,2,16.35,0.0
2015-01-28,1.9500000000000002,4.2,-0.3,3.0,2,13.55,0.0
2015-01-29,-1.9,-0.5,-3.3,3.0,2,17.4,0.0
2015-01-30,1.75,4.2,-0.7,4.0,2,13.75,0.0
2015-01-31,2.1,3.8,0.4,10.0,2,13.4,0.0
2015-02-01,-1.3,-1.3,-1.3,4.0,1,16.8,0.0
2015-02-02,3.8,3.8,3.8,4.0,1,11.7,0.0
2015-02-03,0.050000000000000044,2.2,-2.1,4.0,2,15.45,0.0
2015-02-04,0.6,1.0,0.2,4.0,2,14.9,0.0
2015-02-05,1.15,3.4,-1.1,6.0,2,14.35,0.0
2015-02-06,0.75,2.6,-1.1,10.0,2,14.75,0.0
2015-02-07,1.75,3.8,-0.3,5.0,2,13.75,0.0
2015-02-08,-0.95,2.6,-4.5,12.5,2,16.45,0.0
2015-02-09,-2.1,-1.7,-2.5,9.0,2,17.6,0.0
2015-02-10,3.5,5.0,2.0,9.0,2,12.0,0.0
2015-02-11,5.5,7.6,3.4,3.0,2,10.0,0.0
2015-02-12,5.0,6.6,3.4,4.0,2,10.5,0.0
2015-02-13,2.15,5.8,-1.5,4.0,2,13.35,0.0
2015-02-14,3.15,7.0,-0.7,5.0,2,12.35,0.0
2015-02-15,4.199999999999999,8.2,0.2,4.0,2,11.3,0.0
2015-02-16,4.0,6.6,1.4,6.0,2,11.5,0.0
2015-02-17,1.0,1.6,0.4,7.0,2,14.5,0.0
2015-02-18,0.8499999999999999,4.6,-2.9,4.0,2,14.65,0.0
2015-02-19,1.25,4.0,-1.5,6.0,2,14.25,0.0
2015-02-20,1.95,7.0,-3.1,3.0,2,13.55,0.0
2015-02-21,4.65,9.8,-0.5,6.0,2,10.85,0.0
2015-02-22,5.1,7.4,2.8,6.0,2,10.4,0.0
2015-02-23,7.1,7.8,6.4,4.0,2,8.4,0.0
2015-02-24,7.6,7.6,7.6,4.0,1,7.9,0.0
2015-02-25,9.399999999999999,10.6,8.2,6.0,2,6.100000000000001,0.0
2015-02-26,5.800000000000001,6.2,5.4,6.0,2,9.7,0.0
2015-02-27,5.4,6.2,4.6,3.0,2,10.1,0.0
2015-02-28,6.699999999999999,7.8,5.6,2.0,2,8.8,0.0
2015-03-01,6.8999999999999995,8.2,5.6,3.0,2,8.600000000000001,0.0
2015-03-02,7.9,11.6,4.2,7.0,2,7.6,0.0
2015-03-03,5.9,6.8,5.0,11.0,2,9.6,0.0
2015-03-04,6.1,11.2,1.0,5.0,2,9.4,0.0
2015-03-05,5.1,7.4,2.8,2.0,2,10.4,0.0
2015-03-06,4.8,7.6,2.0,7.0,2,10.7,0.0
2015-03-07,4.199999999999999,8.2,0.2,5.0,2,11.3,0.0
2015-03-08,5.5,10.4,0.6,4.0,2,10.0,0.0
2015-03-09,5.3,10.4,0.2,2.0,2,10.2,0.0
2015-03-10,8.1,13.4,2.8,2.0,2,7.4,0.0
2015-03-11,8.9,12.8,5.0,2.0,2,6.6,0.0
2015-03-12,6.7,7.4,6.0,9.0,2,8.8,0.0
2015-03-13,6.1,7.2,5.0,7.0,2,9.4,0.0
2015-03-14,5.7,6.0,5.4,3.0,2,9.8,0.0
2015-03-15,7.6,10.2,5.0,7.0,2,7.9,0.0
2015-03-16,10.5,12.8,8.2,6.0,2,5.0,0.0
2015-03-17,10.0,13.2,6.8,3.0,2,5.5,0.0
2015-03-18,8.6,10.4,6.8,10.0,2,6.9,0.0
2015-03-19,7.199999999999999,10.2,4.2,6.0,2,8.3,0.0
2015-03-20,6.6,9.6,3.6,4.0,2,8.9,0.0
2015-03-21,7.6,13.6,1.6,3.0,2,7.9,0.0
2015-03-22,10.3,14.4,6.2,3.0,2,5.199999999999999,0.0
2015-03-23,6.5,9.8,3.2,5.0,2,9.0,0.0
2015-03-24,8.7,13.6,3.8,4.0,2,6.800000000000001,0.0
2015-03-25,10.7,14.2,7.2,6.0,2,4.800000000000001,0.0
2015-03-26,14.1,17.2,11.0,7.0,2,1.4000000000000004,0.0
2015-03-27,12.100000000000001,12.4,11.8,8.0,2,3.3999999999999986,0.0
2015-03-28,9.5,11.2,7.8,12.0,2,6.0,0.0
2015-03-29,7.0,7.0,7.0,6.0,1,8.5,0.0
2015-03-30,11.4,11.4,11.4,2.0,1,4.1,0.0
2015-03-31,7.800000000000001,9.4,6.2,8.0,2,7.699999999999999,0.0
2015-04-01,8.9,9.0,8.8,14.5,2,6.6,0.0
2015-04-02,8.6,8.6,8.6,16.0,1,6.9,0.0
2015-04-03,5.3,7.2,3.4,11.0,2,10.2,0.0
2015-04-06,5.300000000000001,7.4,3.2,3.0,2,10.2,0.0
2015-04-07,6.699999999999999,9.6,3.8,6.0,2,8.8,0.0
2015-04-08,8.3,10.4,6.2,7.0,2,7.199999999999999,0.0
2015-04-09,10.4,15.0,5.8,5.0,2,5.1,0.0
2015-04-10,11.3,17.2,5.4,5.0,2,4.199999999999999,0.0
2015-04-11,14.700000000000001,20.6,8.8,5.0,2,0.7999999999999989,0.0
2015-04-12,16.700000000000003,20.6,12.8,6.0,2,0.0,0.0
2015-04-13,16.1,21.8,10.4,7.0,2,0.0,0.0
2015-04-14,12.3,13.4,11.2,9.0,2,3.1999999999999993,0.0
2015-04-15,15.6,22.2,9.0,8.0,2,0.0,0.0
2015-04-16,19.1,25.2,13.0,6.0,2,0.0,1.1000000000000014
2015-04-17,22.8,22.8,22.8,8.0,1,0.0,4.800000000000001
2015-04-18,11.2,11.4,11.0,9.0,2,4.300000000000001,0.0
2015-04-19,8.0,11.4,4.6,6.0,2,7.5,0.0
2015-04-20,15.2,15.2,15.2,12.0,1,0.3000000000000007,0.0
2015-04-21,13.3,15.8,10.8,9.0,2,2.1999999999999993,0.0
2015-04-22,13.0,17.0,9.0,4.0,2,2.5,0.0
2015-04-23,13.9,19.8,8.0,4.0,2,1.5999999999999996,0.0
2015-04-24,15.4,21.8,9.0,5.0,2,0.09999999999999964,0.0
2015-04-25,16.0,21.4,10.6,5.0,2,0.0,0.0
2015-04-26,15.4,19.0,11.8,4.0,2,0.09999999999999964,0.0
2015-04-27,17.2,23.4,11.0,7.0,2,0.0,0.0
2015-04-28,15.6,17.2,14.0,3.0,2,0.0,0.0
2015-04-29,11.2,14.8,7.6,9.0,2,4.300000000000001,0.0
2015-04-30,11.5,16.4,6.6,5.0,2,4.0,0.0
2015-05-01,13.9,18.8,9.0,9.0,2,1.5999999999999996,0.0
2015-05-02,12.3,13.6,11.0,5.0,2,3.1999999999999993,0.0
2015-05-03,7.0,7.0,7.0,2.0,1,8.5,0.0
2015-05-04,16.9,22.2,11.6,2.0,2,0.0,0.0
2015-05-05,20.6,24.8,16.4,6.0,2,0.0,2.6000000000000014
2015-05-06,20.8,25.6,16.0,4.0,2,0.0,2.8000000000000007
2015-05-07,19.0,22.8,15.2,12.0,2,0.0,1.0
2015-05-08,17.0,22.0,12.0,4.0,2,0.0,0.0
2015-05-09,23.0,23.0,23.0,4.0,1,0.0,5.0
2015-05-10,21.6,21.6,21.6,14.0,1,0.0,3.6000000000000014
2015-05-11,18.6,18.6,18.6,2.0,1,0.0,0.6000000000000014
2015-05-12,15.4,21.0,9.8,3.0,2,0.09999999999999964,0.0
2015-05-13,19.1,25.2,13.0,6.0,2,0.0,1.1000000000000014
2015-05-14,18.7,21.4,16.0,8.0,2,0.0,0.6999999999999993
2015-05-15,12.8,13.4,12.2,4.0,2,2.6999999999999993,0.0
2015-05-16,16.4,19.8,13.0,2.0,2,0.0,0.0
2015-05-17,16.0,19.8,12.2,8.0,2,0.0,0.0
2015-05-18,16.4,21.8,11.0,4.0,2,0.0,0.0
2015-05-19,20.6,27.2,14.0,5.0,2,0.0,2.6000000000000014
2015-05-20,22.6,27.0,18.2,7.0,2,0.0,4.600000000000001
2015-05-21,12.7,13.4,12.0,7.0,2,2.8000000000000007,0.0
2015-05-22,13.7,14.6,12.8,5.0,2,1.8000000000000007,0.0
2015-05-23,14.0,15.2,12.8,6.0,2,1.5,0.0
2015-05-24,17.3,21.2,13.4,3.0,2,0.0,0.0
2015-05-25,15.6,16.2,15.0,4.0,2,0.0,0.0
2015-05-26,16.4,18.2,14.6,3.0,2,0.0,0.0
2015-05-27,14.5,16.2,12.8,13.0,2,1.0,0.0
2015-05-28,12.600000000000001,14.4,10.8,3.0,2,2.8999999999999986,0.0
2015-05-29,13.4,19.8,7.0,2.0,2,2.0999999999999996,0.0
2015-05-30,17.8,23.2,12.4,4.0,2,0.0,0.0
2015-05-31,17.9,18.8,17.0,4.0,2,0.0,0.0
2015-06-01,19.0,24.4,13.6,4.0,2,0.0,1.0
2015-06-02,22.5,27.6,17.4,3.0,2,0.0,4.5
2015-06-03,23.4,28.8,18.0,3.0,2,0.0,5.399999999999999
2015-06-04,24.700000000000003,29.8,19.6,3.0,2,0.0,6.700000000000003
2015-06-05,21.3,24.6,18.0,5.0,2,0.0,3.3000000000000007
2015-06-06,22.299999999999997,27.4,17.2,4.0,2,0.0,4.299999999999997
2015-06-07,23.9,28.2,19.6,3.0,2,0.0,5.899999999999999
2015-06-08,25.1,30.2,20.0,3.0,2,0.0,7.100000000000001
2015-06-09,29.2,29.2,29.2,4.0,1,0.0,11.2
2015-06-10,22.2,26.4,18.0,5.0,2,0.0,4.199999999999999
2015-06-11,23.7,27.2,20.2,3.0,2,0.0,5.699999999999999
2015-06-12,24.1,29.2,19.0,2.0,2,0.0,6.100000000000001
2015-06-13,24.7,29.0,20.4,7.0,2,0.0,6.699999999999999
2015-06-14,25.4,29.4,21.4,5.0,2,0.0,7.399999999999999
2015-06-15,25.4,27.4,23.4,11.0,2,0.0,7.399999999999999
2015-06-16,19.9,22.8,17.0,5.0,2,0.0,1.8999999999999986
2015-06-17,16.7,17.4,16.0,5.0,2,0.0,0.0
2015-06-18,18.2,22.2,14.2,7.0,2,0.0,0.1999999999999993
2015-06-19,18.3,22.0,14.6,6.0,2,0.0,0.3000000000000007
2015-06-20,17.3,19.6,15.0,5.0,2,0.0,0.0
2015-06-21,16.4,19.0,13.8,4.0,2,0.0,0.0
2015-06-22,17.5,22.8,12.2,3.0,2,0.0,0.0
2015-06-23,17.1,17.6,16.6,6.0,2,0.0,0.0
2015-06-24,15.1,18.2,12.0,5.0,2,0.40000000000000036,0.0
2015-06-25,16.2,20.4,12.0,2.0,2,0.0,0.0
2015-06-26,18.3,21.6,15.0,4.0,2,0.0,0.3000000000000007
2015-06-27,19.9,24.0,15.8,5.0,2,0.0,1.8999999999999986
2015-06-28,19.6,22.2,17.0,4.0,2,0.0,1.6000000000000014
2015-06-29,21.700000000000003,24.8,18.6,5.0,2,0.0,3.700000000000003
2015-06-30,20.6,25.4,15.8,4.0,2,0.0,2.6000000000000014
2015-07-01,22.8,27.8,17.8,4.0,2,0.0,4.800000000000001
2015-07-02,23.7,28.4,19.0,4.0,2,0.0,5.699999999999999
2015-07-03,25.299999999999997,28.4,22.2,6.0,2,0.0,7.299999999999997
2015-07-04,24.7,30.4,19.0,5.0,2,0.0,6.699999999999999
2015-07-05,27.0,33.2,20.8,5.0,2,0.0,9.0
2015-07-06,27.6,32.6,22.6,5.0,2,0.0,9.600000000000001
2015-07-07,28.7,34.4,23.0,4.0,2,0.0,10.7
2015-07-08,30.3,35.6,25.0,3.0,2,0.0,12.3
2015-07-09,21.0,23.0,19.0,6.0,2,0.0,3.0
2015-07-10,19.2,21.2,17.2,10.0,2,0.0,1.1999999999999993
2015-07-11,19.3,24.2,14.4,5.0,2,0.0,1.3000000000000007
2015-07-12,22.5,28.0,17.0,5.0,2,0.0,4.5
2015-07-13,21.9,23.2,20.6,7.0,2,0.0,3.8999999999999986
2015-07-14,23.1,25.0,21.2,6.0,2,0.0,5.100000000000001
2015-07-15,24.4,27.6,21.2,7.0,2,0.0,6.399999999999999
2015-07-16,23.6,28.2,19.0,5.0,2,0.0,5.600000000000001
2015-07-17,27.3,33.2,21.4,4.0,2,0.0,9.3
2015-07-18,28.0,32.6,23.4,4.0,2,0.0,10.0
2015-07-19,27.599999999999998,32.8,22.4,3.0,2,0.0,9.599999999999998
2015-07-20,26.8,30.6,23.0,8.0,2,0.0,8.8
2015-07-21,26.200000000000003,32.2,20.2,4.0,2,0.0,8.200000000000003
2015-07-22,29.1,34.4,23.8,4.0,2,0.0,11.100000000000001
2015-07-23,29.4,35.0,23.8,2.0,2,0.0,11.399999999999999
2015-07-24,27.4,31.8,23.0,5.0,2,0.0,9.399999999999999
2015-07-25,29.7,33.8,25.6,4.0,2,0.0,11.7
2015-07-26,21.9,22.4,21.4,9.0,2,0.0,3.8999999999999986
2015-07-27,18.4,21.8,15.0,4.0,2,0.0,0.3999999999999986
2015-07-28,17.7,20.4,15.0,3.0,2,0.0,0.0
2015-07-29,19.1,19.4,18.8,3.0,2,0.0,1.1000000000000014
2015-07-30,17.5,18.2,16.8,3.0,2,0.0,0.0
2015-07-31,20.7,24.4,17.0,6.0,2,0.0,2.6999999999999993
2015-08-01,20.4,25.8,15.0,4.0,2,0.0,2.3999999999999986
2015-08-02,20.7,24.4,17.0,4.0,2,0.0,2.6999999999999993
2015-08-03,24.0,26.8,21.2,5.0,2,0.0,6.0
2015-08-04,25.3,30.0,20.6,5.0,2,0.0,7.300000000000001
2015-08-05,26.7,32.4,21.0,3.0,2,0.0,8.7
2015-08-06,25.8,31.6,20.0,3.0,2,0.0,7.800000000000001
2015-08-07,28.2,32.8,23.6,5.0,2,0.0,10.2
2015-08-08,29.0,34.0,24.0,3.0,2,0.0,11.0
2015-08-09,28.0,33.4,22.6,4.0,2,0.0,10.0
2015-08-10,27.6,34.2,21.0,4.0,2,0.0,9.600000000000001
2015-08-11,28.3,34.6,22.0,4.0,2,0.0,10.3
2015-08-12,29.6,36.4,22.8,4.0,2,0.0,11.600000000000001
2015-08-13,29.6,35.4,23.8,4.0,2,0.0,11.600000000000001
2015-08-14,29.4,33.8,25.0,4.0,2,0.0,11.399999999999999
2015-08-15,28.2,34.4,22.0,3.0,2,0.0,10.2
2015-08-16,26.0,26.0,26.0,4.0,1,0.0,8.0
2015-08-17,22.4,24.6,20.2,3.0,2,0.0,4.399999999999999
2015-08-18,18.8,19.0,18.6,4.0,2,0.0,0.8000000000000007
2015-08-19,18.3,19.8,16.8,2.0,2,0.0,0.3000000000000007
2015-08-20,16.700000000000003,16.8,16.6,5.0,2,0.0,0.0
2015-08-21,19.0,22.4,15.6,4.0,2,0.0,1.0
2015-08-22,17.2,19.4,15.0,5.0,2,0.0,0.0
2015-08-23,18.4,21.2,15.6,2.0,2,0.0,0.3999999999999986
2015-08-24,20.1,25.8,14.4,6.0,2,0.0,2.1000000000000014
2015-08-25,21.8,23.8,19.8,6.0,2,0.0,3.8000000000000007
2015-08-26,21.5,25.0,18.0,5.0,2,0.0,3.5
2015-08-27,21.4,27.0,15.8,4.0,2,0.0,3.3999999999999986
2015-08-28,24.5,29.8,19.2,4.0,2,0.0,6.5
2015-08-29,25.400000000000002,32.2,18.6,4.0,2,0.0,7.400000000000002
2015-08-30,27.299999999999997,32.8,21.8,3.0,2,0.0,9.299999999999997
2015-08-31,27.1,33.0,21.2,4.0,2,0.0,9.100000000000001
2015-09-01,27.0,32.8,21.2,5.0,2,0.0,9.0
2015-09-02,23.5,27.8,19.2,5.0,2,0.0,5.5
2015-09-03,22.2,26.4,18.0,4.0,2,0.0,4.199999999999999
2015-09-04,21.1,23.2,19.0,5.0,2,0.0,3.1000000000000014
2015-09-05,16.700000000000003,16.8,16.6,3.0,2,0.0,0.0
2015-09-06,15.0,15.0,15.0,10.0,1,0.5,0.0
2015-09-07,14.9,17.8,12.0,5.0,2,0.5999999999999996,0.0
2015-09-08,14.0,17.0,11.0,8.0,2,1.5,0.0
2015-09-09,13.700000000000001,19.6,7.8,5.0,2,1.799999999999999,0.0
2015-09-10,13.2,15.8,10.6,4.0,2,2.3000000000000007,0.0
2015-09-11,14.6,16.2,13.0,4.0,2,0.9000000000000004,0.0
2015-09-12,16.0,18.0,14.0,3.0,2,0.0,0.0
2015-09-13,17.2,22.4,12.0,6.0,2,0.0,0.0
2015-09-14,19.8,24.6,15.0,5.0,2,0.0,1.8000000000000007
2015-09-15,23.6,27.0,20.2,5.0,2,0.0,5.600000000000001
2015-09-16,20.0,20.0,20.0,4.0,1,0.0,2.0
2015-09-17,26.6,31.8,21.4,8.0,2,0.0,8.600000000000001
2015-09-18,24.7,27.4,22.0,5.0,2,0.0,6.699999999999999
2015-09-19,23.9,26.4,21.4,6.0,2,0.0,5.899999999999999
2015-09-20,19.4,20.8,18.0,6.0,2,0.0,1.3999999999999986
2015-09-21,16.7,19.4,14.0,6.0,2,0.0,0.0
2015-09-22,14.5,19.2,9.8,3.0,2,1.0,0.0
2015-09-23,18.1,21.8,14.4,4.0,2,0.0,0.10000000000000142
2015-09-24,18.4,22.8,14.0,5.0,2,0.0,0.3999999999999986
2015-09-25,17.1,17.2,17.0,5.0,2,0.0,0.0
2015-09-26,15.5,16.6,14.4,3.0,2,0.0,0.0
2015-09-27,14.600000000000001,15.8,13.4,3.0,2,0.8999999999999986,0.0
2015-09-28,14.5,16.0,13.0,7.0,2,1.0,0.0
2015-09-29,14.1,17.2,11.0,8.0,2,1.4000000000000004,0.0
2015-09-30,12.6,14.2,11.0,8.0,2,2.9000000000000004,0.0
2015-10-01,12.8,16.2,9.4,4.0,2,2.6999999999999993,0.0
2015-10-02,7.4,7.4,7.4,2.0,1,8.1,0.0
2015-10-03,13.399999999999999,19.4,7.4,4.0,2,2.1000000000000014,0.0
2015-10-04,17.5,23.0,12.0,6.0,2,0.0,0.0
2015-10-05,16.3,18.2,14.4,4.0,2,0.0,0.0
2015-10-06,13.7,15.4,12.0,4.0,2,1.8000000000000007,0.0
2015-10-07,14.5,17.0,12.0,2.0,2,1.0,0.0
2015-10-08,13.6,14.0,13.2,4.0,2,1.9000000000000004,0.0
2015-10-09,11.8,12.8,10.8,3.0,2,3.6999999999999993,0.0
2015-10-10,11.2,11.4,11.0,4.0,2,4.300000000000001,0.0
2015-10-11,11.1,12.0,10.2,8.0,2,4.4,0.0
2015-10-12,6.2,7.4,5.0,4.0,2,9.3,0.0
2015-10-13,6.5,8.4,4.6,3.0,2,9.0,0.0
2015-10-14,9.4,10.8,8.0,7.0,2,6.1,0.0
2015-10-15,12.100000000000001,13.8,10.4,6.0,2,3.3999999999999986,0.0
2015-10-16,12.2,13.4,11.0,4.0,2,3.3000000000000007,0.0
2015-10-17,13.0,14.8,11.2,3.0,2,2.5,0.0
2015-10-18,9.9,13.8,6.0,3.0,2,5.6,0.0
2015-10-19,11.5,12.0,11.0,5.0,2,4.0,0.0
2015-10-20,9.7,10.2,9.2,7.0,2,5.800000000000001,0.0
2015-10-21,8.1,11.4,4.8,5.0,2,7.4,0.0
2015-10-22,6.5,9.0,4.0,4.0,2,9.0,0.0
2015-10-23,8.2,11.6,4.8,5.0,2,7.300000000000001,0.0
2015-10-24,8.6,11.0,6.2,3.0,2,6.9,0.0
2015-10-25,7.9,12.0,3.8,4.0,2,7.6,0.0
2015-10-26,10.9,14.8,7.0,3.0,2,4.6,0.0
2015-10-27,9.7,13.0,6.4,4.0,2,5.800000000000001,0.0
2015-10-28,9.4,12.8,6.0,6.0,2,6.1,0.0
2015-10-29,9.8,11.6,8.0,6.0,2,5.699999999999999,0.0
2015-10-30,10.3,14.6,6.0,3.0,2,5.199999999999999,0.0
2015-10-31,9.7,14.4,5.0,3.0,2,5.800000000000001,0.0
2015-11-01,7.3,11.0,3.6,3.0,2,8.2,0.0
2015-11-02,5.5,10.4,0.6,4.0,2,10.0,0.0
2015-11-03,5.6,11.2,0.0,3.0,2,9.9,0.0
2015-11-04,5.6,11.2,0.0,3.0,2,9.9,0.0
2015-11-05,6.2,11.0,1.4,2.0,2,9.3,0.0
2015-11-06,6.8999999999999995,11.2,2.6,2.0,2,8.600000000000001,0.0
2015-11-07,6.2,10.4,2.0,3.0,2,9.3,0.0
2015-11-08,11.6,14.2,9.0,5.0,2,3.9000000000000004,0.0
2015-11-09,8.0,8.4,7.6,2.0,2,7.5,0.0
2015-11-10,14.0,18.0,10.0,6.0,2,1.5,0.0
2015-11-11,17.1,19.2,15.0,8.0,2,0.0,0.0
2015-11-12,15.600000000000001,18.8,12.4,6.0,2,0.0,0.0
2015-11-13,9.9,12.8,7.0,3.0,2,5.6,0.0
2015-11-14,8.9,12.8,5.0,9.0,2,6.6,0.0
2015-11-15,7.5,8.2,6.8,4.0,2,8.0,0.0
2015-11-16,12.600000000000001,15.4,9.8,7.0,2,2.8999999999999986,0.0
2015-11-17,9.9,14.8,5.0,4.0,2,5.6,0.0
2015-11-18,14.100000000000001,17.8,10.4,4.0,2,1.3999999999999986,0.0
2015-11-19,11.4,13.8,9.0,5.0,2,4.1,0.0
2015-11-20,11.0,12.2,9.8,4.0,2,4.5,0.0
2015-11-21,10.4,14.0,6.8,8.0,2,5.1,0.0
2015-11-22,4.1,4.2,4.0,3.0,2,11.4,0.0
2015-11-23,4.9,6.4,3.4,6.0,2,10.6,0.0
2015-11-24,2.05,4.6,-0.5,3.0,2,13.45,0.0
2015-11-25,0.55,2.6,-1.5,3.0,2,14.95,0.0
2015-11-26,2.0,4.0,0.0,4.0,2,13.5,0.0
2015-11-27,-1.5,-1.5,-1.5,4.0,1,17.0,0.0
2015-11-28,2.1,2.2,2.0,5.0,2,13.4,0.0
2015-11-29,6.1,8.4,3.8,11.0,2,9.4,0.0
2015-11-30,8.0,12.0,4.0,5.0,2,7.5,0.0
2015-12-01,9.8,12.4,7.2,10.0,2,5.699999999999999,0.0
2015-12-02,7.4,7.8,7.0,6.0,2,8.1,0.0
2015-12-03,8.1,10.2,6.0,4.0,2,7.4,0.0
2015-12-04,4.7,6.4,3.0,3.0,2,10.8,0.0
2015-12-05,5.0,5.2,4.8,4.0,2,10.5,0.0
2015-12-06,4.0,4.2,3.8,4.0,2,11.5,0.0
2015-12-07,4.2,4.4,4.0,2.0,2,11.3,0.0
2015-12-08,4.5,4.8,4.2,2.0,2,11.0,0.0
2015-12-09,3.6,4.2,3.0,4.0,2,11.9,0.0
2015-12-10,5.2,6.4,4.0,4.0,2,10.3,0.0
2015-12-11,2.0,2.0,2.0,2.0,1,13.5,0.0
2015-12-12,1.7,2.4,1.0,4.0,2,13.8,0.0
2015-12-13,0.75,2.6,-1.1,3.0,2,14.75,0.0
2015-12-14,0.34999999999999987,2.8,-2.1,2.0,2,15.15,0.0
2015-12-15,-0.14999999999999997,0.4,-0.7,2.0,2,15.65,0.0
2015-12-16,1.1,2.2,0.0,3.0,2,14.4,0.0
2015-12-17,0.6000000000000001,0.8,0.4,3.0,2,14.9,0.0
2015-12-18,1.3,2.6,0.0,2.0,2,14.2,0.0
2015-12-19,3.4,4.0,2.8,2.0,2,12.1,0.0
2015-12-20,3.3,3.4,3.2,2.0,2,12.2,0.0
2015-12-21,2.6,3.0,2.2,3.0,2,12.9,0.0
2015-12-22,2.7,3.0,2.4,3.0,2,12.8,0.0
2015-12-23,3.8,5.6,2.0,3.0,2,11.7,0.0
2015-12-24,2.5,3.2,1.8,2.0,2,13.0,0.0
2015-12-25,4.4,5.0,3.8,3.0,2,11.1,0.0
2015-12-26,2.1,2.2,2.0,3.0,2,13.4,0.0
2015-12-27,1.4,1.8,1.0,2.0,2,14.1,0.0
2015-12-28,-0.25,0.0,-0.5,2.0,2,15.75,0.0
2015-12-29,3.2,6.0,0.4,4.0,2,12.3,0.0
2015-12-30,1.9,2.0,1.8,7.0,2,13.6,0.0
2015-12-31,-2.4,-1.7,-3.1,7.0,2,17.9,0.0
2016-01-01,-5.4,-2.9,-7.9,3.0,2,20.9,0.0
2016-01-02,-5.199999999999999,-5.1,-5.3,4.0,2,20.7,0.0
2016-01-03,-6.3,-6.3,-6.3,8.0,1,21.8,0.0
2016-01-04,-8.3,-8.3,-8.3,6.0,1,23.8,0.0
2016-01-05,-6.8,-6.1,-7.5,4.0,2,22.3,0.0
2016-01-06,-2.9,-1.7,-4.1,4.0,2,18.4,0.0
2016-01-07,1.3,2.4,0.2,6.0,2,14.2,0.0
2016-01-08,-4.8,-3.5,-6.1,4.0,2,20.3,0.0
2016-01-09,-0.55,0.6,-1.7,5.0,2,16.05,0.0
2016-01-10,1.6,2.4,0.8,3.0,2,13.9,0.0
2016-01-11,1.9,3.8,0.0,3.0,2,13.6,0.0
2016-01-12,6.8,8.0,5.6,6.0,2,8.7,0.0
2016-01-13,6.2,8.4,4.0,10.0,2,9.3,0.0
2016-01-14,5.0,5.6,4.4,6.0,2,10.5,0.0
2016-01-15,2.5,3.6,1.4,6.0,2,13.0,0.0
2016-01-16,2.5,4.0,1.0,7.0,2,13.0,0.0
2016-01-17,-0.9,-0.7,-1.1,5.0,2,16.4,0.0
2016-01-18,-2.4,-0.7,-4.1,7.0,2,17.9,0.0
2016-01-19,-4.9,-1.5,-8.3,2.0,2,20.4,0.0
2016-01-20,-2.7,-1.7,-3.7,5.0,2,18.2,0.0
2016-01-21,-0.65,0.8,-2.1,7.0,2,16.15,0.0
2016-01-22,-2.9,-1.7,-4.1,3.0,2,18.4,0.0
2016-01-23,-4.9,-1.9,-7.9,2.0,2,20.4,0.0
2016-01-24,-2.6,-1.3,-3.9,2.0,2,18.1,0.0
2016-01-25,-1.0,-0.9,-1.1,3.0,2,16.5,0.0
2016-01-26,1.1,1.2,1.0,3.0,2,14.4,0.0
2016-01-27,0.6,1.2,0.0,4.0,2,14.9,0.0
2016-01-28,2.6,5.2,0.0,2.0,2,12.9,0.0
2016-01-29,4.6,5.0,4.2,3.0,2,10.9,0.0
2016-01-30,2.95,6.4,-0.5,3.0,2,12.55,0.0
2016-01-31,5.1,7.2,3.0,5.0,2,10.4,0.0
2016-02-01,6.0,10.0,2.0,6.0,2,9.5,0.0
2016-02-02,12.2,12.2,12.2,6.0,1,3.3000000000000007,0.0
2016-02-03,9.2,11.0,7.4,3.0,2,6.300000000000001,0.0
2016-02-04,4.7,5.4,4.0,9.0,2,10.8,0.0
2016-02-05,4.1,6.2,2.0,6.0,2,11.4,0.0
2016-02-06,2.35,6.0,-1.3,3.0,2,13.15,0.0
2016-02-07,5.9,10.8,1.0,6.0,2,9.6,0.0
2016-02-08,5.5,7.0,4.0,3.0,2,10.0,0.0
2016-02-09,11.0,12.4,9.6,7.0,2,4.5,0.0
2016-02-10,8.6,11.0,6.2,8.0,2,6.9,0.0
2016-02-11,5.5,7.4,3.6,10.0,2,10.0,0.0
2016-02-12,4.15,9.4,-1.1,5.0,2,11.35,0.0
2016-02-13,4.4,4.4,4.4,4.0,1,11.1,0.0
2016-02-14,6.3,10.2,2.4,5.0,2,9.2,0.0
2016-02-15,7.699999999999999,7.8,7.6,4.0,2,7.800000000000001,0.0
2016-02-16,6.0,7.0,5.0,4.0,2,9.5,0.0
2016-02-17,6.199999999999999,7.6,4.8,6.0,2,9.3,0.0
2016-02-18,10.4,10.4,10.4,8.0,1,5.1,0.0
2016-02-19,5.8,7.0,4.6,5.0,2,9.7,0.0
2016-02-20,5.2,7.0,3.4,10.0,2,10.3,0.0
2016-02-21,5.4,7.8,3.0,4.0,2,10.1,0.0
2016-02-22,10.2,14.6,5.8,6.0,2,5.300000000000001,0.0
2016-02-23,8.4,9.8,7.0,3.0,2,7.1,0.0
2016-02-24,7.5,7.6,7.4,13.0,2,8.0,0.0
2016-02-25,6.0,6.0,6.0,10.0,1,9.5,0.0
2016-02-26,4.4,6.6,2.2,8.0,2,11.1,0.0
2016-02-27,2.55,6.0,-0.9,4.0,2,12.95,0.0
2016-02-28,5.3,8.6,2.0,5.0,2,10.2,0.0
2016-02-29,7.5,9.0,6.0,6.0,2,8.0,0.0
2016-03-01,5.199999999999999,7.6,2.8,6.0,2,10.3,0.0
2016-03-02,5.4,8.4,2.4,9.0,2,10.1,0.0
2016-03-03,5.3,7.6,3.0,7.0,2,10.2,0.0
2016-03-04,7.9,10.8,5.0,6.0,2,7.6,0.0
2016-03-05,5.8,9.6,2.0,6.0,2,9.7,0.0
2016-03-06,7.8,9.0,6.6,4.0,2,7.7,0.0
2016-03-07,6.6,7.2,6.0,3.0,2,8.9,0.0
2016-03-08,7.8,9.2,6.4,4.0,2,7.7,0.0
2016-03-09,6.5,10.6,2.4,3.0,2,9.0,0.0
2016-03-10,8.8,13.6,4.0,6.0,2,6.699999999999999,0.0
2016-03-11,11.5,14.0,9.0,5.0,2,4.0,0.0
2016-03-12,9.8,10.8,8.8,5.0,2,5.699999999999999,0.0
2016-03-13,9.5,12.0,7.0,6.0,2,6.0,0.0
2016-03-14,7.4,9.8,5.0,7.0,2,8.1,0.0
2016-03-15,2.2,2.2,2.2,3.0,2,13.3,0.0
2016-03-16,4.8,8.4,1.2,5.0,2,10.7,0.0
2016-03-17,7.2,11.4,3.0,3.0,2,8.3,0.0
2016-03-18,7.8,12.6,3.0,6.0,2,7.7,0.0
2016-03-19,9.5,10.6,8.4,5.0,2,6.0,0.0
2016-03-20,4.9,8.0,1.8,5.0,2,10.6,0.0
2016-03-21,6.4,10.8,2.0,6.0,2,9.1,0.0
2016-03-22,7.1,11.2,3.0,5.0,2,8.4,0.0
2016-03-23,6.199999999999999,8.6,3.8,6.0,2,9.3,0.0
2016-03-24,7.4,9.8,5.0,5.0,2,8.1,0.0
2016-03-25,5.3,10.2,0.4,3.0,2,10.2,0.0
2016-03-26,8.3,10.2,6.4,4.0,2,7.199999999999999,0.0
2016-03-27,8.0,10.8,5.2,3.0,2,7.5,0.0
2016-03-28,7.7,12.4,3.0,3.0,2,7.8,0.0
2016-03-29,10.7,13.2,8.2,7.0,2,4.800000000000001,0.0
2016-03-30,10.399999999999999,15.2,5.6,4.0,2,5.100000000000001,0.0
2016-03-31,14.3,18.6,10.0,4.0,2,1.1999999999999993,0.0
2016-04-01,17.0,19.6,14.4,8.0,2,0.0,0.0
2016-04-02,10.5,12.8,8.2,4.0,2,5.0,0.0
2016-04-03,11.899999999999999,17.4,6.4,4.0,2,3.6000000000000014,0.0
2016-04-04,22.4,22.4,22.4,8.0,1,0.0,4.399999999999999
2016-04-07,15.9,20.8,11.0,3.0,2,0.0,0.0
2016-04-08,15.0,15.0,15.0,2.0,1,0.5,0.0
2016-04-09,10.8,10.8,10.8,2.0,1,4.699999999999999,0.0
2016-04-11,12.2,15.4,9.0,4.0,2,3.3000000000000007,0.0
2016-04-14,14.8,14.8,14.8,14.0,1,0.6999999999999993,0.0
2016-04-16,-10.15,11.0,-31.3,2.0,2,25.65,0.0
2016-04-17,17.9,23.8,12.0,7.0,2,0.0,0.0
2016-04-18,16.4,16.4,16.4,4.0,1,0.0,0.0
2016-04-19,14.7,17.2,12.2,6.0,2,0.8000000000000007,0.0
2016-04-20,10.0,10.0,10.0,8.0,1,5.5,0.0
2016-04-21,10.9,16.8,5.0,5.0,2,4.6,0.0
2016-04-22,20.2,20.2,20.2,4.0,1,0.0,2.1999999999999993
2016-04-23,13.8,19.6,8.0,3.0,2,1.6999999999999993,0.0
2016-04-24,10.3,12.2,8.4,8.0,2,5.199999999999999,0.0
2016-04-25,6.6,7.2,6.0,4.0,2,8.9,0.0
2016-04-26,7.6000000000000005,12.8,2.4,5.0,2,7.8999999999999995,0.0
2016-04-27,10.6,13.2,8.0,6.0,2,4.9,0.0
2016-04-28,8.1,11.6,4.6,6.0,2,7.4,0.0
2016-04-29,8.2,8.2,8.2,6.0,1,7.300000000000001,0.0
2016-04-30,17.0,17.0,17.0,6.0,1,0.0,0.0
2016-05-01,14.2,18.4,10.0,6.0,2,1.3000000000000007,0.0
2016-05-02,15.3,18.6,12.0,2.0,2,0.1999999999999993,0.0
2016-05-04,16.200000000000003,20.6,11.8,6.0,2,0.0,0.0
2016-05-05,21.2,21.2,21.2,6.0,1,0.0,3.1999999999999993
2016-05-06,16.5,21.0,12.0,5.0,2,0.0,0.0
2016-05-07,16.7,21.4,12.0,3.0,2,0.0,0.0
2016-05-08,13.7,18.0,9.4,4.0,2,1.8000000000000007,0.0
2016-05-09,15.5,19.0,12.0,2.0,2,0.0,0.0
2016-05-10,13.1,14.2,12.0,3.0,2,2.4000000000000004,0.0
2016-05-11,13.5,15.0,12.0,4.0,2,2.0,0.0
2016-05-12,15.8,19.6,12.0,6.0,2,0.0,0.0
2016-05-13,16.6,18.8,14.4,6.0,2,0.0,0.0
2016-05-14,15.299999999999999,17.4,13.2,6.0,2,0.20000000000000107,0.0
2016-05-15,12.8,13.6,12.0,8.0,2,2.6999999999999993,0.0
2016-05-16,10.9,13.8,8.0,6.0,2,4.6,0.0
2016-05-17,10.1,12.2,8.0,6.0,2,5.4,0.0
2016-05-18,12.700000000000001,16.6,8.8,5.0,2,2.799999999999999,0.0
2016-05-19,15.4,19.8,11.0,6.0,2,0.09999999999999964,0.0
2016-05-20,16.5,21.0,12.0,4.0,2,0.0,0.0
2016-05-21,18.2,22.8,13.6,3.0,2,0.0,0.1999999999999993
2016-05-22,18.8,25.2,12.4,4.0,2,0.0,0.8000000000000007
2016-05-23,20.0,26.8,13.2,5.0,2,0.0,2.0
2016-05-24,17.0,17.0,17.0,6.0,1,0.0,0.0
2016-05-25,19.0,23.2,14.8,8.0,2,0.0,1.0
2016-05-26,19.6,23.2,16.0,4.0,2,0.0,1.6000000000000014
2016-05-27,19.9,25.2,14.6,4.0,2,0.0,1.8999999999999986
2016-05-28,17.0,17.0,17.0,4.0,1,0.0,0.0
2016-05-29,22.8,26.6,19.0,4.0,2,0.0,4.800000000000001
2016-05-30,23.4,24.8,22.0,6.0,2,0.0,5.399999999999999
2016-05-31,24.4,24.4,24.4,6.0,1,0.0,6.399999999999999
2016-06-01,19.200000000000003,21.8,16.6,5.0,2,0.0,1.2000000000000028
2016-06-02,16.9,19.0,14.8,2.0,2,0.0,0.0
2016-06-04,23.6,23.6,23.6,6.0,1,0.0,5.600000000000001
2016-06-05,24.4,24.4,24.4,4.0,1,0.0,6.399999999999999
2016-06-06,17.4,17.4,17.4,4.0,1,0.0,0.0
2016-06-07,18.6,21.2,16.0,5.0,2,0.0,0.6000000000000014
2016-06-08,13.4,13.4,13.4,2.0,1,2.0999999999999996,0.0
2016-06-09,24.8,24.8,24.8,6.0,1,0.0,6.800000000000001
2016-06-10,19.6,19.6,19.6,6.0,1,0.0,1.6000000000000014
2016-06-11,18.8,24.6,13.0,4.0,2,0.0,0.8000000000000007
2016-06-12,17.2,18.8,15.6,4.0,2,0.0,0.0
2016-06-13,18.9,21.6,16.2,5.0,2,0.0,0.8999999999999986
2016-06-14,19.6,24.2,15.0,6.0,2,0.0,1.6000000000000014
2016-06-15,17.6,20.2,15.0,4.0,2,0.0,0.0
2016-06-16,19.5,26.0,13.0,8.0,2,0.0,1.5
2016-06-17,24.1,28.0,20.2,9.0,2,0.0,6.100000000000001
2016-06-18,21.5,25.4,17.6,3.0,2,0.0,3.5
2016-06-19,21.7,26.4,17.0,3.0,2,0.0,3.6999999999999993
2016-06-20,21.1,24.2,18.0,4.0,2,0.0,3.1000000000000014
2016-06-21,22.4,26.4,18.4,3.0,2,0.0,4.399999999999999
2016-06-22,25.0,30.0,20.0,4.0,2,0.0,7.0
2016-06-23,32.0,32.0,32.0,4.0,1,0.0,14.0
2016-06-24,28.2,32.8,23.6,3.0,2,0.0,10.2
2016-06-25,28.0,32.2,23.8,5.0,2,0.0,10.0
2016-06-26,26.200000000000003,28.6,23.8,4.0,2,0.0,8.200000000000003
2016-06-27,21.0,23.0,19.0,8.0,2,0.0,3.0
2016-06-28,21.1,24.0,18.2,6.0,2,0.0,3.1000000000000014
2016-06-29,21.700000000000003,26.8,16.6,3.0,2,0.0,3.700000000000003
2016-06-30,23.799999999999997,29.4,18.2,4.0,2,0.0,5.799999999999997
2016-07-01,24.7,29.4,20.0,4.0,2,0.0,6.699999999999999
2016-07-02,26.0,30.8,21.2,4.0,2,0.0,8.0
2016-07-03,23.2,23.2,23.2,4.0,1,0.0,5.199999999999999
2016-07-04,21.0,24.4,17.6,5.0,2,0.0,3.0
2016-07-05,21.4,27.0,15.8,4.0,2,0.0,3.3999999999999986
2016-07-06,23.2,26.4,20.0,6.0,2,0.0,5.199999999999999
2016-07-07,20.4,22.8,18.0,8.0,2,0.0,2.3999999999999986
2016-07-08,20.4,26.4,14.4,4.0,2,0.0,2.3999999999999986
2016-07-09,23.0,26.4,19.6,5.0,2,0.0,5.0
2016-07-10,27.8,27.8,27.8,6.0,1,0.0,9.8
2016-07-11,25.2,31.4,19.0,6.0,2,0.0,7.199999999999999
2016-07-12,26.1,32.2,20.0,4.0,2,0.0,8.100000000000001
2016-07-13,25.8,26.8,24.8,5.0,2,0.0,7.800000000000001
2016-07-14,19.1,20.0,18.2,5.0,2,0.0,1.1000000000000014
2016-07-15,17.9,20.8,15.0,10.0,2,0.0,0.0
2016-07-16,15.8,17.0,14.6,7.0,2,0.0,0.0
2016-07-17,15.9,17.0,14.8,7.0,2,0.0,0.0
2016-07-18,25.0,25.0,25.0,10.0,1,0.0,7.0
2016-07-19,21.9,23.6,20.2,6.0,2,0.0,3.8999999999999986
2016-07-20,21.7,24.4,19.0,3.0,2,0.0,3.6999999999999993
2016-07-21,27.0,27.0,27.0,4.0,1,0.0,9.0
2016-07-22,23.0,27.0,19.0,3.0,2,0.0,5.0
2016-07-23,23.8,26.6,21.0,3.0,2,0.0,5.800000000000001
2016-07-24,25.0,28.2,21.8,3.0,2,0.0,7.0
2016-07-25,23.8,25.6,22.0,4.0,2,0.0,5.800000000000001
2016-07-26,25.0,28.0,22.0,4.0,2,0.0,7.0
2016-07-27,23.200000000000003,26.6,19.8,2.0,2,0.0,5.200000000000003
2016-07-29,22.9,26.8,19.0,3.0,2,0.0,4.899999999999999
2016-07-30,21.0,21.0,21.0,4.0,1,0.0,3.0
2016-07-31,20.6,20.6,20.6,2.0,1,0.0,2.6000000000000014
2016-08-02,19.0,19.0,19.0,2.0,1,0.0,1.0
2016-08-03,19.8,23.6,16.0,4.0,2,0.0,1.8000000000000007
2016-08-05,29.4,29.4,29.4,6.0,1,0.0,11.399999999999999
2016-08-06,22.0,23.4,20.6,9.0,2,0.0,4.0
2016-08-07,22.0,25.0,19.0,6.0,2,0.0,4.0
2016-08-08,20.4,25.0,15.8,3.0,2,0.0,2.3999999999999986
2016-08-09,21.1,26.6,15.6,4.0,2,0.0,3.1000000000000014
2016-08-10,21.0,22.6,19.4,5.0,2,0.0,3.0
2016-08-11,16.0,18.4,13.6,7.0,2,0.0,0.0
2016-08-12,11.8,11.8,11.8,2.0,1,3.6999999999999993,0.0
2016-08-13,17.5,21.4,13.6,4.0,2,0.0,0.0
2016-08-14,20.0,25.4,14.6,4.0,2,0.0,2.0
2016-08-15,22.299999999999997,27.4,17.2,2.0,2,0.0,4.299999999999997
2016-08-16,22.4,24.8,20.0,3.0,2,0.0,4.399999999999999
2016-08-17,18.3,20.0,16.6,3.0,2,0.0,0.3000000000000007
2016-08-18,19.0,22.4,15.6,4.0,2,0.0,1.0
2016-08-19,21.700000000000003,24.6,18.8,5.0,2,0.0,3.700000000000003
2016-08-20,23.8,28.0,19.6,5.0,2,0.0,5.800000000000001
2016-08-21,23.4,27.0,19.8,3.0,2,0.0,5.399999999999999
2016-08-22,16.700000000000003,18.6,14.8,9.0,2,0.0,0.0
2016-08-23,20.2,24.2,16.2,5.0,2,0.0,2.1999999999999993
2016-08-24,20.5,25.0,16.0,3.0,2,0.0,2.5
2016-08-25,22.3,26.0,18.6,5.0,2,0.0,4.300000000000001
2016-08-26,21.9,26.0,17.8,5.0,2,0.0,3.8999999999999986
2016-08-27,22.200000000000003,26.8,17.6,4.0,2,0.0,4.200000000000003
2016-08-28,23.6,28.6,18.6,4.0,2,0.0,5.600000000000001
2016-08-29,23.8,28.6,19.0,4.0,2,0.0,5.800000000000001
2016-08-30,23.9,25.2,22.6,6.0,2,0.0,5.899999999999999
2016-08-31,23.6,23.6,23.6,4.0,1,0.0,5.600000000000001
2016-09-01,20.0,24.8,15.2,2.0,2,0.0,2.0
2016-09-02,21.2,26.8,15.6,4.0,2,0.0,3.1999999999999993
2016-09-03,22.7,27.0,18.4,3.0,2,0.0,4.699999999999999
2016-09-05,18.799999999999997,20.4,17.2,4.0,2,0.0,0.7999999999999972
2016-09-06,17.7,19.2,16.2,6.0,2,0.0,0.0
2016-09-07,22.0,26.8,17.2,7.0,2,0.0,4.0
2016-09-08,23.4,28.2,18.6,4.0,2,0.0,5.399999999999999
2016-09-10,20.0,20.0,20.0,4.0,1,0.0,2.0
2016-09-11,29.4,29.4,29.4,4.0,1,0.0,11.399999999999999
2016-09-12,20.0,20.0,20.0,2.0,1,0.0,2.0
2016-09-13,24.200000000000003,28.8,19.6,4.0,2,0.0,6.200000000000003
2016-09-18,18.6,22.4,14.8,3.0,2,0.0,0.6000000000000014
2016-09-19,19.6,22.6,16.6,4.0,2,0.0,1.6000000000000014
2016-09-20,17.0,18.8,15.2,5.0,2,0.0,0.0
2016-09-21,12.700000000000001,16.6,8.8,3.0,2,2.799999999999999,0.0
2016-09-22,14.799999999999999,16.4,13.2,3.0,2,0.7000000000000011,0.0
2016-09-23,13.399999999999999,18.2,8.6,3.0,2,2.1000000000000014,0.0
2016-09-24,15.4,20.8,10.0,3.0,2,0.09999999999999964,0.0
2016-09-25,15.2,18.4,12.0,2.0,2,0.3000000000000007,0.0
2016-09-26,15.4,19.6,11.2,4.0,2,0.09999999999999964,0.0
2016-09-27,15.5,20.2,10.8,3.0,2,0.0,0.0
2016-09-30,17.4,22.4,12.4,4.0,2,0.0,0.0
2016-10-01,17.1,21.4,12.8,5.0,2,0.0,0.0
2016-10-02,16.700000000000003,20.6,12.8,4.0,2,0.0,0.0
2016-10-03,16.0,17.0,15.0,8.0,2,0.0,0.0
2016-10-04,12.5,13.2,11.8,8.0,2,3.0,0.0
2016-10-05,10.1,10.2,10.0,8.0,2,5.4,0.0
2016-10-06,6.8,7.6,6.0,5.0,2,8.7,0.0
2016-10-07,6.8,10.0,3.6,3.0,2,8.7,0.0
2016-10-08,8.0,12.2,3.8,3.0,2,7.5,0.0
2016-10-09,8.8,12.8,4.8,2.0,2,6.699999999999999,0.0
2016-10-10,8.2,13.0,3.4,3.0,2,7.300000000000001,0.0
2016-10-11,8.5,9.2,7.8,6.0,2,7.0,0.0
2016-10-12,8.8,10.8,6.8,7.0,2,6.699999999999999,0.0
2016-10-13,9.2,9.8,8.6,3.0,2,6.300000000000001,0.0
2016-10-14,7.7,10.4,5.0,5.0,2,7.8,0.0
2016-10-15,10.899999999999999,13.2,8.6,5.0,2,4.600000000000001,0.0
2016-10-16,12.5,15.2,9.8,3.0,2,3.0,0.0
2016-10-18,10.0,11.4,8.6,5.0,2,5.5,0.0
2016-10-19,9.8,10.8,8.8,4.0,2,5.699999999999999,0.0
2016-10-20,10.1,11.0,9.2,6.0,2,5.4,0.0
2016-10-21,9.5,9.6,9.4,2.0,2,6.0,0.0
2016-10-22,10.399999999999999,12.6,8.2,5.0,2,5.100000000000001,0.0
2016-10-23,10.2,10.2,10.2,6.0,1,5.300000000000001,0.0
2016-10-24,10.2,11.2,9.2,4.0,2,5.300000000000001,0.0
2016-10-25,16.4,16.4,16.4,4.0,1,0.0,0.0
2016-10-26,13.600000000000001,14.4,12.8,4.0,2,1.8999999999999986,0.0
2016-10-27,9.2,10.6,7.8,2.0,2,6.300000000000001,0.0
2016-10-28,7.5,10.4,4.6,4.0,2,8.0,0.0
2016-10-29,10.2,14.2,6.2,6.0,2,5.300000000000001,0.0
2016-10-30,9.5,10.4,8.6,8.0,2,6.0,0.0
2016-10-31,7.699999999999999,10.2,5.2,5.0,2,7.800000000000001,0.0
2016-11-01,8.2,11.4,5.0,2.0,2,7.300000000000001,0.0
2016-11-02,8.8,13.6,4.0,6.0,2,6.699999999999999,0.0
2016-11-04,5.8,5.8,5.8,4.0,1,9.7,0.0
2016-11-05,2.1,3.8,0.4,5.0,2,13.4,0.0
2016-11-06,12.7,14.8,10.6,6.0,2,2.8000000000000007,0.0
2016-11-07,8.0,8.6,7.4,6.0,2,7.5,0.0
2016-11-08,5.699999999999999,6.8,4.6,2.0,2,9.8,0.0
2016-11-09,5.5,6.8,4.2,7.0,2,10.0,0.0
2016-11-10,0.6500000000000001,3.2,-1.9,2.0,2,14.85,0.0
2016-11-11,3.4,3.4,3.4,4.0,1,12.1,0.0
2016-11-12,5.9,6.2,5.6,7.0,2,9.6,0.0
2016-11-14,5.6,5.6,5.6,2.0,1,9.9,0.0
2016-11-15,4.2,4.2,4.2,4.0,1,11.3,0.0
2016-11-18,9.0,9.0,9.0,4.0,1,6.5,0.0
2016-11-19,10.4,10.4,10.4,6.0,1,5.1,0.0
2016-11-20,13.0,13.0,13.0,6.0,1,2.5,0.0
2016-11-21,9.399999999999999,9.6,9.2,6.0,2,6.100000000000001,0.0
2016-11-22,7.1,8.6,5.6,6.0,2,8.4,0.0
2016-11-23,6.9,8.6,5.2,4.0,2,8.6,0.0
2016-11-24,5.9,8.0,3.8,5.0,2,9.6,0.0
2016-11-25,7.0,9.0,5.0,5.0,2,8.5,0.0
2016-11-26,6.8,9.0,4.6,3.0,2,8.7,0.0
2016-11-27,7.6000000000000005,8.8,6.4,6.0,2,7.8999999999999995,0.0
2016-11-28,3.7,3.8,3.6,10.0,2,11.8,0.0
2016-11-29,1.6500000000000001,3.6,-0.3,6.0,2,13.85,0.0
2016-11-30,1.4500000000000002,3.6,-0.7,6.0,2,14.05,0.0
2016-12-01,2.7,4.0,1.4,9.0,2,12.8,0.0
2016-12-02,6.800000000000001,7.4,6.2,17.5,2,8.7,0.0
2016-12-05,0.2,0.2,0.2,4.0,1,15.3,0.0
2016-12-06,-1.65,1.2,-4.5,4.0,2,17.15,0.0
2016-12-07,-1.35,2.2,-4.9,4.0,2,16.85,0.0
2016-12-08,-3.5,-2.9,-4.1,4.0,2,19.0,0.0
2016-12-09,0.25,2.8,-2.3,4.0,2,15.25,0.0
2016-12-10,10.0,10.0,10.0,6.0,1,5.5,0.0
2016-12-11,6.3,9.2,3.4,4.0,2,9.2,0.0
2016-12-12,7.0,7.2,6.8,13.0,2,8.5,0.0
2016-12-13,0.04999999999999999,1.0,-0.9,5.0,2,15.45,0.0
2016-12-14,-3.2,-2.7,-3.7,2.0,2,18.7,0.0
2016-12-15,-1.2,-0.7,-1.7,2.0,2,16.7,0.0
2016-12-16,0.1499999999999999,2.8,-2.5,3.0,2,15.35,0.0
2016-12-17,-4.300000000000001,-3.7,-4.9,3.0,2,19.8,0.0
2016-12-18,-2.5,-1.9,-3.1,2.0,2,18.0,0.0
2016-12-19,-3.5,-3.3,-3.7,2.0,2,19.0,0.0
2016-12-20,-3.9,-3.7,-4.1,3.0,2,19.4,0.0
2016-12-21,-3.8,-3.5,-4.1,3.0,2,19.3,0.0
2016-12-22,-2.7,-2.5,-2.9,2.0,2,18.2,0.0
2016-12-23,-2.9,-2.5,-3.3,4.0,2,18.4,0.0
2016-12-24,-1.9,-1.5,-2.3,3.0,2,17.4,0.0
2016-12-25,1.25,3.4,-0.9,5.0,2,14.25,0.0
2016-12-26,7.300000000000001,9.8,4.8,7.0,2,8.2,0.0
2016-12-27,8.0,9.6,6.4,14.0,2,7.5,0.0
2016-12-28,4.5,5.2,3.8,12.0,2,11.0,0.0
2016-12-29,2.3,3.8,0.8,8.0,2,13.2,0.0
2016-12-30,-1.0499999999999998,1.2,-3.3,4.0,2,16.55,0.0
2016-12-31,-2.0500000000000003,0.6,-4.7,3.0,2,17.55,0.0
2017-01-02,-5.3,-5.3,-5.3,2.0,1,20.8,0.0
2017-01-03,-0.44999999999999996,2.2,-3.1,7.0,2,15.95,0.0
2017-01-04,-0.9,-0.5,-1.3,6.0,2,16.4,0.0
2017-01-05,1.5,2.4,0.6,10.0,2,14.0,0.0
2017-01-06,-5.3,-5.1,-5.5,9.0,2,20.8,0.0
2017-01-07,-11.0,-9.5,-12.5,5.0,2,26.5,0.0
2017-01-09,-8.2,-3.7,-12.7,4.0,2,23.7,0.0
2017-01-10,-8.1,-7.3,-8.9,3.0,2,23.6,0.0
2017-01-11,-6.8999999999999995,-3.1,-10.7,3.0,2,22.4,0.0
2017-01-12,-5.9,-2.5,-9.3,5.0,2,21.4,0.0
2017-01-13,0.30000000000000004,0.4,0.2,4.0,2,15.2,0.0
2017-01-15,2.4,2.4,2.4,6.0,1,13.1,0.0
2017-01-16,-3.0,-2.9,-3.1,3.0,2,18.5,0.0
2017-01-17,-1.85,0.8,-4.5,6.0,2,17.35,0.0
2017-01-18,-1.3499999999999999,0.6,-3.3,6.0,2,16.85,0.0
2017-01-19,-2.4499999999999997,0.2,-5.1,4.0,2,17.95,0.0
2017-01-20,-4.9,-1.5,-8.3,3.0,2,20.4,0.0
2017-01-21,-5.0,-0.9,-9.1,3.0,2,20.5,0.0
2017-01-22,-5.1,-1.5,-8.7,2.0,2,20.6,0.0
2017-01-23,-4.0,-3.1,-4.9,5.0,2,19.5,0.0
2017-01-24,-4.3,-1.9,-6.7,3.0,2,19.8,0.0
2017-01-25,-4.5,-1.7,-7.3,3.0,2,20.0,0.0
2017-01-26,-0.45,0.4,-1.3,6.0,2,15.95,0.0
2017-01-27,-7.7,-5.9,-9.5,3.0,2,23.2,0.0
2017-01-28,-7.800000000000001,-6.7,-8.9,4.0,2,23.3,0.0
2017-01-29,-9.1,-7.7,-10.5,3.0,2,24.6,0.0
2017-01-30,-8.600000000000001,-6.9,-10.3,3.0,2,24.1,0.0
2017-01-31,-6.0,-5.1,-6.9,5.0,2,21.5,0.0
2017-02-01,-0.15,0.2,-0.5,4.0,2,15.65,0.0
2017-02-02,2.8,4.2,1.4,2.0,2,12.7,0.0
2017-02-03,6.4,10.0,2.8,4.0,2,9.1,0.0
2017-02-04,6.1,7.0,5.2,4.0,2,9.4,0.0
2017-02-05,4.8,8.6,1.0,6.0,2,10.7,0.0
2017-02-06,4.3,4.8,3.8,5.0,2,11.2,0.0
2017-02-07,2.9,3.0,2.8,5.0,2,12.6,0.0
2017-02-08,-0.14999999999999997,0.4,-0.7,5.0,2,15.65,0.0
2017-02-09,0.14999999999999997,1.2,-0.9,3.0,2,15.35,0.0
2017-02-10,0.04999999999999999,1.0,-0.9,4.0,2,15.45,0.0
2017-02-11,0.1499999999999999,2.4,-2.1,3.0,2,15.35,0.0
2017-02-12,0.44999999999999996,2.4,-1.5,4.0,2,15.05,0.0
2017-02-13,-1.3499999999999999,0.6,-3.3,2.0,2,16.85,0.0
2017-02-14,-2.7,-2.7,-2.7,4.0,1,18.2,0.0
2017-02-15,-2.4,-1.9,-2.9,3.0,2,17.9,0.0
2017-02-16,-2.4000000000000004,-2.1,-2.7,2.0,2,17.9,0.0
2017-02-17,-2.4,-1.7,-3.1,2.0,2,17.9,0.0
2017-02-18,-0.95,0.4,-2.3,3.0,2,16.45,0.0
2017-02-19,2.9,4.6,1.2,3.0,2,12.6,0.0
2017-02-20,2.0,3.8,0.2,4.0,2,13.5,0.0
2017-02-21,3.8,6.0,1.6,4.0,2,11.7,0.0
2017-02-22,8.3,10.2,6.4,7.0,2,7.199999999999999,0.0
2017-02-23,9.0,10.8,7.2,8.0,2,6.5,0.0
2017-02-24,9.3,10.2,8.4,10.0,2,6.199999999999999,0.0
2017-02-25,6.5,7.0,6.0,9.0,2,9.0,0.0
2017-02-26,3.25,8.0,-1.5,5.0,2,12.25,0.0
2017-02-27,8.8,12.8,4.8,4.0,2,6.699999999999999,0.0
2017-02-28,12.6,16.4,8.8,11.0,2,2.9000000000000004,0.0
2017-03-01,9.899999999999999,11.2,8.6,9.0,2,5.600000000000001,0.0
2017-03-02,5.9,10.0,1.8,6.0,2,9.6,0.0
2017-03-03,10.600000000000001,12.4,8.8,6.0,2,4.899999999999999,0.0
2017-03-04,10.8,16.6,5.0,7.0,2,4.699999999999999,0.0
2017-03-05,11.9,12.0,11.8,7.0,2,3.5999999999999996,0.0
2017-03-06,9.0,11.2,6.8,7.0,2,6.5,0.0
2017-03-07,2.0,2.0,2.0,2.0,1,13.5,0.0
2017-03-08,10.7,13.6,7.8,6.0,2,4.800000000000001,0.0
2017-03-09,6.699999999999999,7.6,5.8,3.0,2,8.8,0.0
2017-03-13,7.5,11.4,3.6,5.0,2,8.0,0.0
2017-03-14,7.0,10.2,3.8,5.0,2,8.5,0.0
2017-03-15,3.6,3.6,3.6,4.0,1,11.9,0.0
2017-03-16,9.5,12.0,7.0,6.0,2,6.0,0.0
2017-03-17,8.7,11.8,5.6,5.0,2,6.800000000000001,0.0
2017-03-18,7.4,7.6,7.2,4.0,2,8.1,0.0
2017-03-19,11.0,11.0,11.0,10.0,1,4.5,0.0
2017-03-20,11.3,15.8,6.8,8.0,2,4.199999999999999,0.0
2017-03-21,12.200000000000001,17.6,6.8,3.0,2,3.299999999999999,0.0
2017-03-22,15.600000000000001,20.6,10.6,5.0,2,0.0,0.0
2017-03-23,15.899999999999999,19.4,12.4,3.0,2,0.0,0.0
2017-03-24,16.4,19.6,13.2,5.0,2,0.0,0.0
2017-03-25,10.7,13.2,8.2,4.0,2,4.800000000000001,0.0
2017-03-26,9.0,9.0,9.0,6.0,1,6.5,0.0
2017-03-27,11.6,11.6,11.6,4.0,1,3.9000000000000004,0.0
2017-03-28,11.5,18.0,5.0,5.0,2,4.0,0.0
2017-03-29,15.2,21.2,9.2,5.0,2,0.3000000000000007,0.0
2017-03-30,16.0,17.6,14.4,6.0,2,0.0,0.0
2017-03-31,14.0,18.8,9.2,5.0,2,1.5,0.0
2017-04-01,14.9,20.0,9.8,7.0,2,0.5999999999999996,0.0
2017-04-02,16.3,20.8,11.8,5.0,2,0.0,0.0
2017-04-03,17.5,23.6,11.4,2.0,2,0.0,0.0
2017-04-04,18.3,22.0,14.6,7.0,2,0.0,0.3000000000000007
2017-04-05,13.2,15.2,11.2,5.0,2,2.3000000000000007,0.0
2017-04-06,10.3,11.0,9.6,9.0,2,5.199999999999999,0.0
2017-04-07,7.6,8.2,7.0,8.0,2,7.9,0.0
2017-04-08,11.8,15.4,8.2,11.0,2,3.6999999999999993,0.0
2017-04-09,11.7,15.2,8.2,5.0,2,3.8000000000000007,0.0
2017-04-10,12.899999999999999,18.4,7.4,4.0,2,2.6000000000000014,0.0
2017-04-11,12.3,14.8,9.8,9.5,2,3.1999999999999993,0.0
2017-04-12,10.0,13.0,7.0,5.0,2,5.5,0.0
2017-04-13,12.9,16.8,9.0,7.0,2,2.5999999999999996,0.0
2017-04-14,11.4,15.4,7.4,9.0,2,4.1,0.0
2017-04-15,9.600000000000001,13.8,5.4,5.0,2,5.899999999999999,0.0
2017-04-16,12.399999999999999,14.6,10.2,7.0,2,3.1000000000000014,0.0
2017-04-17,9.7,13.0,6.4,5.0,2,5.800000000000001,0.0
2017-04-18,7.699999999999999,8.6,6.8,3.0,2,7.800000000000001,0.0
2017-04-19,2.9,4.8,1.0,7.0,2,12.6,0.0
2017-04-20,3.5,4.2,2.8,7.0,2,12.0,0.0
2017-04-21,6.0,9.0,3.0,7.0,2,9.5,0.0
2017-04-22,10.0,13.4,6.6,8.0,2,5.5,0.0
2017-04-23,8.2,10.2,6.2,10.0,2,7.300000000000001,0.0
2017-04-24,8.6,11.6,5.6,8.0,2,6.9,0.0
2017-04-25,15.0,21.0,9.0,10.0,2,0.5,0.0
2017-04-26,16.4,19.6,13.2,7.0,2,0.0,0.0
2017-04-27,15.5,18.0,13.0,4.0,2,0.0,0.0
2017-04-28,14.600000000000001,17.8,11.4,3.0,2,0.8999999999999986,0.0
2017-04-29,11.6,11.6,11.6,6.0,1,3.9000000000000004,0.0
2017-04-30,11.0,14.4,7.6,5.0,2,4.5,0.0
2017-05-01,10.4,14.6,6.2,4.0,2,5.1,0.0
2017-05-02,16.6,20.0,13.2,5.0,2,0.0,0.0
2017-05-03,14.9,17.0,12.8,5.0,2,0.5999999999999996,0.0
2017-05-04,15.4,20.0,10.8,4.0,2,0.09999999999999964,0.0
2017-05-05,14.899999999999999,17.4,12.4,6.0,2,0.6000000000000014,0.0
2017-05-06,16.7,20.4,13.0,6.0,2,0.0,0.0
2017-05-07,15.3,17.6,13.0,5.0,2,0.1999999999999993,0.0
2017-05-08,15.0,16.8,13.2,8.0,2,0.5,0.0
2017-05-09,10.0,10.4,9.6,4.0,2,5.5,0.0
2017-05-10,9.3,12.0,6.6,4.0,2,6.199999999999999,0.0
2017-05-11,12.5,19.4,5.6,6.0,2,3.0,0.0
2017-05-12,18.8,23.0,14.6,6.0,2,0.0,0.8000000000000007
2017-05-13,16.799999999999997,19.4,14.2,5.0,2,0.0,0.0
2017-05-14,17.9,22.4,13.4,4.0,2,0.0,0.0
2017-05-15,18.0,22.8,13.2,3.0,2,0.0,0.0
2017-05-16,19.9,23.2,16.6,4.0,2,0.0,1.8999999999999986
2017-05-17,18.200000000000003,21.6,14.8,6.0,2,0.0,0.20000000000000284
2017-05-18,18.8,24.2,13.4,4.0,2,0.0,0.8000000000000007
2017-05-19,19.3,25.2,13.4,5.0,2,0.0,1.3000000000000007
2017-05-20,19.5,23.6,15.4,6.0,2,0.0,1.5
2017-05-21,19.5,23.8,15.2,7.0,2,0.0,1.5
2017-05-22,20.7,25.2,16.2,4.0,2,0.0,2.6999999999999993
2017-05-23,20.1,24.4,15.8,3.0,2,0.0,2.1000000000000014
2017-05-24,17.9,20.8,15.0,6.0,2,0.0,0.0
2017-05-25,15.700000000000001,18.6,12.8,6.0,2,0.0,0.0
2017-05-26,18.1,22.0,14.2,4.0,2,0.0,0.10000000000000142
2017-05-27,19.1,23.2,15.0,5.0,2,0.0,1.1000000000000014
2017-05-28,18.4,23.0,13.8,4.0,2,0.0,0.3999999999999986
2017-05-29,19.5,25.6,13.4,4.0,2,0.0,1.5
2017-05-30,21.7,27.8,15.6,5.0,2,0.0,3.6999999999999993
2017-05-31,22.4,26.8,18.0,3.0,2,0.0,4.399999999999999
2017-06-01,23.0,26.4,19.6,5.0,2,0.0,5.0
2017-06-02,20.700000000000003,26.6,14.8,2.0,2,0.0,2.700000000000003
2017-06-03,24.1,28.4,19.8,3.0,2,0.0,6.100000000000001
2017-06-04,23.799999999999997,29.4,18.2,6.0,2,0.0,5.799999999999997
2017-06-05,22.299999999999997,26.4,18.2,5.0,2,0.0,4.299999999999997
2017-06-06,23.6,27.4,19.8,5.0,2,0.0,5.600000000000001
2017-06-07,19.9,21.2,18.6,12.0,2,0.0,1.8999999999999986
2017-06-08,19.700000000000003,22.8,16.6,9.0,2,0.0,1.7000000000000028
2017-06-09,19.9,25.6,14.2,5.0,2,0.0,1.8999999999999986
2017-06-10,19.9,24.6,15.2,6.0,2,0.0,1.8999999999999986
2017-06-11,20.5,25.0,16.0,4.0,2,0.0,2.5
2017-06-12,21.8,27.8,15.8,4.0,2,0.0,3.8000000000000007
2017-06-13,23.8,27.0,20.6,7.0,2,0.0,5.800000000000001
2017-06-14,21.799999999999997,24.2,19.4,6.0,2,0.0,3.799999999999997
2017-06-15,20.6,24.4,16.8,5.0,2,0.0,2.6000000000000014
2017-06-16,18.2,21.0,15.4,4.0,2,0.0,0.1999999999999993
2017-06-17,19.6,20.2,19.0,9.0,2,0.0,1.6000000000000014
2017-06-18,19.0,24.0,14.0,8.0,2,0.0,1.0
2017-06-19,23.2,28.0,18.4,4.0,2,0.0,5.199999999999999
2017-06-20,23.9,30.0,17.8,5.0,2,0.0,5.899999999999999
2017-06-21,25.4,31.6,19.2,4.0,2,0.0,7.399999999999999
2017-06-22,26.0,31.6,20.4,6.0,2,0.0,8.0
2017-06-23,26.2,30.4,22.0,8.0,2,0.0,8.2
2017-06-24,26.0,29.6,22.4,6.0,2,0.0,8.0
2017-06-25,24.4,26.4,22.4,5.0,2,0.0,6.399999999999999
2017-06-26,21.8,25.0,18.6,5.0,2,0.0,3.8000000000000007
2017-06-27,24.1,30.6,17.6,4.0,2,0.0,6.100000000000001
2017-06-28,27.0,32.0,22.0,6.0,2,0.0,9.0
2017-06-29,22.4,25.4,19.4,6.0,2,0.0,4.399999999999999
2017-06-30,24.1,28.8,19.4,9.0,2,0.0,6.100000000000001
2017-07-01,21.1,23.6,18.6,4.0,2,0.0,3.1000000000000014
2017-07-02,19.9,23.8,16.0,6.0,2,0.0,1.8999999999999986
2017-07-03,21.7,24.2,19.2,7.0,2,0.0,3.6999999999999993
2017-07-04,21.200000000000003,25.8,16.6,5.0,2,0.0,3.200000000000003
2017-07-05,24.1,28.6,19.6,4.0,2,0.0,6.100000000000001
2017-07-06,24.700000000000003,28.8,20.6,6.0,2,0.0,6.700000000000003
2017-07-07,23.4,27.8,19.0,26.5,2,0.0,5.399999999999999
2017-07-08,24.3,30.6,18.0,8.0,2,0.0,6.300000000000001
2017-07-09,24.8,29.0,20.6,3.0,2,0.0,6.800000000000001
2017-07-10,27.700000000000003,32.6,22.8,7.0,2,0.0,9.700000000000003
2017-07-11,23.6,27.4,19.8,7.0,2,0.0,5.600000000000001
2017-07-12,23.299999999999997,27.4,19.2,6.0,2,0.0,5.299999999999997
2017-07-13,21.8,22.6,21.0,7.0,2,0.0,3.8000000000000007
2017-07-14,17.6,21.0,14.2,4.0,2,0.0,0.0
2017-07-15,17.9,21.0,14.8,6.0,2,0.0,0.0
2017-07-16,19.0,22.8,15.2,4.0,2,0.0,1.0
2017-07-17,21.200000000000003,25.6,16.8,3.0,2,0.0,3.200000000000003
2017-07-18,16.4,16.4,16.4,2.0,1,0.0,0.0
2017-07-19,25.4,31.4,19.4,5.0,2,0.0,7.399999999999999
2017-07-20,27.0,32.8,21.2,5.0,2,0.0,9.0
2017-07-21,25.9,30.0,21.8,3.0,2,0.0,7.899999999999999
2017-07-22,21.5,21.6,21.4,3.0,2,0.0,3.5
2017-07-23,25.299999999999997,30.4,20.2,2.0,2,0.0,7.299999999999997
2017-07-24,15.899999999999999,29.4,2.4,4.0,2,0.0,0.0
2017-07-25,20.0,21.0,19.0,9.0,2,0.0,2.0
2017-07-26,20.1,23.0,17.2,7.0,2,0.0,2.1000000000000014
2017-07-27,16.0,17.6,14.4,4.0,2,0.0,0.0
2017-07-28,21.4,26.2,16.6,6.0,2,0.0,3.3999999999999986
2017-07-29,23.200000000000003,26.6,19.8,5.0,2,0.0,5.200000000000003
2017-07-30,23.4,29.8,17.0,4.0,2,0.0,5.399999999999999
2017-07-31,26.799999999999997,31.2,22.4,4.0,2,0.0,8.799999999999997
2017-08-01,28.5,34.8,22.2,4.0,2,0.0,10.5
2017-08-02,28.1,33.4,22.8,4.0,2,0.0,10.100000000000001
2017-08-03,30.4,35.6,25.2,5.0,2,0.0,12.399999999999999
2017-08-04,30.6,37.2,24.0,4.0,2,0.0,12.600000000000001
2017-08-05,30.1,33.4,26.8,4.0,2,0.0,12.100000000000001
2017-08-06,29.0,31.8,26.2,7.0,2,0.0,11.0
2017-08-07,19.0,19.6,18.4,6.0,2,0.0,1.0
2017-08-08,19.1,23.4,14.8,4.0,2,0.0,1.1000000000000014
2017-08-09,25.5,31.2,19.8,5.0,2,0.0,7.5
2017-08-10,29.700000000000003,34.2,25.2,6.0,2,0.0,11.700000000000003
2017-08-11,29.7,32.8,26.6,9.0,2,0.0,11.7
2017-08-12,22.4,23.6,21.2,11.0,2,0.0,4.399999999999999
2017-08-13,20.1,20.2,20.0,6.0,2,0.0,2.1000000000000014
2017-08-14,20.9,26.8,15.0,4.0,2,0.0,2.8999999999999986
2017-08-15,22.9,28.2,17.6,4.0,2,0.0,4.899999999999999
2017-08-16,24.1,30.0,18.2,7.0,2,0.0,6.100000000000001
2017-08-17,25.200000000000003,30.8,19.6,5.0,2,0.0,7.200000000000003
2017-08-18,26.6,31.8,21.4,4.0,2,0.0,8.600000000000001
2017-08-19,26.4,31.4,21.4,6.0,2,0.0,8.399999999999999
2017-08-20,19.9,20.8,19.0,8.0,2,0.0,1.8999999999999986
2017-08-21,17.7,22.0,13.4,6.0,2,0.0,0.0
2017-08-22,18.2,21.8,14.6,7.0,2,0.0,0.1999999999999993
2017-08-23,17.9,21.2,14.6,7.0,2,0.0,0.0
2017-08-24,18.6,24.8,12.4,5.0,2,0.0,0.6000000000000014
2017-08-25,23.5,29.6,17.4,6.0,2,0.0,5.5
2017-08-26,25.4,31.8,19.0,4.0,2,0.0,7.399999999999999
2017-08-27,26.299999999999997,31.2,21.4,2.0,2,0.0,8.299999999999997
2017-08-28,23.6,25.4,21.8,9.0,2,0.0,5.600000000000001
2017-08-29,20.3,23.8,16.8,5.0,2,0.0,2.3000000000000007
2017-08-30,20.4,25.8,15.0,5.0,2,0.0,2.3999999999999986
2017-08-31,22.8,29.8,15.8,8.0,2,0.0,4.800000000000001
2017-09-01,25.1,31.2,19.0,5.0,2,0.0,7.100000000000001
2017-09-02,19.7,21.4,18.0,7.0,2,0.0,1.6999999999999993
2017-09-03,14.5,14.8,14.2,5.0,2,1.0,0.0
2017-09-04,16.4,19.2,13.6,9.0,2,0.0,0.0
2017-09-05,16.2,22.2,10.2,6.0,2,0.0,0.0
2017-09-06,20.8,24.0,17.6,9.0,2,0.0,2.8000000000000007
2017-09-07,17.2,17.4,17.0,6.0,2,0.0,0.0
2017-09-08,16.4,21.4,11.4,5.0,2,0.0,0.0
2017-09-09,18.6,24.2,13.0,8.0,2,0.0,0.6000000000000014
2017-09-10,20.6,26.2,15.0,5.0,2,0.0,2.6000000000000014
2017-09-11,23.1,26.4,19.8,6.0,2,0.0,5.100000000000001
2017-09-12,17.6,18.8,16.4,8.0,2,0.0,0.0
2017-09-13,16.6,19.8,13.4,7.0,2,0.0,0.0
2017-09-14,19.799999999999997,25.4,14.2,8.0,2,0.0,1.7999999999999972
2017-09-15,15.5,17.2,13.8,8.0,2,0.0,0.0
2017-09-16,16.7,20.8,12.6,4.0,2,0.0,0.0
2017-09-17,16.0,16.8,15.2,4.0,2,0.0,0.0
2017-09-18,14.899999999999999,18.4,11.4,6.0,2,0.6000000000000014,0.0
2017-09-19,14.100000000000001,14.8,13.4,5.0,2,1.3999999999999986,0.0
2017-09-20,13.399999999999999,15.2,11.6,3.0,2,2.1000000000000014,0.0
2017-09-21,11.3,11.4,11.2,10.0,2,4.199999999999999,0.0
2017-09-22,14.0,16.6,11.4,8.0,2,1.5,0.0
2017-09-23,13.3,13.8,12.8,9.0,2,2.1999999999999993,0.0
2017-09-24,13.0,14.2,11.8,4.0,2,2.5,0.0
2017-09-25,13.600000000000001,17.6,9.6,4.0,2,1.8999999999999986,0.0
2017-09-26,17.7,21.2,14.2,4.0,2,0.0,0.0
2017-09-27,16.7,19.0,14.4,3.0,2,0.0,0.0
2017-09-28,14.7,17.2,12.2,3.0,2,0.8000000000000007,0.0
2017-09-29,13.3,16.6,10.0,4.0,2,2.1999999999999993,0.0
2017-09-30,12.299999999999999,16.4,8.2,4.0,2,3.200000000000001,0.0
2017-10-01,12.4,16.8,8.0,5.0,2,3.0999999999999996,0.0
2017-10-02,12.8,17.6,8.0,9.0,2,2.6999999999999993,0.0
2017-10-04,14.5,17.4,11.6,7.0,2,1.0,0.0
2017-10-05,13.399999999999999,16.2,10.6,7.0,2,2.1000000000000014,0.0
2017-10-06,14.7,15.2,14.2,11.0,2,0.8000000000000007,0.0
2017-10-07,12.0,14.4,9.6,6.0,2,3.5,0.0
2017-10-08,9.1,12.6,5.6,6.0,2,6.4,0.0
2017-10-09,12.2,13.6,10.8,11.0,2,3.3000000000000007,0.0
2017-10-10,11.6,15.6,7.6,6.0,2,3.9000000000000004,0.0
2017-10-11,15.5,19.2,11.8,7.0,2,0.0,0.0
2017-10-12,14.600000000000001,20.8,8.4,6.0,2,0.8999999999999986,0.0
2017-10-13,17.1,18.0,16.2,10.0,2,0.0,0.0
2017-10-14,14.6,18.2,11.0,6.0,2,0.9000000000000004,0.0
2017-10-15,15.600000000000001,20.6,10.6,3.0,2,0.0,0.0
2017-10-16,16.2,21.4,11.0,3.0,2,0.0,0.0
2017-10-17,16.799999999999997,22.4,11.2,3.0,2,0.0,0.0
2017-10-18,16.0,20.4,11.6,5.0,2,0.0,0.0
2017-10-19,13.799999999999999,16.4,11.2,2.0,2,1.700000000000001,0.0
2017-10-20,11.4,15.0,7.8,3.0,2,4.1,0.0
2017-10-21,12.399999999999999,15.2,9.6,2.0,2,3.1000000000000014,0.0
2017-10-22,10.2,12.4,8.0,2.0,2,5.300000000000001,0.0
2017-10-23,9.5,10.2,8.8,9.0,2,6.0,0.0
2017-10-24,12.600000000000001,15.4,9.8,8.0,2,2.8999999999999986,0.0
2017-10-25,9.7,13.0,6.4,5.0,2,5.800000000000001,0.0
2017-10-26,11.399999999999999,14.6,8.2,2.0,2,4.100000000000001,0.0
2017-10-27,11.0,11.4,10.6,4.0,2,4.5,0.0
2017-10-28,10.2,10.6,9.8,10.0,2,5.300000000000001,0.0
2017-10-29,9.399999999999999,9.6,9.2,12.5,2,6.100000000000001,0.0
2017-10-30,7.8,9.2,6.4,15.5,2,7.7,0.0
2017-10-31,6.199999999999999,7.6,4.8,8.0,2,9.3,0.0
2017-11-01,8.6,11.4,5.8,6.0,2,6.9,0.0
2017-11-02,10.4,13.6,7.2,4.0,2,5.1,0.0
2017-11-03,11.600000000000001,13.8,9.4,6.0,2,3.8999999999999986,0.0
2017-11-04,7.8999999999999995,12.2,3.6,4.0,2,7.6000000000000005,0.0
2017-11-05,6.7,10.4,3.0,4.0,2,8.8,0.0
2017-11-06,10.6,13.0,8.2,7.0,2,4.9,0.0
2017-11-07,9.2,12.2,6.2,4.0,2,6.300000000000001,0.0
2017-11-08,8.3,8.6,8.0,9.0,2,7.199999999999999,0.0
2017-11-09,8.2,9.4,7.0,3.0,2,7.300000000000001,0.0
2017-11-10,8.5,9.4,7.6,2.0,2,7.0,0.0
2017-11-11,8.0,9.0,7.0,9.0,2,7.5,0.0
2017-11-12,7.800000000000001,9.8,5.8,3.0,2,7.699999999999999,0.0
2017-11-13,7.5,9.2,5.8,6.0,2,8.0,0.0
2017-11-14,5.3,6.6,4.0,7.0,2,10.2,0.0
2017-11-15,3.7,7.2,0.2,3.0,2,11.8,0.0
2017-11-16,4.4,6.8,2.0,3.0,2,11.1,0.0
2017-11-17,6.9,7.0,6.8,4.0,2,8.6,0.0
2017-11-18,5.5,6.4,4.6,3.0,2,10.0,0.0
2017-11-19,5.4,7.0,3.8,4.0,2,10.1,0.0
2017-11-20,5.1,7.2,3.0,11.0,2,10.4,0.0
2017-11-21,4.1,4.2,4.0,7.0,2,11.4,0.0
2017-11-22,10.4,10.4,10.4,4.0,1,5.1,0.0
2017-11-23,4.8,5.8,3.8,4.0,2,10.7,0.0
2017-11-24,6.2,6.4,6.0,4.0,2,9.3,0.0
2017-11-25,6.0,6.4,5.6,5.0,2,9.5,0.0
2017-11-26,6.9,7.0,6.8,8.0,2,8.6,0.0
2017-11-27,4.5,6.0,3.0,9.0,2,11.0,0.0
2017-11-28,1.65,5.0,-1.7,4.0,2,13.85,0.0
2017-11-29,1.45,3.4,-0.5,5.0,2,14.05,0.0
2017-11-30,1.9,2.6,1.2,6.0,2,13.6,0.0
2017-12-01,2.6999999999999997,4.6,0.8,4.0,2,12.8,0.0
2017-12-02,0.75,3.0,-1.5,8.0,2,14.75,0.0
2017-12-03,-0.9,-0.9,-0.9,4.0,1,16.4,0.0
2017-12-04,0.6000000000000001,0.8,0.4,9.0,2,14.9,0.0
2017-12-05,3.3000000000000003,4.4,2.2,9.0,2,12.2,0.0
2017-12-06,5.9,6.4,5.4,12.0,2,9.6,0.0
2017-12-07,4.7,5.2,4.2,8.0,2,10.8,0.0
2017-12-08,1.85,4.0,-0.3,5.0,2,13.65,0.0
2017-12-09,2.8,2.8,2.8,7.0,2,12.7,0.0
2017-12-10,1.4,2.4,0.4,10.0,2,14.1,0.0
2017-12-11,6.5,9.4,3.6,10.0,2,9.0,0.0
2017-12-12,10.5,10.6,10.4,8.0,2,5.0,0.0
2017-12-13,4.4,5.2,3.6,8.0,2,11.1,0.0
2017-12-14,1.05,2.6,-0.5,4.0,2,14.45,0.0
2017-12-15,6.0,7.6,4.4,5.0,2,9.5,0.0
2017-12-16,4.3,4.6,4.0,5.0,2,11.2,0.0
2017-12-17,1.15,3.4,-1.1,2.0,2,14.35,0.0
2017-12-18,-0.6499999999999999,0.4,-1.7,2.0,2,16.15,0.0
2017-12-19,-0.15000000000000002,0.6,-0.9,3.0,2,15.65,0.0
2017-12-20,-2.5,-1.3,-3.7,2.0,2,18.0,0.0
2017-12-21,-3.5,-0.3,-6.7,3.0,2,19.0,0.0
2017-12-22,0.1,0.2,0.0,3.0,2,15.4,0.0
2017-12-23,4.4,5.2,3.6,7.0,2,11.1,0.0
2017-12-24,9.399999999999999,10.2,8.6,13.0,2,6.100000000000001,0.0
2017-12-25,7.5,9.0,6.0,6.0,2,8.0,0.0
2017-12-26,3.7,6.0,1.4,3.0,2,11.8,0.0
2017-12-27,8.2,11.8,4.6,6.0,2,7.300000000000001,0.0
2017-12-28,7.8,8.0,7.6,6.0,2,7.7,0.0
2017-12-29,3.1,3.2,3.0,15.5,2,12.4,0.0
2017-12-30,-0.8500000000000001,0.4,-2.1,2.0,2,16.35,0.0
2017-12-31,3.0999999999999996,4.6,1.6,4.0,2,12.4,0.0
2018-01-01,2.8,3.8,1.8,2.0,2,12.7,0.0
2018-01-02,3.9,5.0,2.8,5.0,2,11.6,0.0
2018-01-03,5.1,5.2,5.0,9.0,2,10.4,0.0
2018-01-04,2.4,2.4,2.4,4.0,1,13.1,0.0
2018-01-05,6.3,8.0,4.6,3.0,2,9.2,0.0
2018-01-06,7.1,8.0,6.2,4.0,2,8.4,0.0
2018-01-07,6.800000000000001,8.8,4.8,2.0,2,8.7,0.0
2018-01-08,8.8,9.8,7.8,4.0,2,6.699999999999999,0.0
2018-01-09,5.6,7.0,4.2,5.0,2,9.9,0.0
2018-01-10,4.5,4.8,4.2,7.0,2,11.0,0.0
2018-01-11,5.1,5.6,4.6,2.0,2,10.4,0.0
2018-01-12,4.9,5.2,4.6,3.0,2,10.6,0.0
2018-01-13,3.2,4.4,2.0,4.0,2,12.3,0.0
2018-01-14,-0.75,0.2,-1.7,5.0,2,16.25,0.0
2018-01-15,-2.1,-2.1,-2.1,3.0,2,17.6,0.0
2018-01-16,-2.6,-2.5,-2.7,5.0,2,18.1,0.0
2018-01-17,0.050000000000000044,2.2,-2.1,3.0,2,15.45,0.0
2018-01-18,6.2,6.2,6.2,8.0,1,9.3,0.0
2018-01-19,4.4,4.4,4.4,6.0,2,11.1,0.0
2018-01-20,1.35,3.2,-0.5,3.0,2,14.15,0.0
2018-01-21,0.2,0.4,0.0,4.0,2,15.3,0.0
2018-01-22,1.1,2.2,0.0,7.0,2,14.4,0.0
2018-01-23,-0.050000000000000044,1.0,-1.1,3.0,2,15.55,0.0
2018-01-24,1.15,2.4,-0.1,3.0,2,14.35,0.0
2018-01-25,0.44999999999999996,1.4,-0.5,5.0,2,15.05,0.0
2018-01-26,0.9,1.6,0.2,6.0,2,14.6,0.0
2018-01-27,3.2,5.0,1.4,3.0,2,12.3,0.0
2018-01-28,3.4,6.0,0.8,4.0,2,12.1,0.0
2018-01-29,8.6,11.2,6.0,6.0,2,6.9,0.0
2018-01-30,6.199999999999999,9.2,3.2,10.0,2,9.3,0.0
2018-01-31,2.5,4.8,0.2,2.0,2,13.0,0.0
2018-02-01,7.4,10.4,4.4,6.0,2,8.1,0.0
2018-02-02,6.0,6.8,5.2,3.0,2,9.5,0.0
2018-02-03,2.7,3.2,2.2,5.0,2,12.8,0.0
2018-02-04,1.6,2.6,0.6,2.0,2,13.9,0.0
2018-02-05,1.1500000000000001,3.2,-0.9,3.0,2,14.35,0.0
2018-02-06,-0.8,-0.7,-0.9,4.0,2,16.3,0.0
2018-02-07,-0.44999999999999996,1.0,-1.9,5.0,2,15.95,0.0
2018-02-08,2.9000000000000004,3.6,2.2,4.0,2,12.6,0.0
2018-02-09,1.7000000000000002,2.2,1.2,3.0,2,13.8,0.0
2018-02-10,2.0,3.2,0.8,3.0,2,13.5,0.0
2018-02-11,2.3000000000000003,4.4,0.2,3.0,2,13.2,0.0
2018-02-12,0.25,2.8,-2.3,2.0,2,15.25,0.0
2018-02-14,0.4,0.4,0.4,2.0,1,15.1,0.0
2018-02-16,0.95,3.0,-1.1,3.0,2,14.55,0.0
2018-02-17,1.6,1.6,1.6,4.0,1,13.9,0.0
2018-02-18,-0.5,-0.5,-0.5,2.0,1,16.0,0.0
2018-02-19,3.0,3.0,3.0,8.0,1,12.5,0.0
2018-02-20,0.65,1.6,-0.3,5.0,2,14.85,0.0
2018-02-21,1.4,1.4,1.4,4.0,1,14.1,0.0
2018-02-22,2.4,2.4,2.4,6.0,1,13.1,0.0
2018-02-23,-0.5,-0.5,-0.5,2.0,1,16.0,0.0
2018-02-24,-0.7,-0.7,-0.7,4.0,1,16.2,0.0
2018-02-25,-4.0,-3.3,-4.7,5.0,2,19.5,0.0
2018-02-26,-6.3,-3.1,-9.5,7.0,2,21.8,0.0
2018-03-01,-7.4,-5.7,-9.1,4.0,2,22.9,0.0
2018-03-03,-1.7499999999999998,0.6,-4.1,4.0,2,17.25,0.0
2018-03-04,-1.8,-1.5,-2.1,4.0,2,17.3,0.0
2018-03-05,-2.25,0.6,-5.1,5.0,2,17.75,0.0
2018-03-06,2.1,2.2,2.0,4.0,2,13.4,0.0
2018-03-07,4.300000000000001,6.4,2.2,5.0,2,11.2,0.0
2018-03-08,2.7,5.0,0.4,4.0,2,12.8,0.0
2018-03-09,4.5,7.8,1.2,4.0,2,11.0,0.0
2018-03-10,8.3,11.8,4.8,3.0,2,7.199999999999999,0.0
2018-03-11,8.2,8.2,8.2,2.0,1,7.300000000000001,0.0
2018-03-12,15.1,16.4,13.8,8.0,2,0.40000000000000036,0.0
2018-03-13,11.2,15.0,7.4,4.0,2,4.300000000000001,0.0
2018-03-14,9.3,11.8,6.8,8.0,2,6.199999999999999,0.0
2018-03-15,5.5,6.6,4.4,3.0,2,10.0,0.0
2018-03-16,6.3,6.8,5.8,4.0,2,9.2,0.0
2018-03-17,4.5,5.2,3.8,6.0,2,11.0,0.0
2018-03-18,-0.9,-0.9,-0.9,6.0,2,16.4,0.0
2018-03-19,-2.1,-0.3,-3.9,4.0,2,17.6,0.0
2018-03-20,0.04999999999999999,1.0,-0.9,5.0,2,15.45,0.0
2018-03-21,1.85,4.4,-0.7,4.0,2,13.65,0.0
2018-03-22,1.9500000000000002,4.2,-0.3,4.0,2,13.55,0.0
2018-03-23,3.0500000000000003,7.4,-1.3,4.0,2,12.45,0.0
2018-03-24,0.9,1.8,0.0,4.0,2,14.6,0.0
2018-03-25,1.9500000000000002,5.4,-1.5,4.0,2,13.55,0.0
2018-03-26,6.199999999999999,8.2,4.2,2.0,2,9.3,0.0
2018-03-27,8.2,10.8,5.6,4.0,2,7.300000000000001,0.0
2018-03-28,6.6,10.4,2.8,3.0,2,8.9,0.0
2018-03-29,8.2,9.0,7.4,6.0,2,7.300000000000001,0.0
2018-03-30,8.8,10.6,7.0,3.0,2,6.699999999999999,0.0
2018-03-31,13.200000000000001,16.6,9.8,5.0,2,2.299999999999999,0.0
2018-04-01,8.9,9.4,8.4,10.0,2,6.6,0.0
2018-04-02,8.9,11.0,6.8,11.0,2,6.6,0.0
2018-04-03,11.100000000000001,16.8,5.4,7.0,2,4.399999999999999,0.0
2018-04-04,15.2,18.4,12.0,9.0,2,0.3000000000000007,0.0
2018-04-05,15.3,19.2,11.4,5.0,2,0.1999999999999993,0.0
2018-04-06,13.399999999999999,13.6,13.2,7.0,2,2.1000000000000014,0.0
2018-04-07,10.6,11.6,9.6,4.0,2,4.9,0.0
2018-04-08,14.3,21.2,7.4,4.0,2,1.1999999999999993,0.0
2018-04-09,17.4,22.0,12.8,6.0,2,0.0,0.0
2018-04-10,16.7,19.0,14.4,5.0,2,0.0,0.0
2018-04-11,15.899999999999999,20.4,11.4,4.0,2,0.0,0.0
2018-04-12,19.1,24.8,13.4,5.0,2,0.0,1.1000000000000014
2018-04-13,19.0,20.4,17.6,6.0,2,0.0,1.0
2018-04-14,16.6,22.0,11.2,4.0,2,0.0,0.0
2018-04-15,18.4,22.8,14.0,4.0,2,0.0,0.3999999999999986
2018-04-16,17.5,17.6,17.4,5.0,2,0.0,0.0
2018-04-17,16.9,18.4,15.4,5.0,2,0.0,0.0
2018-04-18,18.8,21.6,16.0,4.0,2,0.0,0.8000000000000007
2018-04-19,17.799999999999997,22.4,13.2,4.0,2,0.0,0.0
2018-04-20,18.9,22.6,15.2,3.0,2,0.0,0.8999999999999986
2018-04-21,17.3,23.2,11.4,4.0,2,0.0,0.0
2018-04-22,19.0,26.0,12.0,3.0,2,0.0,1.0
2018-04-23,21.5,26.2,16.8,3.0,2,0.0,3.5
2018-04-24,20.700000000000003,22.8,18.6,5.0,2,0.0,2.700000000000003
2018-04-25,19.0,25.2,12.8,4.0,2,0.0,1.0
2018-04-26,18.9,21.0,16.8,5.0,2,0.0,0.8999999999999986
2018-04-27,14.5,19.0,10.0,5.0,2,1.0,0.0
2018-04-28,17.5,23.8,11.2,4.0,2,0.0,0.0
2018-04-29,22.9,27.4,18.4,5.0,2,0.0,4.899999999999999
2018-04-30,22.5,26.2,18.8,3.0,2,0.0,4.5
2018-05-01,20.1,25.0,15.2,4.0,2,0.0,2.1000000000000014
2018-05-02,23.0,27.8,18.2,6.0,2,0.0,5.0
2018-05-03,22.5,27.4,17.6,4.0,2,0.0,4.5
2018-05-04,22.8,28.0,17.6,3.0,2,0.0,4.800000000000001
2018-05-05,23.299999999999997,27.4,19.2,4.0,2,0.0,5.299999999999997
2018-05-06,21.7,25.2,18.2,4.0,2,0.0,3.6999999999999993
2018-05-07,19.5,23.4,15.6,4.0,2,0.0,1.5
2018-05-08,20.1,23.8,16.4,6.0,2,0.0,2.1000000000000014
2018-05-09,19.5,23.6,15.4,5.0,2,0.0,1.5
2018-05-10,20.7,24.4,17.0,5.0,2,0.0,2.6999999999999993
2018-05-11,15.0,15.0,15.0,2.0,1,0.5,0.0
2018-05-12,21.9,27.0,16.8,3.0,2,0.0,3.8999999999999986
2018-05-13,21.5,24.8,18.2,5.0,2,0.0,3.5
2018-05-14,19.1,21.2,17.0,6.0,2,0.0,1.1000000000000014
2018-05-15,16.8,18.0,15.6,6.0,2,0.0,0.0
2018-05-16,14.3,16.6,12.0,5.0,2,1.1999999999999993,0.0
2018-05-17,15.3,18.2,12.4,4.0,2,0.1999999999999993,0.0
2018-05-18,17.6,20.6,14.6,7.0,2,0.0,0.0
2018-05-19,18.3,22.0,14.6,4.0,2,0.0,0.3000000000000007
2018-05-20,17.799999999999997,22.4,13.2,3.0,2,0.0,0.0
2018-05-21,18.4,22.6,14.2,3.0,2,0.0,0.3999999999999986
2018-05-22,18.6,22.8,14.4,3.0,2,0.0,0.6000000000000014
2018-05-23,20.9,24.8,17.0,6.0,2,0.0,2.8999999999999986
2018-05-24,22.8,27.6,18.0,4.0,2,0.0,4.800000000000001
2018-05-25,18.4,20.0,16.8,3.0,2,0.0,0.3999999999999986
2018-05-26,20.200000000000003,24.6,15.8,3.0,2,0.0,2.200000000000003
2018-05-27,22.5,27.0,18.0,2.0,2,0.0,4.5
2018-05-28,23.7,28.0,19.4,3.0,2,0.0,5.699999999999999
2018-05-29,23.5,27.2,19.8,4.0,2,0.0,5.5
2018-05-30,22.6,26.2,19.0,4.0,2,0.0,4.600000000000001
2018-05-31,23.5,28.4,18.6,3.0,2,0.0,5.5
2018-06-01,25.6,30.8,20.4,3.0,2,0.0,7.600000000000001
2018-06-02,24.5,27.8,21.2,3.0,2,0.0,6.5
2018-06-03,22.4,27.2,17.6,4.0,2,0.0,4.399999999999999
2018-06-04,23.0,26.6,19.4,3.0,2,0.0,5.0
2018-06-05,21.4,22.0,20.8,5.0,2,0.0,3.3999999999999986
2018-06-06,23.200000000000003,26.6,19.8,6.0,2,0.0,5.200000000000003
2018-06-07,20.5,21.4,19.6,4.0,2,0.0,2.5
2018-06-08,23.5,27.8,19.2,4.0,2,0.0,5.5
2018-06-09,19.0,19.0,19.0,4.0,2,0.0,1.0
2018-06-10,23.0,26.2,19.8,2.0,2,0.0,5.0
2018-06-11,24.799999999999997,29.4,20.2,4.0,2,0.0,6.799999999999997
2018-06-12,25.5,30.4,20.6,4.0,2,0.0,7.5
2018-06-13,20.4,22.0,18.8,4.0,2,0.0,2.3999999999999986
2018-06-14,17.7,19.0,16.4,6.0,2,0.0,0.0
2018-06-15,19.9,22.8,17.0,7.0,2,0.0,1.8999999999999986
2018-06-16,22.1,24.6,19.6,5.0,2,0.0,4.100000000000001
2018-06-17,24.1,27.6,20.6,5.0,2,0.0,6.100000000000001
2018-06-18,21.1,23.4,18.8,4.0,2,0.0,3.1000000000000014
2018-06-19,24.1,26.8,21.4,4.0,2,0.0,6.100000000000001
2018-06-20,24.799999999999997,28.4,21.2,4.0,2,0.0,6.799999999999997
2018-06-21,26.0,30.6,21.4,4.0,2,0.0,8.0
2018-06-22,19.5,23.0,16.0,7.0,2,0.0,1.5
2018-06-23,15.799999999999999,18.4,13.2,8.0,2,0.0,0.0
2018-06-24,17.0,20.0,14.0,7.0,2,0.0,0.0
2018-06-25,17.4,21.4,13.4,4.0,2,0.0,0.0
2018-06-26,18.5,23.0,14.0,3.0,2,0.0,0.5
2018-06-27,17.0,18.4,15.6,5.0,2,0.0,0.0
2018-06-28,20.1,24.6,15.6,5.0,2,0.0,2.1000000000000014
2018-06-29,23.4,27.2,19.6,5.0,2,0.0,5.399999999999999
2018-06-30,22.3,23.8,20.8,8.0,2,0.0,4.300000000000001
2018-07-01,17.6,19.6,15.6,5.0,2,0.0,0.0
2018-07-02,17.3,22.0,12.6,4.0,2,0.0,0.0
2018-07-03,19.7,24.8,14.6,4.0,2,0.0,1.6999999999999993
2018-07-04,21.0,26.6,15.4,4.0,2,0.0,3.0
2018-07-05,24.1,30.2,18.0,6.0,2,0.0,6.100000000000001
2018-07-06,21.4,24.2,18.6,3.0,2,0.0,3.3999999999999986
2018-07-07,20.9,21.0,20.8,3.0,2,0.0,2.8999999999999986
2018-07-08,22.4,26.2,18.6,4.0,2,0.0,4.399999999999999
2018-07-09,21.9,27.2,16.6,4.0,2,0.0,3.8999999999999986
2018-07-10,22.200000000000003,26.6,17.8,3.0,2,0.0,4.200000000000003
2018-07-11,20.2,21.2,19.2,4.0,2,0.0,2.1999999999999993
2018-07-12,21.5,24.6,18.4,7.0,2,0.0,3.5
2018-07-13,21.7,27.2,16.2,6.0,2,0.0,3.6999999999999993
2018-07-14,23.1,27.8,18.4,6.0,2,0.0,5.100000000000001
2018-07-15,24.299999999999997,28.4,20.2,5.0,2,0.0,6.299999999999997
2018-07-16,24.3,28.8,19.8,6.0,2,0.0,6.300000000000001
2018-07-17,25.6,28.6,22.6,7.0,2,0.0,7.600000000000001
2018-07-18,22.5,24.4,20.6,9.0,2,0.0,4.5
2018-07-19,21.9,25.2,18.6,7.0,2,0.0,3.8999999999999986
2018-07-20,23.1,26.8,19.4,4.0,2,0.0,5.100000000000001
2018-07-21,24.3,29.0,19.6,3.0,2,0.0,6.300000000000001
2018-07-22,22.299999999999997,25.4,19.2,4.0,2,0.0,4.299999999999997
2018-07-23,22.1,25.2,19.0,2.0,2,0.0,4.100000000000001
2018-07-24,23.9,28.0,19.8,5.0,2,0.0,5.899999999999999
2018-07-25,25.1,28.8,21.4,3.0,2,0.0,7.100000000000001
2018-07-26,24.9,27.8,22.0,4.0,2,0.0,6.899999999999999
2018-07-27,24.7,29.2,20.2,4.0,2,0.0,6.699999999999999
2018-07-28,24.700000000000003,28.6,20.8,5.0,2,0.0,6.700000000000003
2018-07-29,27.200000000000003,31.8,22.6,3.0,2,0.0,9.200000000000003
2018-07-30,27.5,31.0,24.0,4.0,2,0.0,9.5
2018-07-31,26.8,29.6,24.0,5.0,2,0.0,8.8
2018-08-01,27.0,30.6,23.4,4.0,2,0.0,9.0
2018-08-02,24.9,26.8,23.0,3.0,2,0.0,6.899999999999999
2018-08-03,26.4,30.8,22.0,4.0,2,0.0,8.399999999999999
2018-08-04,25.799999999999997,30.2,21.4,3.0,2,0.0,7.799999999999997
2018-08-05,26.4,32.0,20.8,4.0,2,0.0,8.399999999999999
2018-08-06,25.1,30.0,20.2,4.0,2,0.0,7.100000000000001
2018-08-07,25.9,30.6,21.2,4.0,2,0.0,7.899999999999999
2018-08-08,27.0,32.8,21.2,4.0,2,0.0,9.0
2018-08-09,27.8,33.2,22.4,3.0,2,0.0,9.8
2018-08-10,27.8,32.0,23.6,6.0,2,0.0,9.8
2018-08-11,24.0,24.8,23.2,3.0,2,0.0,6.0
2018-08-12,25.6,30.0,21.2,6.0,2,0.0,7.600000000000001
2018-08-13,25.1,31.4,18.8,5.0,2,0.0,7.100000000000001
2018-08-14,26.3,31.0,21.6,5.0,2,0.0,8.3
2018-08-15,22.0,25.2,18.8,3.0,2,0.0,4.0
2018-08-16,23.3,26.6,20.0,3.0,2,0.0,5.300000000000001
2018-08-17,24.1,28.4,19.8,2.0,2,0.0,6.100000000000001
2018-08-18,25.4,30.8,20.0,2.0,2,0.0,7.399999999999999
2018-08-19,26.5,31.4,21.6,2.0,2,0.0,8.5
2018-08-20,27.9,32.8,23.0,4.0,2,0.0,9.899999999999999
2018-08-21,28.5,33.2,23.8,3.0,2,0.0,10.5
2018-08-22,26.1,30.2,22.0,2.0,2,0.0,8.100000000000001
2018-08-23,27.4,31.6,23.2,6.0,2,0.0,9.399999999999999
2018-08-24,26.1,30.0,22.2,5.0,2,0.0,8.100000000000001
2018-08-25,22.4,25.6,19.2,5.0,2,0.0,4.399999999999999
2018-08-26,17.299999999999997,18.4,16.2,5.0,2,0.0,0.0
2018-08-27,18.3,21.6,15.0,5.0,2,0.0,0.3000000000000007
2018-08-28,20.0,26.8,13.2,2.0,2,0.0,2.0
2018-08-29,20.5,25.4,15.6,4.0,2,0.0,2.5
2018-08-30,22.2,27.4,17.0,3.0,2,0.0,4.199999999999999
2018-08-31,23.700000000000003,27.6,19.8,3.0,2,0.0,5.700000000000003
2018-09-01,22.7,25.2,20.2,7.0,2,0.0,4.699999999999999
2018-09-02,21.299999999999997,25.2,17.4,5.0,2,0.0,3.299999999999997
2018-09-03,22.1,22.6,21.6,3.0,2,0.0,4.100000000000001
2018-09-04,18.1,18.2,18.0,4.0,2,0.0,0.10000000000000142
2018-09-05,20.5,24.4,16.6,5.0,2,0.0,2.5
2018-09-06,20.8,24.0,17.6,4.0,2,0.0,2.8000000000000007
2018-09-07,19.7,25.2,14.2,3.0,2,0.0,1.6999999999999993
2018-09-08,20.200000000000003,25.6,14.8,4.0,2,0.0,2.200000000000003
2018-09-09,21.3,25.0,17.6,3.0,2,0.0,3.3000000000000007
2018-09-10,20.4,25.0,15.8,4.0,2,0.0,2.3999999999999986
2018-09-11,21.1,26.6,15.6,4.0,2,0.0,3.1000000000000014
2018-09-12,22.1,27.6,16.6,2.0,2,0.0,4.100000000000001
2018-09-13,21.9,26.8,17.0,4.0,2,0.0,3.8999999999999986
2018-09-14,23.4,28.4,18.4,3.0,2,0.0,5.399999999999999
2018-09-15,21.7,24.0,19.4,6.0,2,0.0,3.6999999999999993
2018-09-16,21.0,24.0,18.0,4.0,2,0.0,3.0
2018-09-17,20.6,25.2,16.0,4.0,2,0.0,2.6000000000000014
2018-09-18,20.5,25.8,15.2,4.0,2,0.0,2.5
2018-09-19,20.7,25.4,16.0,3.0,2,0.0,2.6999999999999993
2018-09-20,22.4,26.8,18.0,5.0,2,0.0,4.399999999999999
2018-09-21,22.3,27.6,17.0,4.0,2,0.0,4.300000000000001
2018-09-22,14.7,16.4,13.0,4.0,2,0.8000000000000007,0.0
2018-09-23,14.899999999999999,18.2,11.6,3.0,2,0.6000000000000014,0.0
2018-09-24,14.5,14.6,14.4,6.0,2,1.0,0.0
2018-09-25,11.399999999999999,13.6,9.2,5.0,2,4.100000000000001,0.0
2018-09-26,10.6,15.0,6.2,3.0,2,4.9,0.0
2018-09-27,11.3,18.2,4.4,5.0,2,4.199999999999999,0.0
2018-09-28,14.2,19.8,8.6,4.0,2,1.3000000000000007,0.0
2018-09-29,11.4,13.4,9.4,2.0,2,4.1,0.0
2018-09-30,12.2,15.8,8.6,5.0,2,3.3000000000000007,0.0
2018-10-01,14.6,14.6,14.6,6.0,1,0.9000000000000004,0.0
2018-10-02,10.7,12.0,9.4,8.0,2,4.800000000000001,0.0
2018-10-03,12.4,18.0,6.8,8.0,2,3.0999999999999996,0.0
2018-10-04,12.4,16.0,8.8,6.0,2,3.0999999999999996,0.0
2018-10-05,11.5,17.8,5.2,3.0,2,4.0,0.0
2018-10-06,14.0,19.6,8.4,2.0,2,1.5,0.0
2018-10-07,17.3,20.0,14.6,4.0,2,0.0,0.0
2018-10-08,18.9,22.0,15.8,3.0,2,0.0,0.8999999999999986
2018-10-09,18.2,22.8,13.6,3.0,2,0.0,0.1999999999999993
2018-10-10,18.4,23.6,13.2,2.0,2,0.0,0.3999999999999986
2018-10-11,18.2,23.2,13.2,4.0,2,0.0,0.1999999999999993
2018-10-12,16.4,21.6,11.2,3.0,2,0.0,0.0
2018-10-13,17.0,22.0,12.0,2.0,2,0.0,0.0
2018-10-14,16.3,21.0,11.6,3.0,2,0.0,0.0
2018-10-15,15.399999999999999,20.4,10.4,4.0,2,0.10000000000000142,0.0
2018-10-16,15.7,21.4,10.0,5.0,2,0.0,0.0
2018-10-17,18.0,21.8,14.2,6.0,2,0.0,0.0
2018-10-18,17.4,21.8,13.0,3.0,2,0.0,0.0
2018-10-19,13.8,14.6,13.0,2.0,2,1.6999999999999993,0.0
2018-10-20,14.8,17.8,11.8,3.0,2,0.6999999999999993,0.0
2018-10-21,11.3,11.6,11.0,4.0,2,4.199999999999999,0.0
2018-10-22,13.2,15.8,10.6,3.0,2,2.3000000000000007,0.0
2018-10-23,11.3,13.6,9.0,6.0,2,4.199999999999999,0.0
2018-10-24,10.8,11.2,10.4,12.0,2,4.699999999999999,0.0
2018-10-25,7.8,8.6,7.0,10.0,2,7.7,0.0
2018-10-26,14.0,15.0,13.0,5.0,2,1.5,0.0
2018-10-27,15.2,18.4,12.0,3.0,2,0.3000000000000007,0.0
2018-10-28,16.4,22.2,10.6,6.0,2,0.0,0.0
2018-10-29,19.6,24.0,15.2,5.0,2,0.0,1.6000000000000014
2018-10-30,19.700000000000003,19.8,19.6,8.0,2,0.0,1.7000000000000028
2018-10-31,14.1,20.0,8.2,6.0,2,1.4000000000000004,0.0
2018-11-01,13.8,16.8,10.8,4.0,2,1.6999999999999993,0.0
2018-11-02,17.1,19.0,15.2,3.0,2,0.0,0.0
2018-11-03,18.3,20.8,15.8,4.0,2,0.0,0.3000000000000007
2018-11-04,16.7,20.4,13.0,4.0,2,0.0,0.0
2018-11-05,13.700000000000001,17.6,9.8,4.0,2,1.799999999999999,0.0
2018-11-06,12.3,15.4,9.2,4.0,2,3.1999999999999993,0.0
2018-11-07,11.4,14.4,8.4,5.0,2,4.1,0.0
2018-11-08,11.7,15.2,8.2,3.0,2,3.8000000000000007,0.0
2018-11-09,10.7,15.2,6.2,3.0,2,4.800000000000001,0.0
2018-11-10,8.399999999999999,10.2,6.6,4.0,2,7.100000000000001,0.0
2018-11-11,7.1,10.2,4.0,3.0,2,8.4,0.0
2018-11-12,11.3,15.8,6.8,5.0,2,4.199999999999999,0.0
2018-11-13,12.8,14.4,11.2,3.0,2,2.6999999999999993,0.0
2018-11-14,12.5,14.4,10.6,7.0,2,3.0,0.0
2018-11-15,8.2,10.4,6.0,3.0,2,7.300000000000001,0.0
2018-11-16,8.399999999999999,11.2,5.6,7.0,2,7.100000000000001,0.0
2018-11-17,4.9,7.8,2.0,6.0,2,10.6,0.0
2018-11-18,5.6,6.8,4.4,3.0,2,9.9,0.0
2018-11-19,2.7,3.4,2.0,3.0,2,12.8,0.0
2018-11-20,2.8,3.0,2.6,6.0,2,12.7,0.0
2018-11-21,5.1,5.6,4.6,3.0,2,10.4,0.0
2018-11-22,5.4,5.8,5.0,3.0,2,10.1,0.0
2018-11-23,5.9,7.0,4.8,3.0,2,9.6,0.0
2018-11-24,5.1,5.6,4.6,4.0,2,10.4,0.0
2018-11-25,6.2,7.0,5.4,3.0,2,9.3,0.0
2018-11-26,8.0,8.6,7.4,7.0,2,7.5,0.0
2018-11-27,4.0,4.8,3.2,4.0,2,11.5,0.0
2018-11-28,3.1,4.4,1.8,4.0,2,12.4,0.0
2018-11-29,-2.2,-1.7,-2.7,5.0,2,17.7,0.0
2018-11-30,-1.7999999999999998,-1.7,-1.9,3.0,2,17.3,0.0
2018-12-01,-4.5,-2.5,-6.5,3.0,2,20.0,0.0
2018-12-02,-1.0,-0.3,-1.7,6.0,2,16.5,0.0
2018-12-03,2.5,4.6,0.4,4.0,2,13.0,0.0
2018-12-04,4.699999999999999,6.6,2.8,3.0,2,10.8,0.0
2018-12-05,5.8,6.0,5.6,9.0,2,9.7,0.0
2018-12-06,0.7500000000000001,3.2,-1.7,5.0,2,14.75,0.0
2018-12-07,2.4,4.0,0.8,3.0,2,13.1,0.0
2018-12-08,3.6,6.0,1.2,3.0,2,11.9,0.0
2018-12-09,2.6,3.6,1.6,4.0,2,12.9,0.0
2018-12-10,5.2,7.2,3.2,8.0,2,10.3,0.0
2018-12-11,2.5,2.6,2.4,5.0,2,13.0,0.0
2018-12-12,3.0,3.4,2.6,5.0,2,12.5,0.0
2018-12-13,1.45,3.4,-0.5,2.0,2,14.05,0.0
2018-12-14,-1.6,-0.1,-3.1,4.0,2,17.1,0.0
2018-12-15,-0.2,-0.1,-0.3,3.0,2,15.7,0.0
2018-12-16,-0.25,1.0,-1.5,3.0,2,15.75,0.0
2018-12-17,-5.6,-3.7,-7.5,3.0,2,21.1,0.0
2018-12-18,-3.5,-0.9,-6.1,2.0,2,19.0,0.0
2018-12-19,-5.3,-4.5,-6.1,2.0,2,20.8,0.0
2018-12-20,-6.8,-4.9,-8.7,3.0,2,22.3,0.0
2018-12-21,-1.4500000000000002,0.8,-3.7,3.0,2,16.95,0.0
2018-12-22,2.1999999999999997,3.8,0.6,2.0,2,13.3,0.0
2018-12-23,8.9,10.0,7.8,10.0,2,6.6,0.0
2018-12-24,6.0,7.0,5.0,9.0,2,9.5,0.0
2018-12-25,1.7999999999999998,2.4,1.2,11.0,2,13.7,0.0
2018-12-27,4.199999999999999,5.6,2.8,6.0,2,11.3,0.0
2018-12-28,5.699999999999999,7.6,3.8,6.0,2,9.8,0.0
2018-12-29,6.5,8.0,5.0,7.0,2,9.0,0.0
2018-12-30,4.300000000000001,5.4,3.2,5.0,2,11.2,0.0
2018-12-31,5.4,6.6,4.2,7.0,2,10.1,0.0
2019-01-01,1.3,1.8,0.8,3.0,2,14.2,0.0
2019-01-02,3.6999999999999997,4.6,2.8,9.0,2,11.8,0.0
2019-01-03,0.5,0.6,0.4,12.0,2,15.0,0.0
2019-01-04,-1.4,-0.3,-2.5,4.0,2,16.9,0.0
2019-01-05,-1.8,-0.5,-3.1,4.0,2,17.3,0.0
2019-01-06,0.8500000000000001,3.2,-1.5,6.0,2,14.65,0.0
2019-01-07,-2.5,-1.3,-3.7,4.0,2,18.0,0.0
2019-01-08,-5.9,-3.3,-8.5,5.0,2,21.4,0.0
2019-01-09,-2.0,-1.7,-2.3,2.0,2,17.5,0.0
2019-01-10,-2.2,-1.1,-3.3,3.0,2,17.7,0.0
2019-01-11,-1.2,-0.5,-1.9,6.0,2,16.7,0.0
2019-01-12,-0.04999999999999982,3.2,-3.3,8.0,2,15.55,0.0
2019-01-13,4.0,4.0,4.0,7.0,2,11.5,0.0
2019-01-14,3.9000000000000004,6.2,1.6,11.5,2,11.6,0.0
2019-01-15,1.15,2.8,-0.5,12.0,2,14.35,0.0
2019-01-16,5.6,6.8,4.4,9.0,2,9.9,0.0
2019-01-17,2.0,2.0,2.0,2.0,1,13.5,0.0
2019-01-21,-1.5499999999999998,0.8,-3.9,3.0,2,17.05,0.0
2019-01-22,-3.2,-2.1,-4.3,2.0,2,18.7,0.0
2019-01-23,-3.1,-1.5,-4.7,4.0,2,18.6,0.0
2019-01-24,0.75,3.0,-1.5,4.0,2,14.75,0.0
2019-01-25,-2.3,-2.1,-2.5,6.0,2,17.8,0.0
2019-01-26,-0.8499999999999999,1.6,-3.3,9.0,2,16.35,0.0
2019-01-27,0.6499999999999999,2.8,-1.5,6.0,2,14.85,0.0
2019-01-28,-0.5,-0.5,-0.5,4.0,1,16.0,0.0
2019-01-29,1.65,5.0,-1.7,5.0,2,13.85,0.0
2019-01-30,0.8,1.0,0.6,2.0,2,14.7,0.0
2019-01-31,1.85,4.4,-0.7,3.0,2,13.65,0.0
2019-02-01,1.5,2.6,0.4,5.0,2,14.0,0.0
2019-02-02,6.9,9.8,4.0,4.0,2,8.6,0.0
2019-02-03,8.2,8.8,7.6,4.0,2,7.300000000000001,0.0
2019-02-04,4.3,5.2,3.4,7.0,2,11.2,0.0
2019-02-05,2.9,4.6,1.2,4.0,2,12.6,0.0
2019-02-06,2.6,4.4,0.8,4.0,2,12.9,0.0
2019-02-07,1.0500000000000003,4.4,-2.3,3.0,2,14.45,0.0
2019-02-08,1.25,3.4,-0.9,3.0,2,14.25,0.0
2019-02-09,3.1,5.4,0.8,4.0,2,12.4,0.0
2019-02-10,2.5,5.0,0.0,3.0,2,13.0,0.0
2019-02-11,7.8,7.8,7.8,10.0,2,7.7,0.0
2019-02-12,4.6,5.0,4.2,12.0,2,10.9,0.0
2019-02-13,2.7,4.0,1.4,7.0,2,12.8,0.0
2019-02-14,8.0,10.4,5.6,8.0,2,7.5,0.0
2019-02-15,7.1000000000000005,9.8,4.4,4.0,2,8.399999999999999,0.0
2019-02-16,5.1000000000000005,8.8,1.4,3.0,2,10.399999999999999,0.0
2019-02-17,5.5,9.8,1.2,3.0,2,10.0,0.0
2019-02-18,7.300000000000001,12.8,1.8,2.0,2,8.2,0.0
2019-02-19,7.5,11.8,3.2,4.0,2,8.0,0.0
2019-02-20,7.6000000000000005,11.8,3.4,4.0,2,7.8999999999999995,0.0
2019-02-21,7.1,11.0,3.2,4.0,2,8.4,0.0
2019-02-22,9.8,12.0,7.6,9.0,2,5.699999999999999,0.0
2019-02-23,-0.5499999999999999,1.8,-2.9,6.0,2,16.05,0.0
2019-02-24,-0.95,1.6,-3.5,2.0,2,16.45,0.0
2019-02-25,3.7,7.4,0.0,4.0,2,11.8,0.0
2019-02-26,7.2,13.6,0.8,7.0,2,8.3,0.0
2019-02-27,9.8,11.8,7.8,5.0,2,5.699999999999999,0.0
2019-02-28,10.8,18.0,3.6,9.0,2,4.699999999999999,0.0
2019-03-01,12.5,12.8,12.2,10.0,2,3.0,0.0
2019-03-02,8.7,8.8,8.6,8.0,2,6.800000000000001,0.0
2019-03-03,6.800000000000001,8.8,4.8,3.0,2,8.7,0.0
2019-03-04,10.8,16.2,5.4,6.0,2,4.699999999999999,0.0
2019-03-05,11.9,12.8,11.0,8.0,2,3.5999999999999996,0.0
2019-03-06,8.9,11.4,6.4,3.0,2,6.6,0.0
2019-03-07,12.2,15.6,8.8,10.0,2,3.3000000000000007,0.0
2019-03-08,13.100000000000001,13.8,12.4,3.0,2,2.3999999999999986,0.0
2019-03-09,11.6,14.2,9.0,7.0,2,3.9000000000000004,0.0
2019-03-10,11.1,12.2,10.0,9.0,2,4.4,0.0
2019-03-11,11.5,13.0,10.0,13.0,2,4.0,0.0
2019-03-12,23.1,37.0,9.2,8.0,2,0.0,5.100000000000001
2019-03-13,4.25,8.8,-0.3,6.0,2,11.25,0.0
2019-03-14,6.5,9.0,4.0,5.0,2,9.0,0.0
2019-03-15,8.2,11.0,5.4,8.0,2,7.300000000000001,0.0
2019-03-16,8.4,10.6,6.2,9.0,2,7.1,0.0
2019-03-17,12.2,18.8,5.6,4.0,2,3.3000000000000007,0.0
2019-03-18,10.5,12.4,8.6,10.0,2,5.0,0.0
2019-03-19,7.8,9.2,6.4,5.0,2,7.7,0.0
2019-03-20,6.8999999999999995,10.2,3.6,3.0,2,8.600000000000001,0.0
2019-03-21,7.5,12.2,2.8,3.0,2,8.0,0.0
2019-03-22,9.3,15.4,3.2,2.0,2,6.199999999999999,0.0
2019-03-23,12.4,16.8,8.0,4.0,2,3.0999999999999996,0.0
2019-03-24,14.100000000000001,20.6,7.6,3.0,2,1.3999999999999986,0.0
2019-03-25,14.1,14.6,13.6,7.0,2,1.4000000000000004,0.0
2019-03-26,8.7,10.6,6.8,9.0,2,6.800000000000001,0.0
2019-03-27,11.2,11.2,11.2,4.0,1,4.300000000000001,0.0
2019-03-28,8.3,12.8,3.8,3.0,2,7.199999999999999,0.0
2019-03-29,10.7,15.0,6.4,4.0,2,4.800000000000001,0.0
2019-03-30,11.100000000000001,16.6,5.6,2.0,2,4.399999999999999,0.0
2019-03-31,14.0,20.4,7.6,3.0,2,1.5,0.0
2019-04-01,14.7,19.4,10.0,6.0,2,0.8000000000000007,0.0
2019-04-02,12.399999999999999,16.4,8.4,5.0,2,3.1000000000000014,0.0
2019-04-03,13.0,15.6,10.4,6.0,2,2.5,0.0
2019-04-04,14.6,18.2,11.0,6.0,2,0.9000000000000004,0.0
2019-04-05,14.600000000000001,17.6,11.6,6.0,2,0.8999999999999986,0.0
2019-04-06,10.5,12.8,8.2,4.0,2,5.0,0.0
2019-04-07,11.9,16.8,7.0,6.0,2,3.5999999999999996,0.0
2019-04-08,16.5,21.6,11.4,5.0,2,0.0,0.0
2019-04-09,17.2,21.2,13.2,3.0,2,0.0,0.0
2019-04-10,17.1,20.8,13.4,5.0,2,0.0,0.0
2019-04-11,14.0,15.2,12.8,4.0,2,1.5,0.0
2019-04-12,9.5,11.4,7.6,6.0,2,6.0,0.0
2019-04-13,10.399999999999999,12.2,8.6,2.0,2,5.100000000000001,0.0
2019-04-14,10.899999999999999,13.6,8.2,3.0,2,4.600000000000001,0.0
2019-04-15,12.2,15.0,9.4,4.0,2,3.3000000000000007,0.0
2019-04-16,11.9,15.8,8.0,5.0,2,3.5999999999999996,0.0
2019-04-17,11.8,15.6,8.0,4.0,2,3.6999999999999993,0.0
2019-04-18,14.5,18.8,10.2,6.0,2,1.0,0.0
2019-04-19,21.4,21.4,21.4,6.0,1,0.0,3.3999999999999986
2019-04-20,16.4,20.8,12.0,3.0,2,0.0,0.0
2019-04-21,16.5,21.6,11.4,8.0,2,0.0,0.0
2019-04-22,13.100000000000001,16.8,9.4,4.0,2,2.3999999999999986,0.0
2019-04-23,10.600000000000001,10.8,10.4,8.0,2,4.899999999999999,0.0
2019-04-24,15.1,20.2,10.0,5.0,2,0.40000000000000036,0.0
2019-04-25,19.9,24.0,15.8,5.0,2,0.0,1.8999999999999986
2019-04-26,21.5,27.4,15.6,6.0,2,0.0,3.5
2019-04-27,15.2,15.6,14.8,6.0,2,0.3000000000000007,0.0
2019-04-28,13.2,14.8,11.6,9.0,2,2.3000000000000007,0.0
2019-04-29,11.2,12.6,9.8,4.0,2,4.300000000000001,0.0
2019-04-30,13.7,17.2,10.2,4.0,2,1.8000000000000007,0.0
2019-05-01,16.1,19.0,13.2,6.0,2,0.0,0.0
2019-05-02,16.5,21.8,11.2,8.0,2,0.0,0.0
2019-05-03,14.6,16.4,12.8,6.0,2,0.9000000000000004,0.0
2019-05-04,12.100000000000001,12.4,11.8,3.0,2,3.3999999999999986,0.0
2019-05-05,11.3,11.4,11.2,5.0,2,4.199999999999999,0.0
2019-05-06,7.300000000000001,7.4,7.2,5.0,2,8.2,0.0
2019-05-07,9.5,12.6,6.4,5.0,2,6.0,0.0
2019-05-08,10.7,16.2,5.2,5.0,2,4.800000000000001,0.0
2019-05-09,10.7,10.8,10.6,6.0,2,4.800000000000001,0.0
2019-05-10,13.3,16.2,10.4,8.0,2,2.1999999999999993,0.0
2019-05-11,15.2,20.8,9.6,4.0,2,0.3000000000000007,0.0
2019-05-12,17.7,22.0,13.4,5.0,2,0.0,0.0
2019-05-13,17.5,20.8,14.2,7.0,2,0.0,0.0
2019-05-14,9.3,10.8,7.8,7.0,2,6.199999999999999,0.0
2019-05-15,9.8,11.4,8.2,4.0,2,5.699999999999999,0.0
2019-05-16,10.9,12.8,9.0,3.0,2,4.6,0.0
2019-05-17,11.3,15.2,7.4,3.0,2,4.199999999999999,0.0
2019-05-18,16.200000000000003,21.6,10.8,3.0,2,0.0,0.0
2019-05-19,18.2,22.4,14.0,3.0,2,0.0,0.1999999999999993
2019-05-20,17.2,21.0,13.4,7.0,2,0.0,0.0
2019-05-21,16.3,20.6,12.0,8.0,2,0.0,0.0
2019-05-22,14.7,14.8,14.6,7.0,2,0.8000000000000007,0.0
2019-05-23,14.7,16.0,13.4,10.0,2,0.8000000000000007,0.0
2019-05-24,15.7,18.4,13.0,4.0,2,0.0,0.0
2019-05-25,17.9,22.6,13.2,3.0,2,0.0,0.0
2019-05-26,19.0,25.4,12.6,3.0,2,0.0,1.0
2019-05-27,17.7,20.0,15.4,2.0,2,0.0,0.0
2019-05-28,14.8,15.2,14.4,2.0,2,0.6999999999999993,0.0
2019-05-29,18.5,21.2,15.8,3.0,2,0.0,0.5
2019-05-30,13.8,13.8,13.8,2.0,2,1.6999999999999993,0.0
2019-05-31,16.2,19.8,12.6,3.0,2,0.0,0.0
2019-06-01,20.2,24.4,16.0,5.0,2,0.0,2.1999999999999993
2019-06-02,21.9,25.8,18.0,4.0,2,0.0,3.8999999999999986
2019-06-03,22.6,27.2,18.0,4.0,2,0.0,4.600000000000001
2019-06-04,22.4,25.4,19.4,5.0,2,0.0,4.399999999999999
2019-06-05,19.3,21.0,17.6,4.0,2,0.0,1.3000000000000007
2019-06-06,19.6,23.2,16.0,3.0,2,0.0,1.6000000000000014
2019-06-07,22.1,25.2,19.0,6.0,2,0.0,4.100000000000001
2019-06-08,23.0,28.4,17.6,3.0,2,0.0,5.0
2019-06-09,23.3,28.0,18.6,5.0,2,0.0,5.300000000000001
2019-06-10,25.700000000000003,29.6,21.8,5.0,2,0.0,7.700000000000003
2019-06-11,25.9,30.0,21.8,4.0,2,0.0,7.899999999999999
2019-06-12,25.6,30.6,20.6,3.0,2,0.0,7.600000000000001
2019-06-13,27.4,32.8,22.0,6.0,2,0.0,9.399999999999999
2019-06-14,27.1,32.0,22.2,3.0,2,0.0,9.100000000000001
2019-06-15,27.5,32.4,22.6,4.0,2,0.0,9.5
2019-06-16,27.7,32.8,22.6,3.0,2,0.0,9.7
2019-06-17,23.9,26.6,21.2,4.0,2,0.0,5.899999999999999
2019-06-18,23.1,27.2,19.0,3.0,2,0.0,5.100000000000001
2019-06-19,25.3,29.8,20.8,4.0,2,0.0,7.300000000000001
2019-06-20,21.799999999999997,25.2,18.4,3.0,2,0.0,3.799999999999997
2019-06-21,23.6,28.6,18.6,3.0,2,0.0,5.600000000000001
2019-06-22,23.799999999999997,27.4,20.2,4.0,2,0.0,5.799999999999997
2019-06-23,20.200000000000003,22.8,17.6,2.0,2,0.0,2.200000000000003
2019-06-24,22.9,26.8,19.0,4.0,2,0.0,4.899999999999999
2019-06-25,25.5,29.6,21.4,4.0,2,0.0,7.5
2019-06-26,27.5,32.2,22.8,2.0,2,0.0,9.5
2019-06-27,28.299999999999997,33.4,23.2,4.0,2,0.0,10.299999999999997
2019-06-28,24.700000000000003,25.8,23.6,6.0,2,0.0,6.700000000000003
2019-06-29,21.0,25.6,16.4,4.0,2,0.0,3.0
2019-06-30,23.6,29.4,17.8,4.0,2,0.0,5.600000000000001
2019-07-01,26.1,32.6,19.6,4.0,2,0.0,8.100000000000001
2019-07-02,28.1,31.2,25.0,5.0,2,0.0,10.100000000000001
2019-07-03,25.6,28.0,23.2,5.0,2,0.0,7.600000000000001
2019-07-04,22.799999999999997,26.2,19.4,4.0,2,0.0,4.799999999999997
2019-07-05,21.9,27.8,16.0,4.0,2,0.0,3.8999999999999986
2019-07-06,24.2,29.4,19.0,4.0,2,0.0,6.199999999999999
2019-07-08,22.8,22.8,22.8,8.0,1,0.0,4.800000000000001
2019-07-09,17.2,17.2,17.2,0.0,1,0.0,0.0
2019-07-10,21.4,21.4,21.4,6.0,1,0.0,3.3999999999999986
2019-07-11,18.9,23.6,14.2,5.0,2,0.0,0.8999999999999986
2019-07-12,15.9,18.8,13.0,4.0,2,0.0,0.0
2019-07-13,18.1,21.4,14.8,4.0,2,0.0,0.10000000000000142
2019-07-14,18.5,21.0,16.0,6.0,2,0.0,0.5
2019-07-15,19.1,23.2,15.0,4.0,2,0.0,1.1000000000000014
2019-07-16,20.6,26.0,15.2,5.0,2,0.0,2.6000000000000014
2019-07-17,21.7,24.0,19.4,7.0,2,0.0,3.6999999999999993
2019-07-18,19.6,23.4,15.8,3.0,2,0.0,1.6000000000000014
2019-07-19,22.1,27.8,16.4,4.0,2,0.0,4.100000000000001
2019-07-20,24.6,30.0,19.2,4.0,2,0.0,6.600000000000001
2019-07-21,25.5,31.2,19.8,4.0,2,0.0,7.5
2019-07-22,24.8,29.0,20.6,3.0,2,0.0,6.800000000000001
2019-07-23,25.1,29.2,21.0,5.0,2,0.0,7.100000000000001
2019-07-24,23.8,27.6,20.0,3.0,2,0.0,5.800000000000001
2019-07-25,24.6,29.2,20.0,4.0,2,0.0,6.600000000000001
2019-07-26,25.6,31.4,19.8,4.0,2,0.0,7.600000000000001
2019-07-27,20.7,21.0,20.4,7.0,2,0.0,2.6999999999999993
2019-07-28,22.200000000000003,26.8,17.6,4.0,2,0.0,4.200000000000003
2019-07-29,20.799999999999997,22.4,19.2,3.0,2,0.0,2.799999999999997
2019-07-30,24.9,29.6,20.2,4.0,2,0.0,6.899999999999999
2019-07-31,27.1,30.6,23.6,6.0,2,0.0,9.100000000000001
2019-08-01,25.0,28.2,21.8,4.0,2,0.0,7.0
2019-08-02,22.200000000000003,25.6,18.8,3.0,2,0.0,4.200000000000003
2019-08-03,21.200000000000003,23.8,18.6,3.0,2,0.0,3.200000000000003
2019-08-04,20.799999999999997,24.2,17.4,4.0,2,0.0,2.799999999999997
2019-08-05,21.2,27.0,15.4,5.0,2,0.0,3.1999999999999993
2019-08-06,23.7,28.0,19.4,4.0,2,0.0,5.699999999999999
2019-08-07,20.0,20.0,20.0,2.0,1,0.0,2.0
2019-08-09,24.8,29.6,20.0,5.0,2,0.0,6.800000000000001
2019-08-10,25.9,31.4,20.4,4.0,2,0.0,7.899999999999999
2019-08-11,27.2,30.0,24.4,2.0,2,0.0,9.2
2019-08-12,27.5,32.8,22.2,3.0,2,0.0,9.5
2019-08-13,24.6,24.6,24.6,5.0,2,0.0,6.600000000000001
2019-08-14,19.1,19.2,19.0,6.0,2,0.0,1.1000000000000014
2019-08-15,17.700000000000003,22.6,12.8,3.0,2,0.0,0.0
2019-08-16,19.4,24.6,14.2,5.0,2,0.0,1.3999999999999986
2019-08-17,20.3,24.6,16.0,3.0,2,0.0,2.3000000000000007
2019-08-18,22.2,28.4,16.0,5.0,2,0.0,4.199999999999999
2019-08-19,24.9,31.0,18.8,4.0,2,0.0,6.899999999999999
2019-08-20,26.1,32.0,20.2,4.0,2,0.0,8.100000000000001
2019-08-21,25.200000000000003,27.8,22.6,6.0,2,0.0,7.200000000000003
2019-08-22,23.3,28.0,18.6,3.0,2,0.0,5.300000000000001
2019-08-23,25.1,29.2,21.0,3.0,2,0.0,7.100000000000001
2019-08-24,25.799999999999997,30.2,21.4,5.0,2,0.0,7.799999999999997
2019-08-25,27.7,30.4,25.0,4.0,2,0.0,9.7
2019-08-26,24.7,26.0,23.4,5.0,2,0.0,6.699999999999999
2019-08-27,24.7,28.0,21.4,4.0,2,0.0,6.699999999999999
2019-08-28,27.5,32.6,22.4,4.0,2,0.0,9.5
2019-08-29,27.8,33.0,22.6,3.0,2,0.0,9.8
2019-08-30,28.0,34.2,21.8,3.0,2,0.0,10.0
2019-08-31,27.400000000000002,32.2,22.6,4.0,2,0.0,9.400000000000002
2019-09-01,27.0,31.8,22.2,2.0,2,0.0,9.0
2019-09-02,25.3,29.6,21.0,5.0,2,0.0,7.300000000000001
2019-09-03,18.0,18.2,17.8,8.0,2,0.0,0.0
2019-09-04,18.2,23.4,13.0,3.0,2,0.0,0.1999999999999993
2019-09-05,19.1,25.2,13.0,4.0,2,0.0,1.1000000000000014
2019-09-06,21.700000000000003,26.6,16.8,4.0,2,0.0,3.700000000000003
2019-09-07,17.2,18.4,16.0,4.0,2,0.0,0.0
2019-09-08,17.700000000000003,19.6,15.8,3.0,2,0.0,0.0
2019-09-09,17.8,18.0,17.6,5.0,2,0.0,0.0
2019-09-10,16.2,21.2,11.2,2.0,2,0.0,0.0
2019-09-11,18.6,24.4,12.8,2.0,2,0.0,0.6000000000000014
2019-09-12,21.5,25.2,17.8,5.0,2,0.0,3.5
2019-09-13,21.8,25.8,17.8,5.0,2,0.0,3.8000000000000007
2019-09-14,21.6,25.0,18.2,3.0,2,0.0,3.6000000000000014
2019-09-15,16.5,21.6,11.4,3.0,2,0.0,0.0
2019-09-16,20.2,27.2,13.2,3.0,2,0.0,2.1999999999999993
2019-09-18,16.8,16.8,16.8,9.0,2,0.0,0.0
2019-09-19,11.7,17.4,6.0,6.0,2,3.8000000000000007,0.0
2019-09-20,12.8,16.0,9.6,4.0,2,2.6999999999999993,0.0
2019-09-21,13.399999999999999,18.2,8.6,3.0,2,2.1000000000000014,0.0
2019-09-22,14.4,20.8,8.0,5.0,2,1.0999999999999996,0.0
2019-09-23,15.3,16.0,14.6,3.0,2,0.1999999999999993,0.0
2019-09-24,17.0,19.8,14.2,4.0,2,0.0,0.0
2019-09-25,17.9,21.0,14.8,4.0,2,0.0,0.0
2019-09-26,18.4,21.2,15.6,6.0,2,0.0,0.3999999999999986
2019-09-27,16.4,22.0,10.8,1.0,2,0.0,0.0
2019-09-28,18.2,22.2,14.2,3.0,2,0.0,0.1999999999999993
2019-09-29,22.6,22.6,22.6,8.0,1,0.0,4.600000000000001
2019-09-30,20.2,25.2,15.2,4.0,2,0.0,2.1999999999999993
2019-10-01,18.2,21.2,15.2,5.0,2,0.0,0.1999999999999993
2019-10-02,18.799999999999997,24.4,13.2,6.0,2,0.0,0.7999999999999972
2019-10-03,14.5,14.6,14.4,9.0,2,1.0,0.0
2019-10-04,11.899999999999999,14.2,9.6,4.0,2,3.6000000000000014,0.0
2019-10-05,10.2,12.8,7.6,4.0,2,5.300000000000001,0.0
2019-10-06,12.600000000000001,14.4,10.8,6.0,2,2.8999999999999986,0.0
2019-10-07,9.0,11.4,6.6,3.0,2,6.5,0.0
2019-10-09,10.0,10.0,10.0,6.0,1,5.5,0.0
2019-10-10,15.399999999999999,16.4,14.4,9.0,2,0.10000000000000142,0.0
2019-10-15,17.4,22.6,12.2,4.0,2,0.0,0.0
2019-10-16,19.8,19.8,19.8,4.0,1,0.0,1.8000000000000007
2019-10-17,15.200000000000001,20.6,9.8,3.0,2,0.29999999999999893,0.0
2019-10-18,15.4,20.8,10.0,4.0,2,0.09999999999999964,0.0
2019-10-19,16.6,22.0,11.2,6.0,2,0.0,0.0
2019-10-20,18.4,24.0,12.8,6.0,2,0.0,0.3999999999999986
2019-10-21,19.1,23.2,15.0,5.0,2,0.0,1.1000000000000014
2019-10-22,23.0,23.0,23.0,2.0,1,0.0,5.0
2019-10-23,19.3,24.6,14.0,3.0,2,0.0,1.3000000000000007
2019-10-24,16.8,21.8,11.8,2.0,2,0.0,0.0
2019-10-25,17.4,22.8,12.0,4.0,2,0.0,0.0
2019-10-26,14.0,19.0,9.0,3.0,2,1.5,0.0
2019-10-27,13.899999999999999,19.2,8.6,3.0,2,1.6000000000000014,0.0
2019-10-28,12.7,17.2,8.2,3.0,2,2.8000000000000007,0.0
2019-10-29,8.4,9.4,7.4,2.0,2,7.1,0.0
2019-10-30,8.4,9.4,7.4,2.0,2,7.1,0.0
2019-10-31,5.9,9.0,2.8,2.0,2,9.6,0.0
2019-11-01,7.6,9.2,6.0,4.0,2,7.9,0.0
2019-11-02,6.0,8.0,4.0,4.0,2,9.5,0.0
2019-11-03,11.1,14.0,8.2,3.0,2,4.4,0.0
2019-11-04,12.600000000000001,13.4,11.8,3.0,2,2.8999999999999986,0.0
2019-11-05,9.8,12.4,7.2,3.0,2,5.699999999999999,0.0
2019-11-06,11.600000000000001,12.8,10.4,2.0,2,3.8999999999999986,0.0
2019-11-07,9.6,10.6,8.6,3.0,2,5.9,0.0
2019-11-08,10.2,11.8,8.6,6.0,2,5.300000000000001,0.0
2019-11-09,11.1,12.2,10.0,4.0,2,4.4,0.0
2019-11-10,8.4,9.0,7.8,4.0,2,7.1,0.0
2019-11-11,8.7,10.2,7.2,5.0,2,6.800000000000001,0.0
2019-11-12,7.0,8.4,5.6,6.0,2,8.5,0.0
2019-11-13,15.399999999999999,17.4,13.4,6.0,2,0.10000000000000142,0.0
2019-11-14,8.0,9.8,6.2,4.0,2,7.5,0.0
2019-11-15,9.8,10.8,8.8,4.0,2,5.699999999999999,0.0
2019-11-16,12.2,13.6,10.8,5.0,2,3.3000000000000007,0.0
2019-11-17,13.7,16.4,11.0,7.0,2,1.8000000000000007,0.0
2019-11-18,12.2,13.4,11.0,6.0,2,3.3000000000000007,0.0
2019-11-19,8.899999999999999,12.2,5.6,5.0,2,6.600000000000001,0.0
2019-11-20,9.8,10.6,9.0,5.0,2,5.699999999999999,0.0
2019-11-21,11.6,12.0,11.2,6.0,2,3.9000000000000004,0.0
2019-11-22,11.0,11.0,11.0,6.0,2,4.5,0.0
2019-11-23,6.7,8.8,4.6,7.0,2,8.8,0.0
2019-11-24,7.0,10.0,4.0,5.0,2,8.5,0.0
2019-11-25,6.4,8.6,4.2,2.0,2,9.1,0.0
2019-11-26,7.300000000000001,9.4,5.2,1.0,2,8.2,0.0
2019-11-27,8.0,8.0,8.0,3.0,2,7.5,0.0
2019-11-28,9.4,10.8,8.0,3.0,2,6.1,0.0
2019-11-29,9.2,11.4,7.0,3.0,2,6.300000000000001,0.0
2019-11-30,6.5,7.8,5.2,10.0,2,9.0,0.0
2019-12-01,1.1500000000000001,3.2,-0.9,3.0,2,14.35,0.0
2019-12-02,0.5,0.8,0.2,4.0,2,15.0,0.0
2019-12-03,2.2,3.6,0.8,7.0,2,13.3,0.0
2019-12-04,-3.8000000000000003,-2.7,-4.9,3.0,2,19.3,0.0
2019-12-05,-1.9,-1.7,-2.1,4.0,2,17.4,0.0
2019-12-06,-1.4,-0.7,-2.1,4.0,2,16.9,0.0
2019-12-07,-0.14999999999999997,0.4,-0.7,4.0,2,15.65,0.0
2019-12-08,3.8,6.8,0.8,3.0,2,11.7,0.0
2019-12-09,3.7,4.2,3.2,4.0,2,11.8,0.0
2019-12-10,5.2,6.4,4.0,3.0,2,10.3,0.0
2019-12-11,4.0,5.4,2.6,2.0,2,11.5,0.0
2019-12-12,1.9000000000000001,2.2,1.6,3.0,2,13.6,0.0
2019-12-13,2.7,2.8,2.6,3.0,2,12.8,0.0
2019-12-14,5.3,6.8,3.8,4.0,2,10.2,0.0
2019-12-15,4.7,6.8,2.6,4.0,2,10.8,0.0
2019-12-16,5.9,10.0,1.8,2.0,2,9.6,0.0
2019-12-17,11.1,14.6,7.6,6.0,2,4.4,0.0
2019-12-18,12.6,14.6,10.6,6.0,2,2.9000000000000004,0.0
2019-12-19,7.8,8.0,7.6,4.0,2,7.7,0.0
2019-12-20,5.2,7.2,3.2,4.0,2,10.3,0.0
2019-12-21,11.6,11.6,11.6,2.0,1,3.9000000000000004,0.0
2019-12-22,9.1,10.0,8.2,6.0,2,6.4,0.0
2019-12-23,6.6,7.4,5.8,9.0,2,8.9,0.0
2019-12-24,8.2,9.0,7.4,14.0,2,7.300000000000001,0.0
2019-12-25,5.6,7.4,3.8,5.0,2,9.9,0.0
2019-12-26,6.2,6.2,6.2,6.0,1,9.3,0.0
2019-12-27,4.1,6.6,1.6,5.0,2,11.4,0.0
2019-12-28,3.0,4.0,2.0,9.0,2,12.5,0.0
2019-12-29,0.9500000000000001,2.2,-0.3,6.0,2,14.55,0.0
2019-12-30,-1.9499999999999997,1.2,-5.1,2.0,2,17.45,0.0
2019-12-31,0.1499999999999999,2.4,-2.1,4.0,2,15.35,0.0
2020-01-02,0.3500000000000001,3.6,-2.9,2.0,2,15.15,0.0
2020-01-03,-2.9,-2.5,-3.3,3.0,2,18.4,0.0
2020-01-04,-2.5,-2.5,-2.5,4.0,1,18.0,0.0
2020-01-05,4.5,4.8,4.2,11.0,2,11.0,0.0
2020-01-06,0.7500000000000001,2.2,-0.7,4.0,2,14.75,0.0
2020-01-10,-0.9,-0.9,-0.9,4.0,1,16.4,0.0
2020-01-11,2.05,6.6,-2.5,5.0,2,13.45,0.0
2020-01-12,0.5499999999999998,4.6,-3.5,3.0,2,14.95,0.0
2020-01-13,-3.4,-2.7,-4.1,3.0,2,18.9,0.0
2020-01-14,-2.9,-2.5,-3.3,3.0,2,18.4,0.0
2020-01-15,-1.9,-1.9,-1.9,3.0,2,17.4,0.0
2020-01-16,-1.1,-0.5,-1.7,2.0,2,16.6,0.0
2020-01-17,-2.1,-2.1,-2.1,2.0,2,17.6,0.0
2020-01-18,-2.0,-1.5,-2.5,4.0,2,17.5,0.0
2020-01-19,-0.8,-0.3,-1.3,2.0,2,16.3,0.0
2020-01-20,1.0499999999999998,2.8,-0.7,2.0,2,14.45,0.0
2020-01-21,-1.6,-1.3,-1.9,3.0,2,17.1,0.0
2020-01-22,-1.3,-0.5,-2.1,2.0,2,16.8,0.0
2020-01-23,0.3500000000000001,4.4,-3.7,3.0,2,15.15,0.0
2020-01-24,-2.5,-1.7,-3.3,3.0,2,18.0,0.0
2020-01-25,-1.5,-1.5,-1.5,2.0,2,17.0,0.0
2020-01-26,-0.45000000000000007,0.2,-1.1,3.0,2,15.95,0.0
2020-01-27,0.5,1.0,0.0,3.0,2,15.0,0.0
2020-01-28,0.9500000000000001,2.6,-0.7,3.0,2,14.55,0.0
2020-01-29,2.7,3.6,1.8,5.0,2,12.8,0.0
2020-01-30,4.7,6.2,3.2,8.0,2,10.8,0.0
2020-01-31,4.2,7.8,0.6,4.0,2,11.3,0.0
2020-02-01,12.0,13.0,11.0,4.0,2,3.5,0.0
2020-02-02,9.7,12.4,7.0,9.0,2,5.800000000000001,0.0
2020-02-03,9.9,10.4,9.4,8.0,2,5.6,0.0
2020-02-04,8.1,8.6,7.6,11.0,2,7.4,0.0
2020-02-05,6.7,8.8,4.6,13.0,2,8.8,0.0
2020-02-06,2.2,4.0,0.4,10.0,2,13.3,0.0
2020-02-07,5.300000000000001,7.4,3.2,9.0,2,10.2,0.0
2020-02-08,2.3,3.4,1.2,4.0,2,13.2,0.0
2020-02-09,2.85,7.4,-1.7,5.0,2,12.65,0.0
2020-02-10,8.700000000000001,13.8,3.6,11.5,2,6.799999999999999,0.0
2020-02-11,6.7,9.8,3.6,11.5,2,8.8,0.0
2020-02-12,3.8,6.6,1.0,10.0,2,11.7,0.0
2020-02-13,5.7,7.8,3.6,4.0,2,9.8,0.0
2020-02-14,7.5,9.6,5.4,7.0,2,8.0,0.0
2020-02-15,7.4,8.4,6.4,7.0,2,8.1,0.0
2020-02-16,6.2,10.0,2.4,6.0,2,9.3,0.0
2020-02-17,6.9,10.4,3.4,3.0,2,8.6,0.0
2020-02-18,8.100000000000001,11.8,4.4,7.0,2,7.399999999999999,0.0
2020-02-19,7.1,9.0,5.2,4.0,2,8.4,0.0
2020-02-20,6.6,8.4,4.8,9.0,2,8.9,0.0
2020-02-21,2.45,6.0,-1.1,9.0,2,13.05,0.0
2020-02-22,6.2,9.0,3.4,8.0,2,9.3,0.0
2020-02-23,8.6,13.4,3.8,8.0,2,6.9,0.0
2020-02-24,10.399999999999999,10.6,10.2,8.0,2,5.100000000000001,0.0
2020-02-25,9.9,14.4,5.4,5.0,2,5.6,0.0
2020-02-26,8.0,8.6,7.4,6.0,2,7.5,0.0
2020-02-27,5.4,6.8,4.0,9.0,2,10.1,0.0
2020-02-28,5.300000000000001,6.2,4.4,11.0,2,10.2,0.0
2020-02-29,4.7,6.8,2.6,8.0,2,10.8,0.0
2020-03-01,6.6,6.6,6.6,8.0,1,8.9,0.0
2020-03-02,10.1,13.0,7.2,7.0,2,5.4,0.0
2020-03-03,10.3,10.4,10.2,5.0,2,5.199999999999999,0.0
2020-03-04,6.800000000000001,7.4,6.2,9.0,2,8.7,0.0
2020-03-05,6.300000000000001,9.8,2.8,4.0,2,9.2,0.0
2020-03-06,3.9000000000000004,5.2,2.6,5.0,2,11.6,0.0
2020-03-07,7.6000000000000005,9.8,5.4,7.0,2,7.8999999999999995,0.0
2020-03-08,6.699999999999999,8.6,4.8,6.0,2,8.8,0.0
2020-03-09,5.5,9.4,1.6,2.0,2,10.0,0.0
2020-03-10,8.1,12.8,3.4,4.0,2,7.4,0.0
2020-03-11,9.1,13.2,5.0,5.0,2,6.4,0.0
2020-03-12,15.7,19.4,12.0,7.0,2,0.0,0.0
2020-03-13,9.8,10.4,9.2,8.0,2,5.699999999999999,0.0
2020-03-14,7.4,11.0,3.8,6.0,2,8.1,0.0
2020-03-15,5.4,8.0,2.8,6.0,2,10.1,0.0
2020-03-16,5.35,11.6,-0.9,6.0,2,10.15,0.0
2020-03-17,8.7,14.0,3.4,4.0,2,6.800000000000001,0.0
2020-03-18,11.899999999999999,18.4,5.4,4.0,2,3.6000000000000014,0.0
2020-03-19,13.3,18.8,7.8,3.0,2,2.1999999999999993,0.0
2020-03-20,19.8,19.8,19.8,6.0,1,0.0,1.8000000000000007
2020-03-21,11.8,15.2,8.4,6.0,2,3.6999999999999993,0.0
2020-03-22,4.7,5.0,4.4,6.0,2,10.8,0.0
2020-03-23,-0.45000000000000007,0.2,-1.1,6.0,2,15.95,0.0
2020-03-24,3.75,7.6,-0.1,8.0,2,11.75,0.0
2020-03-25,2.2,2.2,2.2,10.0,2,13.3,0.0
2020-03-26,7.199999999999999,11.2,3.2,6.0,2,8.3,0.0
2020-03-27,12.5,15.6,9.4,4.0,2,3.0,0.0
2020-03-28,12.5,17.4,7.6,4.0,2,3.0,0.0
2020-03-29,12.0,16.8,7.2,5.0,2,3.5,0.0
2020-03-30,6.4,6.4,6.4,6.0,1,9.1,0.0
2020-03-31,3.5,5.6,1.4,2.0,2,12.0,0.0
2020-04-01,4.2,7.8,0.6,3.0,2,11.3,0.0
2020-04-02,4.6499999999999995,9.6,-0.3,3.0,2,10.850000000000001,0.0
2020-04-03,14.0,14.0,14.0,4.0,1,1.5,0.0
2020-04-04,11.8,15.4,8.2,6.0,2,3.6999999999999993,0.0
2020-04-05,12.399999999999999,17.4,7.4,6.0,2,3.1000000000000014,0.0
2020-04-06,14.7,17.8,11.6,9.0,2,0.8000000000000007,0.0
2020-04-07,11.899999999999999,17.2,6.6,3.0,2,3.6000000000000014,0.0
2020-04-08,13.3,20.0,6.6,3.0,2,2.1999999999999993,0.0
2020-04-09,14.5,20.6,8.4,4.0,2,1.0,0.0
2020-04-10,15.2,19.4,11.0,6.0,2,0.3000000000000007,0.0
2020-04-11,14.799999999999999,18.4,11.2,5.0,2,0.7000000000000011,0.0
2020-04-12,19.8,19.8,19.8,6.0,1,0.0,1.8000000000000007
2020-04-13,15.9,20.0,11.8,5.0,2,0.0,0.0
2020-04-14,11.0,12.2,9.8,8.0,2,4.5,0.0
2020-04-15,7.9,11.8,4.0,7.0,2,7.6,0.0
2020-04-16,12.399999999999999,19.4,5.4,5.0,2,3.1000000000000014,0.0
2020-04-17,17.7,25.2,10.2,6.0,2,0.0,0.0
2020-04-18,16.5,20.0,13.0,5.0,2,0.0,0.0
2020-04-19,14.8,15.0,14.6,4.0,2,0.6999999999999993,0.0
2020-04-20,12.3,15.4,9.2,5.0,2,3.1999999999999993,0.0
2020-04-21,12.200000000000001,16.6,7.8,8.0,2,3.299999999999999,0.0
2020-04-22,13.1,17.0,9.2,5.0,2,2.4000000000000004,0.0
2020-04-23,13.8,19.2,8.4,5.0,2,1.6999999999999993,0.0
2020-04-24,14.3,20.8,7.8,3.0,2,1.1999999999999993,0.0
2020-04-25,16.1,20.6,11.6,11.5,2,0.0,0.0
2020-04-26,12.5,16.6,8.4,5.0,2,3.0,0.0
2020-04-27,12.8,19.2,6.4,4.0,2,2.6999999999999993,0.0
2020-04-28,18.0,21.6,14.4,5.0,2,0.0,0.0
2020-04-29,17.799999999999997,21.4,14.2,5.0,2,0.0,0.0
2020-04-30,17.3,20.6,14.0,6.0,2,0.0,0.0
2020-05-01,13.9,15.0,12.8,6.0,2,1.5999999999999996,0.0
2020-05-02,14.5,19.2,9.8,5.0,2,1.0,0.0
2020-05-03,14.7,16.2,13.2,11.0,2,0.8000000000000007,0.0
2020-05-04,14.2,18.0,10.4,6.0,2,1.3000000000000007,0.0
2020-05-05,8.0,8.0,8.0,2.0,1,7.5,0.0
2020-05-06,11.8,12.8,10.8,11.0,2,3.6999999999999993,0.0
2020-05-07,15.2,18.0,12.4,10.0,2,0.3000000000000007,0.0
2020-05-08,13.9,18.6,9.2,4.0,2,1.5999999999999996,0.0
2020-05-09,17.8,24.0,11.6,4.0,2,0.0,0.0
2020-05-10,19.9,25.0,14.8,5.0,2,0.0,1.8999999999999986
2020-05-11,20.5,25.2,15.8,6.0,2,0.0,2.5
2020-05-12,14.1,17.4,10.8,8.0,2,1.4000000000000004,0.0
2020-05-13,8.0,12.2,3.8,5.0,2,7.5,0.0
2020-05-14,13.6,18.2,9.0,4.0,2,1.9000000000000004,0.0
2020-05-15,13.3,17.0,9.6,4.0,2,2.1999999999999993,0.0
2020-05-16,13.600000000000001,17.6,9.6,4.0,2,1.8999999999999986,0.0
2020-05-17,14.0,15.8,12.2,1.0,2,1.5,0.0
2020-05-18,17.0,23.4,10.6,2.0,2,0.0,0.0
2020-05-19,19.4,24.2,14.6,3.0,2,0.0,1.3999999999999986
2020-05-20,17.5,18.4,16.6,2.0,2,0.0,0.0
2020-05-21,15.600000000000001,18.8,12.4,4.0,2,0.0,0.0
2020-05-22,14.5,19.6,9.4,4.0,2,1.0,0.0
2020-05-23,17.0,19.8,14.2,4.0,2,0.0,0.0
2020-05-24,17.9,19.0,16.8,12.0,2,0.0,0.0
2020-05-25,14.2,16.2,12.2,5.0,2,1.3000000000000007,0.0
2020-05-26,14.9,18.6,11.2,4.0,2,0.5999999999999996,0.0
2020-05-27,16.6,19.4,13.8,6.0,2,0.0,0.0
2020-05-28,15.5,18.4,12.6,4.0,2,0.0,0.0
2020-05-29,14.8,17.2,12.4,4.0,2,0.6999999999999993,0.0
2020-05-30,15.8,17.6,14.0,4.0,2,0.0,0.0
2020-05-31,11.3,11.4,11.2,7.0,2,4.199999999999999,0.0
2020-06-01,17.2,22.0,12.4,4.0,2,0.0,0.0
2020-06-02,17.0,19.8,14.2,6.0,2,0.0,0.0
2020-06-03,15.7,21.0,10.4,2.0,2,0.0,0.0
2020-06-04,18.4,23.2,13.6,6.0,2,0.0,0.3999999999999986
2020-06-05,18.9,20.0,17.8,5.0,2,0.0,0.8999999999999986
2020-06-06,19.8,24.2,15.4,4.0,2,0.0,1.8000000000000007
2020-06-07,22.6,27.4,17.8,4.0,2,0.0,4.600000000000001
2020-06-08,19.1,21.2,17.0,5.0,2,0.0,1.1000000000000014
2020-06-09,18.7,21.8,15.6,2.0,2,0.0,0.6999999999999993
2020-06-10,18.1,19.4,16.8,3.0,2,0.0,0.10000000000000142
2020-06-11,17.8,19.8,15.8,2.0,2,0.0,0.0
2020-06-12,20.0,24.0,16.0,3.0,2,0.0,2.0
2020-06-13,24.4,28.4,20.4,3.0,2,0.0,6.399999999999999
2020-06-14,19.1,20.6,17.6,3.0,2,0.0,1.1000000000000014
2020-06-15,19.4,21.4,17.4,2.0,2,0.0,1.3999999999999986
2020-06-16,18.9,19.2,18.6,1.0,2,0.0,0.8999999999999986
2020-06-17,20.6,22.8,18.4,2.0,2,0.0,2.6000000000000014
2020-06-18,18.799999999999997,20.4,17.2,4.0,2,0.0,0.7999999999999972
2020-06-19,19.0,19.8,18.2,7.0,2,0.0,1.0
2020-06-20,17.6,18.2,17.0,9.0,2,0.0,0.0
2020-06-21,21.4,21.4,21.4,4.0,1,0.0,3.3999999999999986
2020-06-22,21.0,23.4,18.6,8.0,2,0.0,3.0
2020-06-23,22.6,25.0,20.2,7.0,2,0.0,4.600000000000001
2020-06-24,21.3,23.6,19.0,5.0,2,0.0,3.3000000000000007
2020-06-25,21.1,25.4,16.8,2.0,2,0.0,3.1000000000000014
2020-06-26,23.1,27.2,19.0,4.0,2,0.0,5.100000000000001
2020-06-27,25.0,30.0,20.0,3.0,2,0.0,7.0
2020-06-28,25.9,30.8,21.0,2.0,2,0.0,7.899999999999999
2020-06-29,26.0,31.0,21.0,5.0,2,0.0,8.0
2020-06-30,22.299999999999997,26.2,18.4,6.0,2,0.0,4.299999999999997
2020-07-01,24.2,30.0,18.4,4.0,2,0.0,6.199999999999999
2020-07-02,25.700000000000003,29.6,21.8,3.0,2,0.0,7.700000000000003
2020-07-03,24.4,25.2,23.6,6.0,2,0.0,6.399999999999999
2020-07-04,23.1,26.2,20.0,3.0,2,0.0,5.100000000000001
2020-07-05,24.3,27.8,20.8,3.0,2,0.0,6.300000000000001
2020-07-06,24.3,29.6,19.0,1.0,2,0.0,6.300000000000001
2020-07-07,20.9,21.6,20.2,10.0,2,0.0,2.8999999999999986
2020-07-08,19.0,23.6,14.4,4.0,2,0.0,1.0
2020-07-09,23.299999999999997,27.2,19.4,4.0,2,0.0,5.299999999999997
2020-07-10,25.3,31.0,19.6,4.0,2,0.0,7.300000000000001
2020-07-11,26.3,31.6,21.0,4.0,2,0.0,8.3
2020-07-12,16.9,18.8,15.0,4.0,2,0.0,0.0
2020-07-13,18.0,21.2,14.8,3.0,2,0.0,0.0
2020-07-14,18.2,21.8,14.6,3.0,2,0.0,0.1999999999999993
2020-07-15,19.0,24.4,13.6,2.0,2,0.0,1.0
2020-07-16,18.1,21.2,15.0,3.0,2,0.0,0.10000000000000142
2020-07-17,18.7,19.4,18.0,5.0,2,0.0,0.6999999999999993
2020-07-18,17.2,19.4,15.0,3.0,2,0.0,0.0
2020-07-19,17.3,19.6,15.0,2.0,2,0.0,0.0
2020-07-20,21.5,26.4,16.6,3.0,2,0.0,3.5
2020-07-21,24.299999999999997,30.2,18.4,2.0,2,0.0,6.299999999999997
2020-07-22,23.4,27.2,19.6,3.0,2,0.0,5.399999999999999
2020-07-23,22.9,25.0,20.8,3.0,2,0.0,4.899999999999999
2020-07-24,22.700000000000003,27.8,17.6,3.0,2,0.0,4.700000000000003
2020-07-25,19.1,20.0,18.2,6.0,2,0.0,1.1000000000000014
2020-07-26,21.8,25.8,17.8,2.0,2,0.0,3.8000000000000007
2020-07-27,22.9,27.4,18.4,2.0,2,0.0,4.899999999999999
2020-07-28,24.2,30.2,18.2,4.0,2,0.0,6.199999999999999
2020-07-29,27.0,31.2,22.8,3.0,2,0.0,9.0
2020-07-30,26.700000000000003,30.8,22.6,2.0,2,0.0,8.700000000000003
2020-07-31,25.9,31.0,20.8,5.0,2,0.0,7.899999999999999
2020-08-01,25.8,28.6,23.0,5.0,2,0.0,7.800000000000001
2020-08-02,26.4,26.4,26.4,2.0,1,0.0,8.399999999999999
2020-08-03,22.299999999999997,26.4,18.2,4.0,2,0.0,4.299999999999997
2020-08-04,24.4,26.8,22.0,3.0,2,0.0,6.399999999999999
2020-08-05,20.3,22.0,18.6,3.0,2,0.0,2.3000000000000007
2020-08-06,24.1,28.0,20.2,2.0,2,0.0,6.100000000000001
2020-08-07,22.2,22.2,22.2,4.0,1,0.0,4.199999999999999
2020-08-08,27.1,31.4,22.8,5.0,2,0.0,9.100000000000001
2020-08-09,26.6,31.6,21.6,2.0,2,0.0,8.600000000000001
2020-08-10,26.7,31.4,22.0,3.0,2,0.0,8.7
2020-08-11,20.8,21.0,20.6,4.0,2,0.0,2.8000000000000007
2020-08-12,24.6,29.2,20.0,4.0,2,0.0,6.600000000000001
2020-08-13,24.9,29.4,20.4,2.0,2,0.0,6.899999999999999
2020-08-14,24.7,28.0,21.4,3.0,2,0.0,6.699999999999999
2020-08-15,23.9,28.2,19.6,2.0,2,0.0,5.899999999999999
2020-08-16,23.1,27.0,19.2,3.0,2,0.0,5.100000000000001
2020-08-17,24.0,27.6,20.4,4.0,2,0.0,6.0
2020-08-18,20.7,23.2,18.2,2.0,2,0.0,2.6999999999999993
2020-08-19,21.7,24.0,19.4,7.0,2,0.0,3.6999999999999993
2020-08-20,22.700000000000003,26.6,18.8,3.0,2,0.0,4.700000000000003
2020-08-21,23.0,28.4,17.6,3.0,2,0.0,5.0
2020-08-22,24.4,29.8,19.0,3.0,2,0.0,6.399999999999999
2020-08-23,23.3,25.0,21.6,5.0,2,0.0,5.300000000000001
2020-08-24,22.200000000000003,26.6,17.8,3.0,2,0.0,4.200000000000003
2020-08-25,23.2,25.2,21.2,7.0,2,0.0,5.199999999999999
2020-08-26,21.4,28.6,14.2,4.0,2,0.0,3.3999999999999986
2020-08-27,24.4,25.2,23.6,9.0,2,0.0,6.399999999999999
2020-08-28,21.5,27.0,16.0,3.0,2,0.0,3.5
2020-08-29,26.200000000000003,31.6,20.8,5.0,2,0.0,8.200000000000003
2020-08-30,27.799999999999997,33.4,22.2,3.0,2,0.0,9.799999999999997
2020-08-31,22.8,22.8,22.8,2.0,1,0.0,4.800000000000001
2020-09-02,17.2,20.0,14.4,7.0,2,0.0,0.0
2020-09-03,17.4,22.4,12.4,3.0,2,0.0,0.0
2020-09-04,18.6,24.2,13.0,2.0,2,0.0,0.6000000000000014
2020-09-05,20.6,26.0,15.2,3.0,2,0.0,2.6000000000000014
2020-09-06,22.3,27.6,17.0,2.0,2,0.0,4.300000000000001
2020-09-07,21.8,24.6,19.0,4.0,2,0.0,3.8000000000000007
2020-09-08,19.299999999999997,22.4,16.2,5.0,2,0.0,1.2999999999999972
2020-09-09,18.5,24.4,12.6,3.0,2,0.0,0.5
2020-09-10,20.5,26.0,15.0,5.0,2,0.0,2.5
2020-09-11,22.2,26.0,18.4,3.0,2,0.0,4.199999999999999
2020-09-12,22.2,27.2,17.2,3.0,2,0.0,4.199999999999999
2020-09-13,23.799999999999997,28.4,19.2,2.0,2,0.0,5.799999999999997
2020-09-14,23.4,28.2,18.6,4.0,2,0.0,5.399999999999999
2020-09-15,24.200000000000003,28.8,19.6,2.0,2,0.0,6.200000000000003
2020-09-16,24.9,28.2,21.6,2.0,2,0.0,6.899999999999999
2020-09-17,24.9,29.4,20.4,3.0,2,0.0,6.899999999999999
2020-09-18,19.5,22.0,17.0,3.0,2,0.0,1.5
2020-09-19,16.3,20.6,12.0,1.0,2,0.0,0.0
2020-09-20,17.7,22.4,13.0,2.0,2,0.0,0.0
2020-09-21,20.2,25.4,15.0,5.0,2,0.0,2.1999999999999993
2020-09-22,20.6,25.4,15.8,4.0,2,0.0,2.6000000000000014
2020-09-23,21.6,25.6,17.6,3.0,2,0.0,3.6000000000000014
2020-09-24,19.3,22.6,16.0,3.0,2,0.0,1.3000000000000007
2020-09-25,18.8,22.2,15.4,8.0,2,0.0,0.8000000000000007
2020-09-26,13.9,16.0,11.8,4.0,2,1.5999999999999996,0.0
2020-09-27,12.7,16.2,9.2,6.0,2,2.8000000000000007,0.0
2020-09-28,14.700000000000001,17.6,11.8,4.0,2,0.7999999999999989,0.0
2020-09-29,13.2,14.2,12.2,5.0,2,2.3000000000000007,0.0
2020-09-30,13.600000000000001,14.8,12.4,9.0,2,1.8999999999999986,0.0
2020-10-01,13.8,14.4,13.2,6.0,2,1.6999999999999993,0.0
2020-10-02,16.200000000000003,19.6,12.8,4.0,2,0.0,0.0
2020-10-03,19.8,25.8,13.8,5.0,2,0.0,1.8000000000000007
2020-10-04,20.5,21.0,20.0,8.0,2,0.0,2.5
2020-10-05,16.4,20.6,12.2,4.0,2,0.0,0.0
2020-10-06,15.6,20.2,11.0,6.0,2,0.0,0.0
2020-10-07,12.899999999999999,15.2,10.6,3.0,2,2.6000000000000014,0.0
2020-10-08,15.1,17.4,12.8,7.0,2,0.40000000000000036,0.0
2020-10-09,13.899999999999999,19.2,8.6,3.0,2,1.6000000000000014,0.0
2020-10-10,15.1,19.4,10.8,3.0,2,0.40000000000000036,0.0
2020-10-11,13.100000000000001,13.4,12.8,4.0,2,2.3999999999999986,0.0
2020-10-12,10.100000000000001,11.4,8.8,4.0,2,5.399999999999999,0.0
2020-10-13,7.4,7.6,7.2,6.0,2,8.1,0.0
2020-10-14,5.0,5.0,5.0,8.0,1,10.5,0.0
2020-10-15,8.399999999999999,10.2,6.6,2.0,2,7.100000000000001,0.0
2020-10-16,9.8,10.0,9.6,3.0,2,5.699999999999999,0.0
2020-10-17,7.5,8.2,6.8,4.0,2,8.0,0.0
2020-10-18,9.7,12.0,7.4,6.0,2,5.800000000000001,0.0
2020-10-19,8.1,11.2,5.0,2.0,2,7.4,0.0
2020-10-20,11.399999999999999,14.6,8.2,5.0,2,4.100000000000001,0.0
2020-10-21,10.899999999999999,16.2,5.6,4.0,2,4.600000000000001,0.0
2020-10-22,12.2,16.4,8.0,3.0,2,3.3000000000000007,0.0
2020-10-23,11.3,14.2,8.4,3.0,2,4.199999999999999,0.0
2020-10-24,10.9,13.0,8.8,2.0,2,4.6,0.0
2020-10-25,12.3,13.0,11.6,2.0,2,3.1999999999999993,0.0
2020-10-26,14.1,15.6,12.6,2.0,2,1.4000000000000004,0.0
2020-10-27,13.4,17.0,9.8,4.0,2,2.0999999999999996,0.0
2020-10-28,13.299999999999999,16.4,10.2,2.0,2,2.200000000000001,0.0
2020-10-31,13.3,14.2,12.4,11.0,2,2.1999999999999993,0.0
2020-11-01,7.5,9.4,5.6,2.0,2,8.0,0.0
2020-11-02,10.1,11.6,8.6,2.0,2,5.4,0.0
2020-11-03,11.2,12.2,10.2,2.0,2,4.300000000000001,0.0
2020-11-04,12.5,14.0,11.0,4.0,2,3.0,0.0
2020-11-05,11.3,11.4,11.2,2.0,2,4.199999999999999,0.0
2020-11-06,10.0,15.0,5.0,0.0,2,5.5,0.0
2020-11-07,7.7,11.8,3.6,2.0,2,7.8,0.0
2020-11-08,7.300000000000001,10.4,4.2,3.0,2,8.2,0.0
2020-11-09,7.3,11.6,3.0,3.0,2,8.2,0.0
2020-11-10,4.6,5.2,4.0,2.0,2,10.9,0.0
2020-11-11,4.6,5.4,3.8,0.0,2,10.9,0.0
2020-11-12,5.800000000000001,6.2,5.4,1.0,2,9.7,0.0
2020-11-13,7.300000000000001,8.4,6.2,2.0,2,8.2,0.0
2020-11-14,7.3,7.8,6.8,2.0,2,8.2,0.0
2020-11-15,7.800000000000001,8.4,7.2,4.0,2,7.699999999999999,0.0
2020-11-16,6.199999999999999,6.8,5.6,3.0,2,9.3,0.0
2020-11-17,8.8,11.0,6.6,1.0,2,6.699999999999999,0.0
2020-11-18,7.5,12.0,3.0,3.0,2,8.0,0.0
2020-11-19,7.0,8.6,5.4,5.0,2,8.5,0.0
2020-11-20,7.9,8.8,7.0,4.0,2,7.6,0.0
2020-11-21,4.3,7.0,1.6,4.0,2,11.2,0.0
2020-11-22,0.25,3.8,-3.3,2.0,2,15.25,0.0
2020-11-23,1.35,3.2,-0.5,2.0,2,14.15,0.0
2020-11-24,2.2,2.2,2.2,4.0,1,13.3,0.0
2020-11-27,1.8,1.8,1.8,2.0,1,13.7,0.0
2020-11-28,0.7,1.0,0.4,4.0,2,14.8,0.0
2020-11-29,4.4,4.4,4.4,4.0,1,11.1,0.0
2020-12-04,4.4,4.4,4.4,6.0,1,11.1,0.0
2020-12-05,7.1,10.2,4.0,4.0,2,8.4,0.0
2020-12-06,8.1,10.2,6.0,7.0,2,7.4,0.0
2020-12-07,6.3,6.6,6.0,5.0,2,9.2,0.0
2020-12-08,4.0,4.4,3.6,5.0,2,11.5,0.0
2020-12-09,4.0,5.4,2.6,6.0,2,11.5,0.0
2020-12-12,1.8,1.8,1.8,4.0,1,13.7,0.0
2020-12-13,3.6,4.4,2.8,3.0,2,11.9,0.0
2020-12-14,2.1,2.6,1.6,2.0,2,13.4,0.0
2020-12-15,1.4,1.4,1.4,3.0,2,14.1,0.0
2020-12-16,3.1,3.2,3.0,1.0,2,12.4,0.0
2020-12-17,2.7,3.2,2.2,1.0,2,12.8,0.0
2020-12-18,3.1,3.2,3.0,2.0,2,12.4,0.0
2020-12-19,3.0,3.0,3.0,0.0,1,12.5,0.0
2020-12-20,3.7,4.2,3.2,3.0,2,11.8,0.0
2020-12-21,3.6,3.6,3.6,2.0,1,11.9,0.0
2020-12-22,3.8,3.8,3.8,4.0,1,11.7,0.0
2020-12-23,10.0,10.0,10.0,6.0,1,5.5,0.0
2020-12-24,8.2,8.2,8.2,4.0,1,7.300000000000001,0.0
2020-12-26,4.0,4.2,3.8,3.0,2,11.5,0.0
2020-12-27,-1.0,-0.1,-1.9,4.0,2,16.5,0.0
2020-12-28,1.8,3.0,0.6,6.0,2,13.7,0.0
2020-12-29,9.2,10.4,8.0,10.0,2,6.300000000000001,0.0
2020-12-30,5.8,7.0,4.6,3.0,2,9.7,0.0
2020-12-31,5.6,5.6,5.6,3.0,2,9.9,0.0
2021-01-01,1.8,3.2,0.4,3.0,2,13.7,0.0
2021-01-02,3.6,5.0,2.2,3.0,2,11.9,0.0
2021-01-03,5.3,6.0,4.6,6.0,2,10.2,0.0
2021-01-04,6.4,6.4,6.4,6.0,1,9.1,0.0
2021-01-05,5.6,6.6,4.6,7.0,2,9.9,0.0
2021-01-06,3.8,4.2,3.4,3.0,2,11.7,0.0
2021-01-07,2.6,3.6,1.6,5.0,2,12.9,0.0
2021-01-08,-0.04999999999999993,1.8,-1.9,3.0,2,15.55,0.0
2021-01-09,-0.3,-0.1,-0.5,3.0,2,15.8,0.0
2021-01-10,-3.0,-1.7,-4.3,4.0,2,18.5,0.0
2021-01-11,0.3500000000000001,2.2,-1.5,3.0,2,15.15,0.0
2021-01-12,-4.1,-4.1,-4.1,2.0,1,19.6,0.0
2021-01-13,1.15,3.6,-1.3,10.0,2,14.35,0.0
2021-01-14,0.4,0.8,0.0,7.0,2,15.1,0.0
2021-01-15,0.15000000000000002,1.0,-0.7,9.0,2,15.35,0.0
2021-01-16,-3.5,-0.7,-6.3,6.0,2,19.0,0.0
2021-01-17,-2.6,-1.7,-3.5,7.0,2,18.1,0.0
2021-01-18,-4.5,-2.1,-6.9,5.0,2,20.0,0.0
2021-01-19,-0.1499999999999999,2.2,-2.5,3.0,2,15.65,0.0
2021-01-20,4.8,9.2,0.4,6.0,2,10.7,0.0
2021-01-21,8.7,11.6,5.8,7.0,2,6.800000000000001,0.0
2021-01-22,8.2,10.6,5.8,10.0,2,7.300000000000001,0.0
2021-01-23,10.0,11.6,8.4,5.0,2,5.5,0.0
2021-01-24,5.9,6.8,5.0,3.0,2,9.6,0.0
2021-01-25,4.3,5.0,3.6,10.0,2,11.2,0.0
2021-01-26,2.4,3.8,1.0,6.0,2,13.1,0.0
2021-01-27,1.6,2.4,0.8,5.0,2,13.9,0.0
2021-01-28,-0.34999999999999987,1.6,-2.3,2.0,2,15.85,0.0
2021-01-29,1.7,3.4,0.0,3.0,2,13.8,0.0
2021-01-30,6.5,7.4,5.6,5.0,2,9.0,0.0
2021-01-31,1.9,2.4,1.4,6.0,2,13.6,0.0
2021-02-01,0.3500000000000001,3.2,-2.5,2.0,2,15.15,0.0
2021-02-02,-0.1,-0.1,-0.1,2.0,2,15.6,0.0
2021-02-03,1.05,2.4,-0.3,4.0,2,14.45,0.0
2021-02-04,10.2,13.2,7.2,9.0,2,5.300000000000001,0.0
2021-02-05,5.5,7.2,3.8,2.0,2,10.0,0.0
2021-02-06,4.5,5.0,4.0,3.0,2,11.0,0.0
2021-02-07,1.4,1.8,1.0,7.0,2,14.1,0.0
2021-02-08,4.2,5.2,3.2,2.0,2,11.3,0.0
2021-02-09,0.35,1.2,-0.5,5.0,2,15.15,0.0
2021-02-10,0.7,1.4,0.0,1.0,2,14.8,0.0
2021-02-11,-1.35,1.8,-4.5,10.5,2,16.85,0.0
2021-02-12,-5.9,-4.3,-7.5,9.0,2,21.4,0.0
2021-02-13,-5.0,-2.5,-7.5,4.0,2,20.5,0.0
2021-02-14,-2.15,0.4,-4.7,4.0,2,17.65,0.0
2021-02-15,0.050000000000000044,2.6,-2.5,4.0,2,15.45,0.0
2021-02-16,-2.6999999999999997,-0.3,-5.1,2.0,2,18.2,0.0
2021-02-17,0.5499999999999999,1.4,-0.3,3.0,2,14.95,0.0
2021-02-18,8.4,10.8,6.0,7.0,2,7.1,0.0
2021-02-19,3.0999999999999996,5.6,0.6,4.0,2,12.4,0.0
2021-02-20,2.8,3.0,2.6,4.0,2,12.7,0.0
2021-02-21,4.0,7.0,1.0,4.0,2,11.5,0.0
2021-02-22,5.9,9.4,2.4,4.0,2,9.6,0.0
2021-02-23,8.2,12.2,4.2,2.0,2,7.300000000000001,0.0
2021-02-24,9.2,14.6,3.8,3.0,2,6.300000000000001,0.0
2021-02-25,11.0,16.2,5.8,2.0,2,4.5,0.0
2021-02-26,11.0,15.8,6.2,3.0,2,4.5,0.0
2021-02-27,11.2,11.6,10.8,6.0,2,4.300000000000001,0.0
2021-02-28,7.6,10.2,5.0,6.0,2,7.9,0.0
2021-03-01,6.2,11.6,0.8,3.0,2,9.3,0.0
2021-03-02,7.2,13.0,1.4,3.0,2,8.3,0.0
2021-03-03,8.4,14.0,2.8,3.0,2,7.1,0.0
2021-03-04,8.8,12.0,5.6,2.0,2,6.699999999999999,0.0
2021-03-05,9.2,10.6,7.8,5.0,2,6.300000000000001,0.0
2021-03-06,5.6,5.6,5.6,2.0,1,9.9,0.0
2021-03-07,2.25,6.8,-2.3,4.0,2,13.25,0.0
2021-03-08,-0.1,-0.1,-0.1,2.0,1,15.6,0.0
2021-03-09,2.35,5.0,-0.3,2.0,2,13.15,0.0
2021-03-10,3.1,6.0,0.2,3.0,2,12.4,0.0
2021-03-11,2.4499999999999997,6.6,-1.7,2.0,2,13.05,0.0
2021-03-12,9.6,13.2,6.0,12.5,2,5.9,0.0
2021-03-13,9.899999999999999,13.2,6.6,6.0,2,5.600000000000001,0.0
2021-03-14,7.5,7.8,7.2,4.0,2,8.0,0.0
2021-03-15,8.6,10.0,7.2,7.0,2,6.9,0.0
2021-03-16,7.2,10.0,4.4,6.0,2,8.3,0.0
2021-03-17,6.2,9.0,3.4,11.0,2,9.3,0.0
2021-03-18,4.8,6.2,3.4,4.0,2,10.7,0.0
2021-03-19,0.8999999999999999,1.2,0.6,4.0,2,14.6,0.0
2021-03-20,1.2499999999999998,4.6,-2.1,2.0,2,14.25,0.0
2021-03-21,1.85,4.0,-0.3,6.0,2,13.65,0.0
2021-03-22,3.3,4.8,1.8,5.0,2,12.2,0.0
2021-03-23,5.0,8.8,1.2,4.0,2,10.5,0.0
2021-03-24,5.3,5.6,5.0,5.0,2,10.2,0.0
2021-03-25,6.9,10.8,3.0,5.0,2,8.6,0.0
2021-03-26,8.299999999999999,14.2,2.4,2.0,2,7.200000000000001,0.0
2021-03-27,11.700000000000001,17.6,5.8,8.0,2,3.799999999999999,0.0
2021-03-28,11.0,11.8,10.2,8.0,2,4.5,0.0
2021-03-29,9.8,15.6,4.0,3.0,2,5.699999999999999,0.0
2021-03-30,14.299999999999999,16.4,12.2,3.0,2,1.200000000000001,0.0
2021-03-31,16.2,20.2,12.2,4.0,2,0.0,0.0
2021-04-01,16.6,23.0,10.2,5.0,2,0.0,0.0
2021-04-02,17.4,17.6,17.2,11.5,2,0.0,0.0
2021-04-03,9.2,11.4,7.0,6.0,2,6.300000000000001,0.0
2021-04-04,7.0,9.2,4.8,2.0,2,8.5,0.0
2021-04-05,7.0,13.0,1.0,7.0,2,8.5,0.0
2021-04-06,6.300000000000001,7.2,5.4,3.0,2,9.2,0.0
2021-04-07,4.4,7.4,1.4,8.0,2,11.1,0.0
2021-04-08,1.65,4.0,-0.7,9.0,2,13.85,0.0
2021-04-09,5.35,11.6,-0.9,6.0,2,10.15,0.0
2021-04-10,11.4,15.4,7.4,7.0,2,4.1,0.0
2021-04-11,11.7,16.0,7.4,5.0,2,3.8000000000000007,0.0
2021-04-12,15.2,21.0,9.4,4.0,2,0.3000000000000007,0.0
2021-04-13,4.8,5.0,4.6,5.0,2,10.7,0.0
2021-04-14,4.7,7.0,2.4,5.0,2,10.8,0.0
2021-04-15,5.5,6.6,4.4,4.0,2,10.0,0.0
2021-04-16,4.7,6.2,3.2,7.0,2,10.8,0.0
2021-04-17,7.3,10.0,4.6,3.0,2,8.2,0.0
2021-04-18,7.7,10.0,5.4,2.0,2,7.8,0.0
2021-04-19,8.2,9.2,7.2,3.0,2,7.300000000000001,0.0
2021-04-20,9.5,11.2,7.8,1.0,2,6.0,0.0
2021-04-21,10.7,15.8,5.6,2.0,2,4.800000000000001,0.0
2021-04-22,13.100000000000001,17.6,8.6,7.0,2,2.3999999999999986,0.0
2021-04-23,10.6,12.0,9.2,9.0,2,4.9,0.0
2021-04-24,10.4,13.6,7.2,5.0,2,5.1,0.0
2021-04-25,11.5,17.4,5.6,4.0,2,4.0,0.0
2021-04-26,9.4,12.0,6.8,3.0,2,6.1,0.0
2021-04-27,9.8,13.0,6.6,1.0,2,5.699999999999999,0.0
2021-04-28,11.4,15.4,7.4,4.0,2,4.1,0.0
2021-04-29,14.8,17.6,12.0,4.0,2,0.6999999999999993,0.0
2021-04-30,16.1,19.4,12.8,2.0,2,0.0,0.0
2021-05-01,18.5,22.4,14.6,4.0,2,0.0,0.5
2021-05-02,15.8,17.0,14.6,7.0,2,0.0,0.0
2021-05-03,12.2,13.8,10.6,9.0,2,3.3000000000000007,0.0
2021-05-04,12.0,18.4,5.6,4.0,2,3.5,0.0
2021-05-05,15.899999999999999,20.4,11.4,5.0,2,0.0,0.0
2021-05-06,10.2,10.2,10.2,10.0,1,5.300000000000001,0.0
2021-05-07,11.399999999999999,12.2,10.6,7.0,2,4.100000000000001,0.0
2021-05-08,11.2,14.2,8.2,6.0,2,4.300000000000001,0.0
2021-05-09,12.4,19.6,5.2,4.0,2,3.0999999999999996,0.0
2021-05-10,18.4,24.8,12.0,6.0,2,0.0,0.3999999999999986
2021-05-11,21.6,28.0,15.2,2.0,2,0.0,3.6000000000000014
2021-05-12,20.200000000000003,23.6,16.8,6.0,2,0.0,2.200000000000003
2021-05-13,14.1,15.0,13.2,5.0,2,1.4000000000000004,0.0
2021-05-14,12.7,13.6,11.8,8.0,2,2.8000000000000007,0.0
2021-05-15,14.4,19.8,9.0,4.0,2,1.0999999999999996,0.0
2021-05-16,13.700000000000001,16.6,10.8,3.0,2,1.799999999999999,0.0
2021-05-17,12.7,14.6,10.8,4.0,2,2.8000000000000007,0.0
2021-05-18,13.0,14.4,11.6,16.5,2,2.5,0.0
2021-05-19,13.3,16.6,10.0,2.0,2,2.1999999999999993,0.0
2021-05-20,13.1,15.6,10.6,7.0,2,2.4000000000000004,0.0
2021-05-21,15.3,19.8,10.8,4.0,2,0.1999999999999993,0.0
2021-05-22,14.5,15.2,13.8,7.0,2,1.0,0.0
2021-05-23,11.8,13.6,10.0,1.0,2,3.6999999999999993,0.0
2021-05-24,13.0,16.8,9.2,3.0,2,2.5,0.0
2021-05-25,14.7,16.0,13.4,6.0,2,0.8000000000000007,0.0
2021-05-26,14.5,19.0,10.0,5.0,2,1.0,0.0
2021-05-27,15.2,21.0,9.4,4.0,2,0.3000000000000007,0.0
2021-05-28,16.6,19.8,13.4,9.0,2,0.0,0.0
2021-05-29,16.4,18.8,14.0,7.0,2,0.0,0.0
2021-05-30,14.5,17.4,11.6,6.0,2,1.0,0.0
2021-05-31,13.3,15.4,11.2,3.0,2,2.1999999999999993,0.0
2021-06-01,14.1,18.4,9.8,5.0,2,1.4000000000000004,0.0
2021-06-02,15.3,20.2,10.4,3.0,2,0.1999999999999993,0.0
2021-06-03,17.5,22.2,12.8,4.0,2,0.0,0.0
2021-06-04,18.6,24.6,12.6,3.0,2,0.0,0.6000000000000014
2021-06-05,20.3,26.6,14.0,4.0,2,0.0,2.3000000000000007
2021-06-06,20.6,24.2,17.0,2.0,2,0.0,2.6000000000000014
2021-06-07,21.9,25.4,18.4,2.0,2,0.0,3.8999999999999986
2021-06-08,22.1,27.4,16.8,2.0,2,0.0,4.100000000000001
2021-06-09,22.6,26.6,18.6,2.0,2,0.0,4.600000000000001
2021-06-10,22.0,24.8,19.2,3.0,2,0.0,4.0
2021-06-11,18.0,18.6,17.4,2.0,2,0.0,0.0
2021-06-12,23.4,26.4,20.4,4.0,2,0.0,5.399999999999999
2021-06-13,18.799999999999997,20.4,17.2,9.0,2,0.0,0.7999999999999972
2021-06-14,17.1,20.6,13.6,6.0,2,0.0,0.0
2021-06-15,19.9,25.0,14.8,2.0,2,0.0,1.8999999999999986
2021-06-16,21.8,27.6,16.0,7.0,2,0.0,3.8000000000000007
2021-06-17,24.3,28.8,19.8,4.0,2,0.0,6.300000000000001
2021-06-18,24.6,29.2,20.0,5.0,2,0.0,6.600000000000001
2021-06-19,26.4,30.6,22.2,3.0,2,0.0,8.399999999999999
2021-06-20,25.9,29.8,22.0,5.0,2,0.0,7.899999999999999
2021-06-21,26.6,31.0,22.2,4.0,2,0.0,8.600000000000001
2021-06-22,28.3,31.6,25.0,3.0,2,0.0,10.3
2021-06-23,24.2,24.2,24.2,2.0,1,0.0,6.199999999999999
2021-06-24,29.4,36.0,22.8,3.0,2,0.0,11.399999999999999
2021-06-25,27.9,30.0,25.8,4.0,2,0.0,9.899999999999999
2021-06-26,25.1,28.4,21.8,5.0,2,0.0,7.100000000000001
2021-06-27,24.0,28.2,19.8,1.0,2,0.0,6.0
2021-06-28,26.2,31.2,21.2,5.0,2,0.0,8.2
2021-06-29,28.0,33.8,22.2,7.0,2,0.0,10.0
2021-06-30,26.1,28.2,24.0,6.0,2,0.0,8.100000000000001
2021-07-01,21.9,25.2,18.6,10.0,2,0.0,3.8999999999999986
2021-07-02,20.6,22.8,18.4,7.0,2,0.0,2.6000000000000014
2021-07-03,21.5,25.2,17.8,7.0,2,0.0,3.5
2021-07-04,22.8,27.0,18.6,4.0,2,0.0,4.800000000000001
2021-07-05,24.8,28.0,21.6,2.0,2,0.0,6.800000000000001
2021-07-06,26.5,30.6,22.4,3.0,2,0.0,8.5
2021-07-07,27.1,33.0,21.2,4.0,2,0.0,9.100000000000001
2021-07-08,30.299999999999997,35.4,25.2,2.0,2,0.0,12.299999999999997
2021-07-09,26.6,26.6,26.6,3.0,2,0.0,8.600000000000001
2021-07-10,24.799999999999997,28.4,21.2,5.0,2,0.0,6.799999999999997
2021-07-11,25.700000000000003,29.8,21.6,6.0,2,0.0,7.700000000000003
2021-07-12,24.1,28.6,19.6,4.0,2,0.0,6.100000000000001
2021-07-13,26.6,33.0,20.2,3.0,2,0.0,8.600000000000001
2021-07-14,29.3,33.6,25.0,4.0,2,0.0,11.3
2021-07-15,25.9,29.6,22.2,2.0,2,0.0,7.899999999999999
2021-07-16,25.3,29.6,21.0,4.0,2,0.0,7.300000000000001
2021-07-17,23.3,26.6,20.0,4.0,2,0.0,5.300000000000001
2021-07-18,22.8,23.8,21.8,3.0,2,0.0,4.800000000000001
2021-07-19,22.1,22.2,22.0,3.0,2,0.0,4.100000000000001
2021-07-20,23.2,26.4,20.0,6.0,2,0.0,5.199999999999999
2021-07-21,21.1,24.4,17.8,3.0,2,0.0,3.1000000000000014
2021-07-22,21.4,26.4,16.4,3.0,2,0.0,3.3999999999999986
2021-07-23,22.5,26.2,18.8,3.0,2,0.0,4.5
2021-07-24,23.200000000000003,28.8,17.6,5.0,2,0.0,5.200000000000003
2021-07-25,25.1,30.4,19.8,5.0,2,0.0,7.100000000000001
2021-07-26,27.9,31.6,24.2,2.0,2,0.0,9.899999999999999
2021-07-27,27.6,30.0,25.2,5.0,2,0.0,9.600000000000001
2021-07-28,27.9,34.0,21.8,4.0,2,0.0,9.899999999999999
2021-07-29,25.700000000000003,28.6,22.8,5.0,2,0.0,7.700000000000003
2021-07-30,25.7,32.0,19.4,2.0,2,0.0,7.699999999999999
2021-07-31,25.7,28.2,23.2,5.0,2,0.0,7.699999999999999
2021-08-01,24.6,29.0,20.2,5.0,2,0.0,6.600000000000001
2021-08-02,20.6,23.6,17.6,6.0,2,0.0,2.6000000000000014
2021-08-03,20.8,25.6,16.0,2.0,2,0.0,2.8000000000000007
2021-08-04,22.0,26.0,18.0,4.0,2,0.0,4.0
2021-08-05,20.1,20.4,19.8,2.0,2,0.0,2.1000000000000014
2021-08-06,20.200000000000003,22.8,17.6,7.0,2,0.0,2.200000000000003
2021-08-07,22.9,29.2,16.6,3.0,2,0.0,4.899999999999999
2021-08-08,24.5,29.0,20.0,3.0,2,0.0,6.5
2021-08-09,23.6,27.2,20.0,2.0,2,0.0,5.600000000000001
2021-08-10,24.6,29.2,20.0,3.0,2,0.0,6.600000000000001
2021-08-11,24.6,30.4,18.8,5.0,2,0.0,6.600000000000001
2021-08-12,23.6,28.6,18.6,0.0,2,0.0,5.600000000000001
2021-08-13,25.1,29.4,20.8,4.0,2,0.0,7.100000000000001
2021-08-14,26.6,31.6,21.6,5.0,2,0.0,8.600000000000001
2021-08-15,28.0,33.6,22.4,1.0,2,0.0,10.0
2021-08-16,24.299999999999997,29.2,19.4,3.0,2,0.0,6.299999999999997
2021-08-17,19.2,20.0,18.4,10.0,2,0.0,1.1999999999999993
2021-08-18,16.7,20.8,12.6,4.0,2,0.0,0.0
2021-08-20,19.9,25.2,14.6,4.0,2,0.0,1.8999999999999986
2021-08-21,21.5,26.4,16.6,2.0,2,0.0,3.5
2021-08-22,23.299999999999997,28.2,18.4,3.0,2,0.0,5.299999999999997
2021-08-23,20.200000000000003,20.8,19.6,4.0,2,0.0,2.200000000000003
2021-08-24,19.5,22.0,17.0,4.0,2,0.0,1.5
2021-08-25,18.299999999999997,20.2,16.4,1.0,2,0.0,0.29999999999999716
2021-08-26,16.2,21.2,11.2,4.0,2,0.0,0.0
2021-08-27,16.6,18.2,15.0,4.0,2,0.0,0.0
2021-08-28,15.8,20.8,10.8,3.0,2,0.0,0.0
2021-08-29,17.6,21.2,14.0,2.0,2,0.0,0.0
2021-08-30,16.799999999999997,20.4,13.2,5.0,2,0.0,0.0
2021-08-31,16.3,20.6,12.0,7.0,2,0.0,0.0
2021-09-01,18.1,19.2,17.0,9.0,2,0.0,0.10000000000000142
2021-09-02,17.8,21.6,14.0,3.0,2,0.0,0.0
2021-09-03,19.299999999999997,23.4,15.2,4.0,2,0.0,1.2999999999999972
2021-09-04,18.700000000000003,24.6,12.8,3.0,2,0.0,0.7000000000000028
2021-09-05,19.5,23.8,15.2,4.0,2,0.0,1.5
2021-09-06,17.9,22.8,13.0,3.0,2,0.0,0.0
2021-09-07,17.8,24.0,11.6,3.0,2,0.0,0.0
2021-09-08,19.6,25.0,14.2,2.0,2,0.0,1.6000000000000014
2021-09-09,19.6,24.8,14.4,5.0,2,0.0,1.6000000000000014
2021-09-10,19.7,25.8,13.6,4.0,2,0.0,1.6999999999999993
2021-09-11,21.2,27.0,15.4,4.0,2,0.0,3.1999999999999993
2021-09-12,21.8,27.8,15.8,2.0,2,0.0,3.8000000000000007
2021-09-13,21.8,27.0,16.6,3.0,2,0.0,3.8000000000000007
2021-09-14,17.6,17.6,17.6,2.0,1,0.0,0.0
2021-09-15,23.2,28.4,18.0,7.0,2,0.0,5.199999999999999
2021-09-16,21.9,26.0,17.8,3.0,2,0.0,3.8999999999999986
2021-09-17,19.0,19.2,18.8,5.0,2,0.0,1.0
2021-09-18,17.3,19.6,15.0,10.0,2,0.0,0.0
2021-09-19,16.5,19.4,13.6,5.0,2,0.0,0.0
2021-09-20,12.5,14.8,10.2,6.0,2,3.0,0.0
2021-09-21,12.0,15.2,8.8,2.0,2,3.5,0.0
2021-09-22,13.1,13.6,12.6,5.0,2,2.4000000000000004,0.0
2021-09-23,13.700000000000001,17.6,9.8,3.0,2,1.799999999999999,0.0
2021-09-24,16.2,19.4,13.0,7.0,2,0.0,0.0
2021-09-25,19.3,23.2,15.4,5.0,2,0.0,1.3000000000000007
2021-09-26,18.7,24.8,12.6,4.0,2,0.0,0.6999999999999993
2021-09-27,18.4,19.2,17.6,3.0,2,0.0,0.3999999999999986
2021-09-28,19.8,22.6,17.0,4.0,2,0.0,1.8000000000000007
2021-09-29,14.6,15.2,14.0,2.0,2,0.9000000000000004,0.0
2021-09-30,14.4,15.0,13.8,4.0,2,1.0999999999999996,0.0
2021-10-01,13.1,17.0,9.2,3.0,2,2.4000000000000004,0.0
2021-10-02,15.3,18.6,12.0,6.0,2,0.1999999999999993,0.0
2021-10-03,14.8,19.6,10.0,4.0,2,0.6999999999999993,0.0
2021-10-04,17.299999999999997,22.4,12.2,4.0,2,0.0,0.0
2021-10-05,18.799999999999997,23.4,14.2,5.0,2,0.0,0.7999999999999972
2021-10-06,13.0,15.8,10.2,4.0,2,2.5,0.0
2021-10-07,13.100000000000001,14.8,11.4,4.0,2,2.3999999999999986,0.0
2021-10-08,13.7,14.8,12.6,5.0,2,1.8000000000000007,0.0
2021-10-09,10.6,14.2,7.0,4.0,2,4.9,0.0
2021-10-11,13.2,13.2,13.2,6.0,1,2.3000000000000007,0.0
2021-10-12,11.899999999999999,14.2,9.6,5.0,2,3.6000000000000014,0.0
2021-10-13,8.7,11.2,6.2,7.0,2,6.800000000000001,0.0
2021-10-14,8.6,10.6,6.6,4.0,2,6.9,0.0
2021-10-15,7.0,12.0,2.0,1.0,2,8.5,0.0
2021-10-16,9.0,15.4,2.6,4.0,2,6.5,0.0
2021-10-17,10.1,13.2,7.0,3.0,2,5.4,0.0
2021-10-18,13.6,13.6,13.6,2.0,1,1.9000000000000004,0.0
2021-10-19,9.2,14.6,3.8,4.0,2,6.300000000000001,0.0
2021-10-20,11.1,17.2,5.0,5.0,2,4.4,0.0
2021-10-21,12.8,12.8,12.8,2.0,1,2.6999999999999993,0.0
2021-10-23,10.6,12.0,9.2,7.0,2,4.9,0.0
2021-10-24,9.2,12.0,6.4,2.0,2,6.300000000000001,0.0
2021-10-26,11.8,11.8,11.8,4.0,1,3.6999999999999993,0.0
2021-10-27,8.2,13.6,2.8,2.0,2,7.300000000000001,0.0
2021-10-28,8.299999999999999,14.2,2.4,1.0,2,7.200000000000001,0.0
2021-10-29,9.7,15.2,4.2,4.0,2,5.800000000000001,0.0
2021-10-30,12.2,16.8,7.6,8.0,2,3.3000000000000007,0.0
2021-10-31,10.7,14.6,6.8,3.0,2,4.800000000000001,0.0
2021-11-01,8.9,13.0,4.8,4.0,2,6.6,0.0
2021-11-02,8.6,10.4,6.8,5.0,2,6.9,0.0
2021-11-03,8.1,12.0,4.2,4.0,2,7.4,0.0
2021-11-04,12.3,14.2,10.4,5.0,2,3.1999999999999993,0.0
2021-11-05,9.0,11.2,6.8,2.0,2,6.5,0.0
2021-11-06,9.4,11.8,7.0,3.0,2,6.1,0.0
2021-11-07,8.7,9.6,7.8,1.0,2,6.800000000000001,0.0
2021-11-08,8.8,9.8,7.8,5.0,2,6.699999999999999,0.0
2021-11-09,7.1,12.0,2.2,2.0,2,8.4,0.0
2021-11-10,4.7,7.4,2.0,5.0,2,10.8,0.0
2021-11-11,5.6,8.6,2.6,5.0,2,9.9,0.0
2021-11-12,6.5,10.6,2.4,2.0,2,9.0,0.0
2021-11-13,2.0,3.4,0.6,2.0,2,13.5,0.0
2021-11-14,6.1,8.0,4.2,2.0,2,9.4,0.0
2021-11-15,8.8,11.0,6.6,3.0,2,6.699999999999999,0.0
2021-11-16,7.199999999999999,8.6,5.8,2.0,2,8.3,0.0
2021-11-17,6.0,9.0,3.0,2.0,2,9.5,0.0
2021-11-18,8.1,9.6,6.6,4.0,2,7.4,0.0
2021-11-19,6.9,10.4,3.4,7.0,2,8.6,0.0
2021-11-20,11.5,12.8,10.2,8.0,2,4.0,0.0
2021-11-21,4.9,5.6,4.2,3.0,2,10.6,0.0
2021-11-22,6.8,8.0,5.6,2.0,2,8.7,0.0
2021-11-23,7.3,8.0,6.6,7.0,2,8.2,0.0
2021-11-24,1.5499999999999998,5.6,-2.5,2.0,2,13.95,0.0
2021-11-25,1.5499999999999998,4.8,-1.7,4.0,2,13.95,0.0
2021-11-26,3.2,5.0,1.4,3.0,2,12.3,0.0
2021-11-27,3.0,4.2,1.8,3.0,2,12.5,0.0
2021-11-28,6.3,8.6,4.0,4.0,2,9.2,0.0
2021-11-29,3.3,4.0,2.6,8.0,2,12.2,0.0
2021-11-30,2.9,5.2,0.6,7.0,2,12.6,0.0
2021-12-01,4.7,6.8,2.6,6.0,2,10.8,0.0
2021-12-02,5.9,6.4,5.4,3.0,2,9.6,0.0
2021-12-03,5.2,5.2,5.2,4.0,2,10.3,0.0
2021-12-04,-0.7500000000000001,1.2,-2.7,1.0,2,16.25,0.0
2021-12-05,0.25,1.0,-0.5,4.0,2,15.25,0.0
2021-12-06,2.3,3.6,1.0,3.0,2,13.2,0.0
2021-12-07,2.1,3.8,0.4,5.0,2,13.4,0.0
2021-12-08,-0.35,1.0,-1.7,2.0,2,15.85,0.0
2021-12-09,0.7,1.2,0.2,6.0,2,14.8,0.0
2021-12-10,1.4,1.6,1.2,4.0,2,14.1,0.0
2021-12-11,1.1,1.6,0.6,4.0,2,14.4,0.0
2021-12-12,2.0,3.2,0.8,8.0,2,13.5,0.0
2021-12-13,3.0,5.0,1.0,5.0,2,12.5,0.0
2021-12-14,1.15,3.0,-0.7,1.0,2,14.35,0.0
2021-12-15,-0.55,2.6,-3.7,3.0,2,16.05,0.0
2021-12-16,2.75,5.6,-0.1,5.0,2,12.75,0.0
2021-12-17,6.4,7.6,5.2,11.0,2,9.1,0.0
2021-12-18,4.5,5.4,3.6,5.0,2,11.0,0.0
2021-12-19,5.1,6.2,4.0,6.0,2,10.4,0.0
2021-12-20,4.6,4.8,4.4,8.0,2,10.9,0.0
2021-12-21,1.8,2.6,1.0,7.0,2,13.7,0.0
2021-12-22,-2.7,-1.1,-4.3,2.0,2,18.2,0.0
2021-12-23,-2.4499999999999997,0.4,-5.3,4.0,2,17.95,0.0
2021-12-24,2.45,7.2,-2.3,6.0,2,13.05,0.0
2021-12-25,8.1,10.6,5.6,4.0,2,7.4,0.0
2021-12-26,-0.04999999999999993,1.8,-1.9,2.0,2,15.55,0.0
2021-12-27,-1.55,0.4,-3.5,2.0,2,17.05,0.0
2021-12-28,-0.4,-0.3,-0.5,3.0,2,15.9,0.0
2021-12-29,1.0,1.8,0.2,1.0,2,14.5,0.0
2021-12-30,1.8,2.2,1.4,3.0,2,13.7,0.0
2021-12-31,9.399999999999999,14.2,4.6,2.0,2,6.100000000000001,0.0
2022-01-01,10.5,13.6,7.4,7.0,2,5.0,0.0
2022-01-02,10.8,11.6,10.0,3.0,2,4.699999999999999,0.0
2022-01-03,8.8,12.4,5.2,3.0,2,6.699999999999999,0.0
2022-01-04,9.3,10.4,8.2,5.0,2,6.199999999999999,0.0
2022-01-05,8.6,9.6,7.6,6.0,2,6.9,0.0
2022-01-06,4.6,5.2,4.0,13.0,2,10.9,0.0
2022-01-07,1.15,2.4,-0.1,4.0,2,14.35,0.0
2022-01-08,-1.65,0.2,-3.5,3.0,2,17.15,0.0
2022-01-09,-1.9,-0.3,-3.5,3.0,2,17.4,0.0
2022-01-10,1.05,4.0,-1.9,4.0,2,14.45,0.0
2022-01-11,1.35,3.0,-0.3,8.0,2,14.15,0.0
2022-01-12,-1.5999999999999999,-0.3,-2.9,3.0,2,17.1,0.0
2022-01-13,-2.25,2.6,-7.1,1.0,2,17.75,0.0
2022-01-14,5.0,6.8,3.2,8.0,2,10.5,0.0
2022-01-15,4.8,5.8,3.8,7.0,2,10.7,0.0
2022-01-16,-2.4,-1.7,-3.1,4.0,2,17.9,0.0
2022-01-17,1.45,5.8,-2.9,6.0,2,14.05,0.0
2022-01-18,2.9,3.4,2.4,12.0,2,12.6,0.0
2022-01-19,0.15000000000000002,2.0,-1.7,2.0,2,15.35,0.0
2022-01-20,0.25,3.4,-2.9,6.0,2,15.25,0.0
2022-01-21,0.15,0.6,-0.3,7.0,2,15.35,0.0
2022-01-22,-0.7,-0.7,-0.7,6.0,1,16.2,0.0
2022-01-23,-0.95,0.4,-2.3,4.0,2,16.45,0.0
2022-01-24,-2.1999999999999997,-0.3,-4.1,5.0,2,17.7,0.0
2022-01-25,-3.85,0.2,-7.9,2.0,2,19.35,0.0
2022-01-26,1.35,4.0,-1.3,5.0,2,14.15,0.0
2022-01-27,2.5,4.4,0.6,7.0,2,13.0,0.0
2022-01-28,4.0,4.0,4.0,17.0,1,11.5,0.0
2022-01-29,5.0,5.0,5.0,10.0,1,10.5,0.0
2022-01-30,5.5,8.0,3.0,13.5,2,10.0,0.0
2022-01-31,4.5,4.6,4.4,8.0,2,11.0,0.0
2022-02-01,3.3,4.6,2.0,4.0,2,12.2,0.0
2022-02-02,3.9,7.2,0.6,8.0,2,11.6,0.0
2022-02-03,5.2,6.2,4.2,9.0,2,10.3,0.0
2022-02-04,3.8,6.8,0.8,3.0,2,11.7,0.0
2022-02-05,4.8999999999999995,8.2,1.6,8.0,2,10.600000000000001,0.0
2022-02-06,3.8000000000000003,7.4,0.2,5.0,2,11.7,0.0
2022-02-07,6.7,7.2,6.2,9.5,2,8.8,0.0
2022-02-08,4.800000000000001,6.4,3.2,13.0,2,10.7,0.0
2022-02-09,9.6,11.4,7.8,11.0,2,5.9,0.0
2022-02-10,6.1,11.2,1.0,4.0,2,9.4,0.0
2022-02-11,6.8,11.6,2.0,3.0,2,8.7,0.0
2022-02-12,6.2,8.0,4.4,5.0,2,9.3,0.0
2022-02-13,2.35,6.0,-1.3,4.0,2,13.15,0.0
2022-02-14,4.8,7.6,2.0,5.0,2,10.7,0.0
2022-02-15,8.399999999999999,11.2,5.6,2.0,2,7.100000000000001,0.0
2022-02-16,7.1,9.2,5.0,2.0,2,8.4,0.0
2022-02-17,7.7,12.0,3.4,10.0,2,7.8,0.0
2022-02-18,9.5,11.0,8.0,8.0,2,6.0,0.0
2022-02-19,9.6,10.2,9.0,5.0,2,5.9,0.0
2022-02-20,6.1,8.6,3.6,6.0,2,9.4,0.0
2022-02-21,6.3,6.8,5.8,3.0,2,9.2,0.0
2022-02-22,5.8,9.0,2.6,7.0,2,9.7,0.0
2022-02-23,5.9,9.8,2.0,8.0,2,9.6,0.0
2022-02-24,6.3,10.6,2.0,5.0,2,9.2,0.0
2022-02-25,5.9,9.4,2.4,5.0,2,9.6,0.0
2022-02-26,6.6,8.2,5.0,3.0,2,8.9,0.0
2022-02-27,6.1000000000000005,8.8,3.4,6.0,2,9.399999999999999,0.0
2022-02-28,1.6,2.6,0.6,6.0,2,13.9,0.0
2022-03-01,3.1,6.2,0.0,3.0,2,12.4,0.0
2022-03-02,2.9499999999999997,6.8,-0.9,4.0,2,12.55,0.0
2022-03-03,3.9000000000000004,6.4,1.4,1.0,2,11.6,0.0
2022-03-04,2.6,4.4,0.8,2.0,2,12.9,0.0
2022-03-05,3.2,5.4,1.0,4.0,2,12.3,0.0
2022-03-06,3.4,6.2,0.6,4.0,2,12.1,0.0
2022-03-07,1.3,1.8,0.8,4.0,2,14.2,0.0
2022-03-08,3.5,6.4,0.6,4.0,2,12.0,0.0
2022-03-09,8.4,8.4,8.4,8.0,1,7.1,0.0
2022-03-10,3.6,5.2,2.0,6.0,2,11.9,0.0
2022-03-11,0.1499999999999999,2.8,-2.5,4.0,2,15.35,0.0
2022-03-12,0.050000000000000044,4.0,-3.9,2.0,2,15.45,0.0
2022-03-13,2.05,7.6,-3.5,3.0,2,13.45,0.0
2022-03-14,6.0,11.6,0.4,7.0,2,9.5,0.0
2022-03-15,8.8,14.4,3.2,6.0,2,6.699999999999999,0.0
2022-03-16,7.9,10.0,5.8,4.0,2,7.6,0.0
2022-03-17,7.1,10.4,3.8,7.0,2,8.4,0.0
2022-03-18,5.1,7.2,3.0,2.0,2,10.4,0.0
2022-03-19,6.4,10.0,2.8,2.0,2,9.1,0.0
2022-03-20,5.0,7.6,2.4,4.0,2,10.5,0.0
2022-03-21,5.4,10.8,0.0,4.0,2,10.1,0.0
2022-03-22,9.8,15.8,3.8,3.0,2,5.699999999999999,0.0
2022-03-23,13.7,18.8,8.6,3.0,2,1.8000000000000007,0.0
2022-03-24,12.899999999999999,21.2,4.6,3.0,2,2.6000000000000014,0.0
2022-03-25,12.5,16.6,8.4,5.0,2,3.0,0.0
2022-03-26,12.799999999999999,18.4,7.2,4.0,2,2.700000000000001,0.0
2022-03-27,13.0,15.2,10.8,3.0,2,2.5,0.0
2022-03-28,11.899999999999999,18.2,5.6,4.0,2,3.6000000000000014,0.0
2022-03-29,14.9,21.0,8.8,5.0,2,0.5999999999999996,0.0
2022-03-30,13.9,16.0,11.8,4.0,2,1.5999999999999996,0.0
2022-03-31,10.4,11.0,9.8,5.0,2,5.1,0.0
2022-04-01,9.5,10.2,8.8,4.0,2,6.0,0.0
2022-04-02,4.0,5.0,3.0,5.0,2,11.5,0.0
2022-04-03,2.7,5.2,0.2,6.0,2,12.8,0.0
2022-04-04,3.2,6.2,0.2,7.0,2,12.3,0.0
2022-04-05,7.0,12.6,1.4,9.0,2,8.5,0.0
2022-04-06,12.899999999999999,18.2,7.6,3.0,2,2.6000000000000014,0.0
2022-04-07,12.8,14.8,10.8,3.0,2,2.6999999999999993,0.0
2022-04-08,13.399999999999999,16.4,10.4,8.0,2,2.1000000000000014,0.0
2022-04-09,9.5,11.0,8.0,8.0,2,6.0,0.0
2022-04-10,8.7,11.0,6.4,10.0,2,6.800000000000001,0.0
2022-04-11,8.1,11.4,4.8,5.0,2,7.4,0.0
2022-04-12,8.2,13.6,2.8,2.0,2,7.300000000000001,0.0
2022-04-13,10.9,15.8,6.0,3.0,2,4.6,0.0
2022-04-14,13.6,19.2,8.0,4.0,2,1.9000000000000004,0.0
2022-04-15,13.200000000000001,18.6,7.8,4.0,2,2.299999999999999,0.0
2022-04-16,13.2,13.6,12.8,8.0,2,2.3000000000000007,0.0
2022-04-17,8.0,10.6,5.4,3.0,2,7.5,0.0
2022-04-18,7.699999999999999,9.6,5.8,5.0,2,7.800000000000001,0.0
2022-04-19,7.6,9.4,5.8,8.0,2,7.9,0.0
2022-04-20,8.4,12.8,4.0,6.0,2,7.1,0.0
2022-04-21,9.2,14.6,3.8,1.0,2,6.300000000000001,0.0
2022-04-22,9.100000000000001,10.8,7.4,6.0,2,6.399999999999999,0.0
2022-04-23,11.0,13.8,8.2,3.0,2,4.5,0.0
2022-04-24,13.6,17.2,10.0,6.0,2,1.9000000000000004,0.0
2022-04-25,13.7,17.4,10.0,7.0,2,1.8000000000000007,0.0
2022-04-26,14.799999999999999,18.4,11.2,3.0,2,0.7000000000000011,0.0
2022-04-27,14.1,15.0,13.2,2.0,2,1.4000000000000004,0.0
2022-04-28,13.5,17.4,9.6,3.0,2,2.0,0.0
2022-04-29,14.899999999999999,18.2,11.6,5.0,2,0.6000000000000014,0.0
2022-04-30,15.0,19.4,10.6,2.0,2,0.5,0.0
2022-05-01,16.4,20.2,12.6,6.0,2,0.0,0.0
2022-05-02,16.7,20.4,13.0,3.0,2,0.0,0.0
2022-05-03,15.0,18.6,11.4,4.0,2,0.5,0.0
2022-05-04,15.5,20.0,11.0,4.0,2,0.0,0.0
2022-05-05,17.5,22.4,12.6,1.0,2,0.0,0.0
2022-05-06,18.0,21.4,14.6,6.0,2,0.0,0.0
2022-05-07,19.0,22.2,15.8,5.0,2,0.0,1.0
2022-05-08,18.1,21.8,14.4,5.0,2,0.0,0.10000000000000142
2022-05-09,16.299999999999997,17.4,15.2,3.0,2,0.0,0.0
2022-05-10,17.7,21.4,14.0,5.0,2,0.0,0.0
2022-05-11,18.3,25.0,11.6,1.0,2,0.0,0.3000000000000007
2022-05-12,21.8,28.2,15.4,5.0,2,0.0,3.8000000000000007
2022-05-13,22.5,23.4,21.6,5.0,2,0.0,4.5
2022-05-14,20.7,22.4,19.0,9.0,2,0.0,2.6999999999999993
2022-05-15,18.8,25.2,12.4,6.0,2,0.0,0.8000000000000007
2022-05-16,21.5,25.6,17.4,2.0,2,0.0,3.5
2022-05-17,18.299999999999997,18.4,18.2,2.0,2,0.0,0.29999999999999716
2022-05-18,16.9,19.0,14.8,3.0,2,0.0,0.0
2022-05-20,17.8,26.0,9.6,5.0,2,0.0,0.0
2022-05-21,21.8,25.8,17.8,9.5,2,0.0,3.8000000000000007
2022-05-22,20.5,22.2,18.8,9.0,2,0.0,2.5
2022-05-23,18.2,22.2,14.2,4.0,2,0.0,0.1999999999999993
2022-05-24,17.799999999999997,19.2,16.4,5.0,2,0.0,0.0
2022-05-25,21.5,25.2,17.8,4.0,2,0.0,3.5
2022-05-26,19.7,24.2,15.2,7.0,2,0.0,1.6999999999999993
2022-05-27,21.6,25.4,17.8,8.0,2,0.0,3.6000000000000014
2022-05-28,18.0,18.2,17.8,7.0,2,0.0,0.0
2022-05-29,14.600000000000001,16.8,12.4,6.0,2,0.8999999999999986,0.0
2022-05-30,14.399999999999999,18.4,10.4,4.0,2,1.1000000000000014,0.0
2022-05-31,15.8,20.8,10.8,5.0,2,0.0,0.0
2022-06-01,18.3,23.2,13.4,3.0,2,0.0,0.3000000000000007
2022-06-02,20.0,24.6,15.4,4.0,2,0.0,2.0
2022-06-03,23.9,28.4,19.4,3.0,2,0.0,5.899999999999999
2022-06-04,22.3,23.0,21.6,4.0,2,0.0,4.300000000000001
2022-06-05,21.700000000000003,24.6,18.8,6.0,2,0.0,3.700000000000003
2022-06-06,22.3,25.8,18.8,6.0,2,0.0,4.300000000000001
2022-06-07,22.7,28.0,17.4,4.0,2,0.0,4.699999999999999
2022-06-08,24.299999999999997,27.2,21.4,7.0,2,0.0,6.299999999999997
2022-06-09,20.9,25.0,16.8,2.0,2,0.0,2.8999999999999986
2022-06-10,22.5,27.2,17.8,9.0,2,0.0,4.5
2022-06-11,22.1,26.2,18.0,6.0,2,0.0,4.100000000000001
2022-06-12,22.5,26.2,18.8,5.0,2,0.0,4.5
2022-06-13,22.9,28.0,17.8,4.0,2,0.0,4.899999999999999
2022-06-14,19.1,21.6,16.6,5.0,2,0.0,1.1000000000000014
2022-06-15,18.200000000000003,23.6,12.8,2.0,2,0.0,0.20000000000000284
2022-06-16,20.8,26.8,14.8,2.0,2,0.0,2.8000000000000007
2022-06-17,20.7,25.8,15.6,5.0,2,0.0,2.6999999999999993
2022-06-18,21.0,25.2,16.8,5.0,2,0.0,3.0
2022-06-19,22.700000000000003,28.6,16.8,4.0,2,0.0,4.700000000000003
2022-06-20,24.4,30.8,18.0,5.0,2,0.0,6.399999999999999
2022-06-21,24.6,25.0,24.2,14.5,2,0.0,6.600000000000001
2022-06-22,19.8,25.8,13.8,1.0,2,0.0,1.8000000000000007
2022-06-23,23.3,27.0,19.6,2.0,2,0.0,5.300000000000001
2022-06-24,22.8,28.6,17.0,3.0,2,0.0,4.800000000000001
2022-06-25,25.4,28.4,22.4,6.0,2,0.0,7.399999999999999
2022-06-26,24.1,30.4,17.8,2.0,2,0.0,6.100000000000001
2022-06-27,26.2,31.4,21.0,5.0,2,0.0,8.2
2022-06-28,25.9,28.4,23.4,3.0,2,0.0,7.899999999999999
2022-06-29,28.6,34.4,22.8,5.0,2,0.0,10.600000000000001
2022-06-30,29.700000000000003,35.2,24.2,4.0,2,0.0,11.700000000000003
2022-07-01,30.1,35.6,24.6,3.0,2,0.0,12.100000000000001
2022-07-02,26.6,29.2,24.0,11.0,2,0.0,8.600000000000001
2022-07-03,25.700000000000003,30.6,20.8,3.0,2,0.0,7.700000000000003
2022-07-04,27.5,33.6,21.4,3.0,2,0.0,9.5
2022-07-05,23.6,27.0,20.2,4.0,2,0.0,5.600000000000001
2022-07-06,23.3,28.0,18.6,6.0,2,0.0,5.300000000000001
2022-07-07,21.9,25.2,18.6,3.0,2,0.0,3.8999999999999986
2022-07-08,21.6,24.6,18.6,8.0,2,0.0,3.6000000000000014
2022-07-09,21.8,25.0,18.6,7.0,2,0.0,3.8000000000000007
2022-07-10,22.299999999999997,24.2,20.4,11.0,2,0.0,4.299999999999997
2022-07-11,18.6,21.8,15.4,5.0,2,0.0,0.6000000000000014
2022-07-12,17.9,22.8,13.0,6.0,2,0.0,0.0
2022-07-13,23.1,28.0,18.2,4.0,2,0.0,5.100000000000001
2022-07-14,27.2,33.4,21.0,2.0,2,0.0,9.2
2022-07-15,22.4,22.6,22.2,4.0,2,0.0,4.399999999999999
2022-07-16,22.5,26.8,18.2,5.0,2,0.0,4.5
2022-07-17,22.9,25.0,20.8,3.0,2,0.0,4.899999999999999
2022-07-18,23.3,27.8,18.8,5.0,2,0.0,5.300000000000001
2022-07-19,24.200000000000003,30.6,17.8,3.0,2,0.0,6.200000000000003
2022-07-20,26.8,33.6,20.0,2.0,2,0.0,8.8
2022-07-21,28.799999999999997,34.8,22.8,5.0,2,0.0,10.799999999999997
2022-07-22,30.4,35.0,25.8,4.0,2,0.0,12.399999999999999
2022-07-23,31.6,36.6,26.6,4.0,2,0.0,13.600000000000001
2022-07-24,27.0,30.0,24.0,5.0,2,0.0,9.0
2022-07-25,26.200000000000003,29.8,22.6,2.0,2,0.0,8.200000000000003
2022-07-26,22.2,22.4,22.0,3.0,2,0.0,4.199999999999999
2022-07-27,25.2,29.4,21.0,5.0,2,0.0,7.199999999999999
2022-07-28,26.7,30.2,23.2,6.0,2,0.0,8.7
2022-07-29,28.0,32.2,23.8,6.0,2,0.0,10.0
2022-07-30,21.8,23.6,20.0,3.0,2,0.0,3.8000000000000007
2022-07-31,19.6,20.2,19.0,9.0,2,0.0,1.6000000000000014
2022-08-01,21.3,26.8,15.8,7.0,2,0.0,3.3000000000000007
2022-08-02,25.1,29.8,20.4,3.0,2,0.0,7.100000000000001
2022-08-03,25.3,28.8,21.8,1.0,2,0.0,7.300000000000001
2022-08-04,26.9,31.4,22.4,2.0,2,0.0,8.899999999999999
2022-08-05,28.200000000000003,33.2,23.2,4.0,2,0.0,10.200000000000003
2022-08-06,29.0,34.8,23.2,4.0,2,0.0,11.0
2022-08-07,24.5,27.6,21.4,4.0,2,0.0,6.5
2022-08-08,21.0,21.2,20.8,1.0,2,0.0,3.0
2022-08-09,23.4,28.0,18.8,3.0,2,0.0,5.399999999999999
2022-08-10,24.3,27.8,20.8,8.0,2,0.0,6.300000000000001
2022-08-11,23.3,27.0,19.6,5.0,2,0.0,5.300000000000001
2022-08-12,22.2,26.2,18.2,5.0,2,0.0,4.199999999999999
2022-08-13,24.1,26.8,21.4,0.0,2,0.0,6.100000000000001
2022-08-14,24.2,29.0,19.4,3.0,2,0.0,6.199999999999999
2022-08-15,26.8,30.6,23.0,5.0,2,0.0,8.8
2022-08-16,27.6,32.6,22.6,3.0,2,0.0,9.600000000000001
2022-08-17,27.3,32.6,22.0,2.0,2,0.0,9.3
2022-08-18,28.4,34.0,22.8,3.0,2,0.0,10.399999999999999
2022-08-19,30.5,35.6,25.4,4.0,2,0.0,12.5
2022-08-20,21.2,21.2,21.2,4.0,2,0.0,3.1999999999999993
2022-08-21,21.700000000000003,23.6,19.8,2.0,2,0.0,3.700000000000003
2022-08-22,21.2,24.0,18.4,4.0,2,0.0,3.1999999999999993
2022-08-23,21.4,23.6,19.2,2.0,2,0.0,3.3999999999999986
2022-08-24,22.5,25.6,19.4,6.0,2,0.0,4.5
2022-08-25,24.700000000000003,29.6,19.8,4.0,2,0.0,6.700000000000003
2022-08-26,27.7,32.0,23.4,4.0,2,0.0,9.7
2022-08-27,27.0,31.8,22.2,3.0,2,0.0,9.0
2022-08-28,25.8,29.0,22.6,3.0,2,0.0,7.800000000000001
2022-08-29,24.2,26.2,22.2,3.0,2,0.0,6.199999999999999
2022-08-30,23.5,26.6,20.4,1.0,2,0.0,5.5
2022-08-31,23.5,27.4,19.6,3.0,2,0.0,5.5
2022-09-01,19.5,19.6,19.4,8.0,2,0.0,1.5
2022-09-02,22.2,22.2,22.2,2.0,1,0.0,4.199999999999999
2022-09-03,17.7,22.8,12.6,2.0,2,0.0,0.0
2022-09-04,17.0,20.0,14.0,5.0,2,0.0,0.0
2022-09-05,20.9,25.0,16.8,1.0,2,0.0,2.8999999999999986
2022-09-06,22.200000000000003,26.6,17.8,1.0,2,0.0,4.200000000000003
2022-09-07,22.6,27.6,17.6,4.0,2,0.0,4.600000000000001
2022-09-08,24.4,28.8,20.0,3.0,2,0.0,6.399999999999999
2022-09-09,21.5,24.8,18.2,3.0,2,0.0,3.5
2022-09-10,21.2,23.2,19.2,5.0,2,0.0,3.1999999999999993
2022-09-11,18.3,19.8,16.8,10.0,2,0.0,0.3000000000000007
2022-09-12,17.9,20.4,15.4,8.0,2,0.0,0.0
2022-09-13,16.1,20.8,11.4,3.0,2,0.0,0.0
2022-09-14,18.1,21.2,15.0,2.0,2,0.0,0.10000000000000142
2022-09-15,22.8,25.6,20.0,3.0,2,0.0,4.800000000000001
2022-09-16,17.1,17.2,17.0,4.0,2,0.0,0.0
2022-09-17,14.2,14.2,14.2,7.0,2,1.3000000000000007,0.0
2022-09-18,11.899999999999999,13.6,10.2,10.0,2,3.6000000000000014,0.0
2022-09-19,12.8,13.0,12.6,5.0,2,2.6999999999999993,0.0
2022-09-20,12.4,15.0,9.8,5.0,2,3.0999999999999996,0.0
2022-09-21,12.5,16.8,8.2,6.0,2,3.0,0.0
2022-09-22,12.7,15.8,9.6,3.0,2,2.8000000000000007,0.0
2022-09-23,11.2,15.2,7.2,1.0,2,4.300000000000001,0.0
2022-09-24,12.2,18.4,6.0,4.0,2,3.3000000000000007,0.0
2022-09-25,13.899999999999999,15.2,12.6,3.0,2,1.6000000000000014,0.0
2022-09-26,14.3,16.0,12.6,3.0,2,1.1999999999999993,0.0
2022-09-27,13.600000000000001,15.4,11.8,1.0,2,1.8999999999999986,0.0
2022-09-28,13.899999999999999,16.4,11.4,3.0,2,1.6000000000000014,0.0
2022-09-29,14.9,17.6,12.2,5.0,2,0.5999999999999996,0.0
2022-09-30,14.2,16.4,12.0,6.0,2,1.3000000000000007,0.0
2022-10-01,15.799999999999999,18.4,13.2,3.0,2,0.0,0.0
2022-10-02,14.8,17.0,12.6,8.0,2,0.6999999999999993,0.0
2022-10-03,14.4,15.4,13.4,8.0,2,1.0999999999999996,0.0
2022-10-04,13.6,15.6,11.6,5.0,2,1.9000000000000004,0.0
2022-10-05,11.600000000000001,16.6,6.6,2.0,2,3.8999999999999986,0.0
2022-10-06,13.7,18.0,9.4,2.0,2,1.8000000000000007,0.0
2022-10-07,16.2,20.4,12.0,3.0,2,0.0,0.0
2022-10-08,15.299999999999999,19.4,11.2,3.0,2,0.20000000000000107,0.0
2022-10-09,15.8,19.6,12.0,2.0,2,0.0,0.0
2022-10-10,14.0,17.0,11.0,5.0,2,1.5,0.0
2022-10-11,15.0,18.4,11.6,3.0,2,0.5,0.0
2022-10-12,15.0,17.4,12.6,3.0,2,0.5,0.0
2022-10-13,14.4,18.0,10.8,3.0,2,1.0999999999999996,0.0
2022-10-14,13.7,18.4,9.0,2.0,2,1.8000000000000007,0.0
2022-10-15,13.7,18.4,9.0,3.0,2,1.8000000000000007,0.0
2022-10-16,16.7,19.2,14.2,3.0,2,0.0,0.0
2022-10-17,15.6,20.2,11.0,2.0,2,0.0,0.0
2022-10-18,14.6,19.2,10.0,3.0,2,0.9000000000000004,0.0
2022-10-19,14.399999999999999,19.2,9.6,5.0,2,1.1000000000000014,0.0
2022-10-20,11.1,14.0,8.2,5.0,2,4.4,0.0
2022-10-21,8.6,12.4,4.8,6.0,2,6.9,0.0
2022-10-22,12.5,15.0,10.0,3.0,2,3.0,0.0
2022-10-23,12.100000000000001,14.4,9.8,4.0,2,3.3999999999999986,0.0
2022-10-24,13.6,14.2,13.0,3.0,2,1.9000000000000004,0.0
2022-10-25,14.7,16.8,12.6,2.0,2,0.8000000000000007,0.0
2022-10-26,11.4,14.0,8.8,3.0,2,4.1,0.0
2022-10-27,12.7,13.4,12.0,1.0,2,2.8000000000000007,0.0
2022-10-28,11.8,11.8,11.8,2.0,2,3.6999999999999993,0.0
2022-10-29,12.0,12.2,11.8,2.0,2,3.5,0.0
2022-10-30,12.4,12.8,12.0,1.0,2,3.0999999999999996,0.0
2022-10-31,11.4,11.4,11.4,2.0,2,4.1,0.0
2022-11-01,10.3,10.4,10.2,2.0,2,5.199999999999999,0.0
2022-11-02,13.5,16.0,11.0,1.0,2,2.0,0.0
2022-11-03,11.8,12.6,11.0,6.0,2,3.6999999999999993,0.0
2022-11-04,9.9,10.4,9.4,5.0,2,5.6,0.0
2022-11-05,10.7,11.0,10.4,5.0,2,4.800000000000001,0.0
2022-11-06,10.4,11.4,9.4,4.0,2,5.1,0.0
2022-11-07,8.9,11.6,6.2,2.0,2,6.6,0.0
2022-11-08,6.800000000000001,9.8,3.8,2.0,2,8.7,0.0
2022-11-09,8.6,9.2,8.0,7.0,2,6.9,0.0
2022-11-10,11.1,12.6,9.6,4.0,2,4.4,0.0
2022-11-11,10.0,13.2,6.8,3.0,2,5.5,0.0
2022-11-12,9.5,13.4,5.6,1.0,2,6.0,0.0
2022-11-13,8.7,10.4,7.0,2.0,2,6.800000000000001,0.0
2022-11-14,8.0,10.8,5.2,3.0,2,7.5,0.0
2022-11-15,4.6,6.8,2.4,1.0,2,10.9,0.0
2022-11-16,7.6,8.4,6.8,5.0,2,7.9,0.0
2022-11-17,9.1,10.2,8.0,4.0,2,6.4,0.0
2022-11-18,6.9,7.2,6.6,2.0,2,8.6,0.0
2022-11-19,4.8,4.8,4.8,1.0,2,10.7,0.0
2022-11-20,3.0,5.0,1.0,3.0,2,12.5,0.0
2022-11-21,1.3,2.0,0.6,2.0,2,14.2,0.0
2022-11-22,3.9,5.8,2.0,3.0,2,11.6,0.0
2022-11-23,4.800000000000001,5.2,4.4,4.0,2,10.7,0.0
2022-11-24,6.0,6.8,5.2,3.0,2,9.5,0.0
2022-11-25,6.4,8.6,4.2,4.0,2,9.1,0.0
2022-11-26,3.4000000000000004,5.2,1.6,2.0,2,12.1,0.0
2022-11-27,3.7,5.0,2.4,3.0,2,11.8,0.0
2022-11-28,4.2,4.2,4.2,3.0,2,11.3,0.0
2022-11-29,1.3,2.0,0.6,6.0,2,14.2,0.0
2022-11-30,4.8,6.8,2.8,3.0,2,10.7,0.0
2022-12-01,5.1,6.6,3.6,3.0,2,10.4,0.0
2022-12-02,2.0,2.6,1.4,4.0,2,13.5,0.0
2022-12-03,3.9000000000000004,6.2,1.6,3.0,2,11.6,0.0
2022-12-04,5.1,6.6,3.6,5.0,2,10.4,0.0
2022-12-05,5.8,6.6,5.0,5.0,2,9.7,0.0
2022-12-06,6.6,7.2,6.0,4.0,2,8.9,0.0
2022-12-07,3.5,6.0,1.0,4.0,2,12.0,0.0
2022-12-08,1.0499999999999998,3.4,-1.3,4.0,2,14.45,0.0
2022-12-09,3.0,4.2,1.8,3.0,2,12.5,0.0
2022-12-10,5.4,5.8,5.0,3.0,2,10.1,0.0
2022-12-11,3.2,4.2,2.2,6.0,2,12.3,0.0
2022-12-12,-0.45000000000000007,0.2,-1.1,7.0,2,15.95,0.0
2022-12-13,-1.5,-1.5,-1.5,6.0,1,17.0,0.0
2022-12-14,-3.6,-1.5,-5.7,5.0,2,19.1,0.0
2022-12-15,0.25,1.6,-1.1,3.0,2,15.25,0.0
2022-12-16,3.4000000000000004,5.2,1.6,4.0,2,12.1,0.0
2022-12-17,1.5,2.0,1.0,6.0,2,14.0,0.0
2022-12-18,-0.35,1.2,-1.9,3.0,2,15.85,0.0
2022-12-19,-2.1,-0.3,-3.9,4.0,2,17.6,0.0
2022-12-20,-0.25,2.2,-2.7,5.0,2,15.75,0.0
2022-12-21,0.35,1.0,-0.3,5.0,2,15.15,0.0
2022-12-22,1.5,2.4,0.6,1.0,2,14.0,0.0
2022-12-23,3.7,3.8,3.6,3.0,2,11.8,0.0
2022-12-24,7.6,11.4,3.8,4.0,2,7.9,0.0
2022-12-25,9.2,12.6,5.8,2.0,2,6.300000000000001,0.0
2022-12-26,8.3,8.4,8.2,3.0,2,7.199999999999999,0.0
2022-12-27,6.5,8.4,4.6,8.0,2,9.0,0.0
2022-12-28,2.3,4.6,0.0,2.0,2,13.2,0.0
2022-12-29,0.8500000000000001,2.6,-0.9,3.0,2,14.65,0.0
2022-12-30,2.0,4.0,0.0,3.0,2,13.5,0.0
2022-12-31,4.8,6.0,3.6,5.0,2,10.7,0.0
2023-01-01,6.6,7.8,5.4,2.0,2,8.9,0.0
2023-01-02,8.9,10.4,7.4,2.0,2,6.6,0.0
2023-01-03,6.8,6.8,6.8,2.0,1,8.7,0.0
2023-01-04,8.2,8.6,7.8,4.0,2,7.300000000000001,0.0
2023-01-05,6.6,7.8,5.4,1.0,2,8.9,0.0
2023-01-06,9.5,9.8,9.2,6.0,2,6.0,0.0
2023-01-07,8.6,11.2,6.0,3.0,2,6.9,0.0
2023-01-08,6.8999999999999995,8.2,5.6,3.0,2,8.600000000000001,0.0
2023-01-09,7.4,9.0,5.8,5.0,2,8.1,0.0
2023-01-10,5.6,6.0,5.2,3.0,2,9.9,0.0
2023-01-11,6.5,8.0,5.0,4.0,2,9.0,0.0
2023-01-12,3.7,7.0,0.4,3.0,2,11.8,0.0
2023-01-13,1.05,2.2,-0.1,4.0,2,14.45,0.0
2023-01-14,6.1,8.0,4.2,1.0,2,9.4,0.0
2023-01-15,4.0,6.4,1.6,5.0,2,11.5,0.0
2023-01-16,4.300000000000001,4.4,4.2,5.0,2,11.2,0.0
2023-01-17,5.8,7.8,3.8,3.0,2,9.7,0.0
2023-01-18,4.6,6.2,3.0,8.0,2,10.9,0.0
2023-01-19,3.6,4.4,2.8,6.0,2,11.9,0.0
2023-01-20,2.2,3.0,1.4,5.0,2,13.3,0.0
2023-01-21,1.7,2.4,1.0,6.0,2,13.8,0.0
2023-01-22,3.0,4.2,1.8,5.0,2,12.5,0.0
2023-01-23,7.1,10.6,3.6,10.0,2,8.4,0.0
2023-01-24,6.4,7.6,5.2,2.0,2,9.1,0.0
2023-01-25,2.0,2.4,1.6,3.0,2,13.5,0.0
2023-01-26,1.5,1.6,1.4,2.0,2,14.0,0.0
2023-01-27,0.15,0.6,-0.3,5.0,2,15.35,0.0
2023-01-28,1.9,2.4,1.4,4.0,2,13.6,0.0
2023-01-29,0.8,1.2,0.4,4.0,2,14.7,0.0
2023-01-30,-1.25,0.6,-3.1,7.0,2,16.75,0.0
2023-01-31,4.6,5.6,3.6,10.0,2,10.9,0.0
2023-02-01,4.5,6.8,2.2,6.0,2,11.0,0.0
2023-02-02,5.4,7.4,3.4,11.5,2,10.1,0.0
2023-02-03,1.6,3.0,0.2,5.0,2,13.9,0.0
2023-02-04,5.0,5.2,4.8,10.0,2,10.5,0.0
2023-02-05,-0.35,0.2,-0.9,9.0,2,15.85,0.0
2023-02-06,-2.6,-0.5,-4.7,4.0,2,18.1,0.0
2023-02-07,-2.65,0.0,-5.3,4.0,2,18.15,0.0
2023-02-08,-0.3500000000000001,3.0,-3.7,8.0,2,15.85,0.0
2023-02-09,-0.8499999999999999,2.2,-3.9,3.0,2,16.35,0.0
2023-02-10,-1.9500000000000002,1.8,-5.7,6.0,2,17.45,0.0
2023-02-11,0.15000000000000013,4.2,-3.9,3.0,2,15.35,0.0
2023-02-12,7.0,9.0,5.0,2.0,2,8.5,0.0
2023-02-13,3.05,6.6,-0.5,2.0,2,12.45,0.0
2023-02-14,4.9,7.8,2.0,2.0,2,10.6,0.0
2023-02-15,3.5500000000000003,7.2,-0.1,2.0,2,11.95,0.0
2023-02-16,2.25,5.8,-1.3,3.0,2,13.25,0.0
2023-02-17,5.0,8.8,1.2,2.0,2,10.5,0.0
2023-02-18,12.8,15.2,10.4,8.0,2,2.6999999999999993,0.0
2023-02-19,12.9,13.0,12.8,12.0,2,2.5999999999999996,0.0
2023-02-20,6.7,8.0,5.4,6.0,2,8.8,0.0
2023-02-21,10.7,14.0,7.4,11.0,2,4.800000000000001,0.0
2023-02-22,10.4,11.4,9.4,2.0,2,5.1,0.0
2023-02-23,8.1,9.0,7.2,5.0,2,7.4,0.0
2023-02-24,10.0,12.8,7.2,5.0,2,5.5,0.0
2023-02-25,7.6,7.8,7.4,6.0,2,7.9,0.0
2023-02-26,4.6,5.0,4.2,6.0,2,10.9,0.0
2023-02-27,2.5,4.2,0.8,5.0,2,13.0,0.0
2023-02-28,1.85,4.4,-0.7,5.0,2,13.65,0.0
2023-03-01,6.5,9.2,3.8,2.0,2,9.0,0.0
2023-03-02,6.6000000000000005,10.8,2.4,4.0,2,8.899999999999999,0.0
2023-03-03,5.8,10.0,1.6,2.0,2,9.7,0.0
2023-03-04,5.3,10.2,0.4,6.0,2,10.2,0.0
2023-03-05,4.0,5.2,2.8,9.0,2,11.5,0.0
2023-03-06,3.9,5.8,2.0,4.0,2,11.6,0.0
2023-03-07,5.2,7.8,2.6,3.0,2,10.3,0.0
2023-03-08,6.2,9.4,3.0,3.0,2,9.3,0.0
2023-03-09,13.1,16.4,9.8,10.0,2,2.4000000000000004,0.0
2023-03-10,12.299999999999999,16.4,8.2,8.0,2,3.200000000000001,0.0
2023-03-11,10.0,10.0,10.0,6.0,1,5.5,0.0
2023-03-13,7.9,12.6,3.2,7.0,2,7.6,0.0
2023-03-14,14.1,19.0,9.2,10.0,2,1.4000000000000004,0.0
2023-03-15,9.0,10.6,7.4,10.0,2,6.5,0.0
2023-03-16,6.8,9.0,4.6,6.0,2,8.7,0.0
2023-03-17,4.5,9.0,0.0,1.0,2,11.0,0.0
2023-03-18,7.5,12.4,2.6,4.0,2,8.0,0.0
2023-03-19,8.8,13.2,4.4,6.0,2,6.699999999999999,0.0
2023-03-20,12.4,16.0,8.8,3.0,2,3.0999999999999996,0.0
2023-03-21,14.2,17.2,11.2,7.0,2,1.3000000000000007,0.0
2023-03-22,11.600000000000001,14.4,8.8,3.0,2,3.8999999999999986,0.0
2023-03-23,12.9,18.6,7.2,2.0,2,2.5999999999999996,0.0
2023-03-24,14.9,20.0,9.8,3.0,2,0.5999999999999996,0.0
2023-03-25,15.8,15.8,15.8,7.0,2,0.0,0.0
2023-03-26,11.3,13.2,9.4,8.0,2,4.199999999999999,0.0
2023-03-27,7.7,8.4,7.0,5.0,2,7.8,0.0
2023-03-28,4.5,6.4,2.6,10.0,2,11.0,0.0
2023-03-29,4.7,7.8,1.6,4.0,2,10.8,0.0
2023-03-30,8.600000000000001,11.8,5.4,2.0,2,6.899999999999999,0.0
2023-03-31,13.5,16.8,10.2,5.0,2,2.0,0.0
2023-04-01,11.1,13.2,9.0,3.0,2,4.4,0.0
2023-04-02,12.8,15.0,10.6,7.0,2,2.6999999999999993,0.0
2023-04-03,8.0,9.0,7.0,4.0,2,7.5,0.0
2023-04-04,4.5,7.0,2.0,5.0,2,11.0,0.0
2023-04-05,3.7,6.2,1.2,5.0,2,11.8,0.0
2023-04-06,3.3000000000000003,6.4,0.2,5.0,2,12.2,0.0
2023-04-07,4.0,5.2,2.8,1.0,2,11.5,0.0
2023-04-08,3.9000000000000004,4.4,3.4,1.0,2,11.6,0.0
2023-04-09,5.9,8.0,3.8,1.0,2,9.6,0.0
2023-04-10,8.9,13.4,4.4,3.0,2,6.6,0.0
2023-04-11,11.1,15.4,6.8,5.0,2,4.4,0.0
2023-04-12,10.7,14.0,7.4,9.0,2,4.800000000000001,0.0
2023-04-13,11.6,16.2,7.0,4.0,2,3.9000000000000004,0.0
2023-04-14,11.3,11.6,11.0,5.0,2,4.199999999999999,0.0
2023-04-15,7.2,10.0,4.4,2.0,2,8.3,0.0
2023-04-16,11.6,16.0,7.2,4.0,2,3.9000000000000004,0.0
2023-04-17,15.1,17.2,13.0,5.0,2,0.40000000000000036,0.0
2023-04-18,15.100000000000001,17.6,12.6,7.0,2,0.3999999999999986,0.0
2023-04-19,14.7,16.4,13.0,3.0,2,0.8000000000000007,0.0
2023-04-20,12.799999999999999,17.4,8.2,4.0,2,2.700000000000001,0.0
2023-04-21,14.7,18.8,10.6,4.0,2,0.8000000000000007,0.0
2023-04-22,14.5,19.4,9.6,2.0,2,1.0,0.0
2023-04-23,15.1,20.4,9.8,6.0,2,0.40000000000000036,0.0
2023-04-24,14.899999999999999,17.4,12.4,3.0,2,0.6000000000000014,0.0
2023-04-25,12.600000000000001,13.4,11.8,6.0,2,2.8999999999999986,0.0
2023-04-26,11.1,13.2,9.0,7.0,2,4.4,0.0
2023-04-27,9.0,12.8,5.2,4.0,2,6.5,0.0
2023-04-28,9.5,16.0,3.0,3.0,2,6.0,0.0
2023-04-29,14.2,16.8,11.6,3.0,2,1.3000000000000007,0.0
2023-04-30,15.9,19.0,12.8,4.0,2,0.0,0.0
2023-05-01,14.7,18.8,10.6,6.0,2,0.8000000000000007,0.0
2023-05-02,17.0,22.0,12.0,4.0,2,0.0,0.0
2023-05-03,16.5,19.2,13.8,5.0,2,0.0,0.0
2023-05-04,15.899999999999999,19.2,12.6,2.0,2,0.0,0.0
2023-05-05,16.7,20.4,13.0,4.0,2,0.0,0.0
2023-05-06,17.5,23.4,11.6,4.0,2,0.0,0.0
2023-05-07,18.1,21.4,14.8,3.0,2,0.0,0.10000000000000142
2023-05-08,13.2,17.8,8.6,4.0,2,2.3000000000000007,0.0
2023-05-09,12.399999999999999,17.4,7.4,6.0,2,3.1000000000000014,0.0
2023-05-10,14.7,17.8,11.6,7.0,2,0.8000000000000007,0.0
2023-05-11,16.2,20.0,12.4,9.0,2,0.0,0.0
2023-05-12,11.100000000000001,11.4,10.8,3.0,2,4.399999999999999,0.0
2023-05-13,11.5,12.6,10.4,4.0,2,4.0,0.0
2023-05-14,12.4,13.0,11.8,5.0,2,3.0999999999999996,0.0
2023-05-15,14.299999999999999,16.4,12.2,3.0,2,1.200000000000001,0.0
2023-05-16,14.3,15.0,13.6,4.0,2,1.1999999999999993,0.0
2023-05-17,16.2,18.2,14.2,4.0,2,0.0,0.0
2023-05-18,13.0,13.8,12.2,4.0,2,2.5,0.0
2023-05-19,15.9,20.0,11.8,0.0,2,0.0,0.0
2023-05-20,20.0,24.8,15.2,7.0,2,0.0,2.0
2023-05-21,21.5,25.4,17.6,4.0,2,0.0,3.5
2023-05-22,19.7,23.0,16.4,1.0,2,0.0,1.6999999999999993
2023-05-23,20.6,25.8,15.4,2.0,2,0.0,2.6000000000000014
2023-05-24,20.1,23.4,16.8,3.0,2,0.0,2.1000000000000014
2023-05-25,20.3,23.6,17.0,4.0,2,0.0,2.3000000000000007
2023-05-26,21.4,25.2,17.6,4.0,2,0.0,3.3999999999999986
2023-05-27,20.6,23.0,18.2,3.0,2,0.0,2.6000000000000014
2023-05-28,19.5,23.6,15.4,3.0,2,0.0,1.5
2023-05-29,17.9,19.8,16.0,2.0,2,0.0,0.0
2023-05-30,18.0,20.8,15.2,3.0,2,0.0,0.0
2023-05-31,21.3,25.6,17.0,6.0,2,0.0,3.3000000000000007
2023-06-01,20.8,26.2,15.4,3.0,2,0.0,2.8000000000000007
2023-06-02,17.200000000000003,17.8,16.6,3.0,2,0.0,0.0
2023-06-03,16.4,16.4,16.4,2.0,1,0.0,0.0
2023-06-04,15.9,20.0,11.8,3.0,2,0.0,0.0
2023-06-05,19.3,24.2,14.4,4.0,2,0.0,1.3000000000000007
2023-06-06,17.1,17.4,16.8,5.0,2,0.0,0.0
2023-06-07,18.5,20.8,16.2,3.0,2,0.0,0.5
2023-06-08,18.7,21.2,16.2,2.0,2,0.0,0.6999999999999993
2023-06-09,18.0,18.0,18.0,0.0,1,0.0,0.0
2023-06-10,22.0,22.0,22.0,4.0,1,0.0,4.0
2023-06-11,18.2,18.2,18.2,4.0,1,0.0,0.1999999999999993
2023-06-12,21.8,21.8,21.8,4.0,1,0.0,3.8000000000000007
2023-06-13,20.0,20.0,20.0,6.0,1,0.0,2.0
2023-06-14,17.4,21.8,13.0,3.0,2,0.0,0.0
2023-06-15,18.5,23.6,13.4,3.0,2,0.0,0.5
2023-06-16,21.1,24.6,17.6,3.0,2,0.0,3.1000000000000014
2023-06-17,18.9,23.8,14.0,4.0,2,0.0,0.8999999999999986
2023-06-18,21.7,26.0,17.4,7.0,2,0.0,3.6999999999999993
2023-06-19,21.5,27.6,15.4,3.0,2,0.0,3.5
2023-06-20,24.6,29.8,19.4,4.0,2,0.0,6.600000000000001
2023-06-21,25.299999999999997,29.2,21.4,4.0,2,0.0,7.299999999999997
2023-06-22,25.4,30.4,20.4,3.0,2,0.0,7.399999999999999
2023-06-23,27.5,31.6,23.4,3.0,2,0.0,9.5
2023-06-24,22.200000000000003,25.6,18.8,11.5,2,0.0,4.200000000000003
2023-06-25,21.4,23.6,19.2,1.0,2,0.0,3.3999999999999986
2023-06-26,22.2,27.0,17.4,2.0,2,0.0,4.199999999999999
2023-06-27,20.6,23.8,17.4,3.0,2,0.0,2.6000000000000014
2023-06-28,19.4,21.4,17.4,4.0,2,0.0,1.3999999999999986
2023-06-29,19.1,24.2,14.0,2.0,2,0.0,1.1000000000000014
2023-06-30,21.5,27.2,15.8,2.0,2,0.0,3.5
2023-07-01,23.0,28.0,18.0,5.0,2,0.0,5.0
2023-07-02,24.3,28.0,20.6,7.0,2,0.0,6.300000000000001
2023-07-03,24.6,27.8,21.4,6.0,2,0.0,6.600000000000001
2023-07-04,21.200000000000003,21.6,20.8,2.0,2,0.0,3.200000000000003
2023-07-05,22.5,28.0,17.0,3.0,2,0.0,4.5
2023-07-06,24.1,26.8,21.4,4.0,2,0.0,6.100000000000001
2023-07-07,23.0,26.0,20.0,4.0,2,0.0,5.0
2023-07-08,23.0,28.4,17.6,2.0,2,0.0,5.0
2023-07-09,24.299999999999997,30.4,18.2,5.0,2,0.0,6.299999999999997
2023-07-10,25.7,32.4,19.0,4.0,2,0.0,7.699999999999999
2023-07-11,25.9,30.0,21.8,8.0,2,0.0,7.899999999999999
2023-07-12,25.700000000000003,30.8,20.6,1.0,2,0.0,7.700000000000003
2023-07-13,25.4,28.0,22.8,3.0,2,0.0,7.399999999999999
2023-07-14,25.4,28.2,22.6,3.0,2,0.0,7.399999999999999
2023-07-15,25.6,30.6,20.6,4.0,2,0.0,7.600000000000001
2023-07-16,28.0,33.4,22.6,5.0,2,0.0,10.0
2023-07-17,30.299999999999997,34.8,25.8,5.0,2,0.0,12.299999999999997
2023-07-18,27.6,30.8,24.4,7.0,2,0.0,9.600000000000001
2023-07-19,26.299999999999997,30.4,22.2,5.0,2,0.0,8.299999999999997
2023-07-20,25.4,28.6,22.2,6.0,2,0.0,7.399999999999999
2023-07-21,22.799999999999997,25.2,20.4,5.0,2,0.0,4.799999999999997
2023-07-22,21.1,25.2,17.0,4.0,2,0.0,3.1000000000000014
2023-07-23,23.5,28.2,18.8,5.0,2,0.0,5.5
2023-07-24,26.5,32.6,20.4,6.0,2,0.0,8.5
2023-07-25,22.5,23.8,21.2,4.0,2,0.0,4.5
2023-07-26,19.1,19.2,19.0,4.0,2,0.0,1.1000000000000014
2023-07-27,15.2,15.2,15.2,12.0,1,0.3000000000000007,0.0
2023-07-28,27.4,27.4,27.4,10.0,1,0.0,9.399999999999999
2023-07-29,25.1,29.8,20.4,3.0,2,0.0,7.100000000000001
2023-07-30,20.5,21.4,19.6,1.0,2,0.0,2.5
2023-07-31,22.1,24.6,19.6,4.0,2,0.0,4.100000000000001
2023-08-01,22.5,28.8,16.2,8.0,2,0.0,4.5
2023-08-02,20.9,25.4,16.4,2.0,2,0.0,2.8999999999999986
2023-08-03,22.799999999999997,27.4,18.2,5.0,2,0.0,4.799999999999997
2023-08-04,22.1,26.8,17.4,5.0,2,0.0,4.100000000000001
2023-08-05,23.0,26.2,19.8,7.0,2,0.0,5.0
2023-08-06,18.3,19.0,17.6,6.0,2,0.0,0.3000000000000007
2023-08-07,17.4,18.6,16.2,12.0,2,0.0,0.0
2023-08-08,18.1,21.2,15.0,7.0,2,0.0,0.10000000000000142
2023-08-09,17.200000000000003,22.6,11.8,3.0,2,0.0,0.0
2023-08-10,20.9,23.4,18.4,7.0,2,0.0,2.8999999999999986
2023-08-11,18.3,24.0,12.6,1.0,2,0.0,0.3000000000000007
2023-08-12,20.1,26.0,14.2,2.0,2,0.0,2.1000000000000014
2023-08-13,22.3,28.0,16.6,3.0,2,0.0,4.300000000000001
2023-08-14,24.200000000000003,29.8,18.6,3.0,2,0.0,6.200000000000003
2023-08-15,25.799999999999997,31.2,20.4,3.0,2,0.0,7.799999999999997
2023-08-16,23.200000000000003,26.6,19.8,2.0,2,0.0,5.200000000000003
2023-08-17,23.4,26.6,20.2,3.0,2,0.0,5.399999999999999
2023-08-18,24.1,27.4,20.8,4.0,2,0.0,6.100000000000001
2023-08-19,23.9,25.0,22.8,2.0,2,0.0,5.899999999999999
2023-08-20,26.8,31.6,22.0,2.0,2,0.0,8.8
2023-08-21,27.0,32.2,21.8,2.0,2,0.0,9.0
2023-08-22,27.6,32.0,23.2,4.0,2,0.0,9.600000000000001
2023-08-23,27.9,33.0,22.8,3.0,2,0.0,9.899999999999999
2023-08-24,26.299999999999997,30.4,22.2,4.0,2,0.0,8.299999999999997
2023-08-25,25.5,30.4,20.6,3.0,2,0.0,7.5
2023-08-26,28.200000000000003,34.2,22.2,4.0,2,0.0,10.200000000000003
2023-08-27,24.4,24.4,24.4,2.0,1,0.0,6.399999999999999
2023-08-28,28.1,33.4,22.8,2.0,2,0.0,10.100000000000001
2023-08-29,22.7,23.0,22.4,5.0,2,0.0,4.699999999999999
2023-08-30,18.6,20.2,17.0,3.0,2,0.0,0.6000000000000014
2023-08-31,18.1,21.8,14.4,6.0,2,0.0,0.10000000000000142
2023-09-01,19.8,24.2,15.4,3.0,2,0.0,1.8000000000000007
2023-09-02,21.5,27.4,15.6,3.0,2,0.0,3.5
2023-09-03,20.700000000000003,22.8,18.6,5.0,2,0.0,2.700000000000003
2023-09-04,20.5,23.8,17.2,7.0,2,0.0,2.5
2023-09-05,20.6,25.0,16.2,3.0,2,0.0,2.6000000000000014
2023-09-06,21.299999999999997,26.4,16.2,2.0,2,0.0,3.299999999999997
2023-09-07,22.3,27.0,17.6,3.0,2,0.0,4.300000000000001
2023-09-08,22.2,27.0,17.4,7.0,2,0.0,4.199999999999999
2023-09-10,28.4,28.4,28.4,2.0,1,0.0,10.399999999999999
2023-09-11,17.2,17.2,17.2,2.0,1,0.0,0.0
2023-09-12,24.1,30.4,17.8,4.0,2,0.0,6.100000000000001
2023-09-13,24.3,29.8,18.8,5.0,2,0.0,6.300000000000001
2023-09-14,23.5,24.6,22.4,4.0,2,0.0,5.5
2023-09-15,22.0,25.4,18.6,2.0,2,0.0,4.0
2023-09-16,20.7,23.0,18.4,3.0,2,0.0,2.6999999999999993
2023-09-17,20.8,26.0,15.6,5.0,2,0.0,2.8000000000000007
2023-09-18,22.3,26.6,18.0,7.0,2,0.0,4.300000000000001
2023-09-19,21.0,22.4,19.6,6.0,2,0.0,3.0
2023-09-20,20.1,25.4,14.8,4.0,2,0.0,2.1000000000000014
2023-09-21,20.7,24.4,17.0,2.0,2,0.0,2.6999999999999993
2023-09-22,23.1,28.2,18.0,7.0,2,0.0,5.100000000000001
2023-09-23,20.0,20.8,19.2,4.0,2,0.0,2.0
2023-09-24,15.799999999999999,16.4,15.2,2.0,2,0.0,0.0
2023-09-25,19.799999999999997,23.4,16.2,4.0,2,0.0,1.7999999999999972
2023-09-26,22.6,27.0,18.2,4.0,2,0.0,4.600000000000001
2023-09-27,21.4,26.0,16.8,1.0,2,0.0,3.3999999999999986
2023-09-28,21.2,26.0,16.4,2.0,2,0.0,3.1999999999999993
2023-09-29,20.3,25.6,15.0,2.0,2,0.0,2.3000000000000007
2023-09-30,17.7,21.8,13.6,4.0,2,0.0,0.0
2023-10-01,17.3,19.0,15.6,4.0,2,0.0,0.0
2023-10-02,16.1,21.6,10.6,2.0,2,0.0,0.0
2023-10-03,18.6,24.6,12.6,3.0,2,0.0,0.6000000000000014
2023-10-04,16.6,19.8,13.4,6.0,2,0.0,0.0
2023-10-05,15.100000000000001,20.8,9.4,3.0,2,0.3999999999999986,0.0
2023-10-06,15.9,20.0,11.8,2.0,2,0.0,0.0
2023-10-07,15.4,22.0,8.8,3.0,2,0.09999999999999964,0.0
2023-10-08,19.3,19.8,18.8,7.0,2,0.0,1.3000000000000007
2023-10-09,11.1,14.6,7.6,2.0,2,4.4,0.0
2023-10-10,10.2,12.2,8.2,1.0,2,5.300000000000001,0.0
2023-10-11,15.299999999999999,20.4,10.2,3.0,2,0.20000000000000107,0.0
2023-10-12,16.700000000000003,21.6,11.8,5.0,2,0.0,0.0
2023-10-13,19.1,23.2,15.0,3.0,2,0.0,1.1000000000000014
2023-10-14,18.4,23.2,13.6,2.0,2,0.0,0.3999999999999986
2023-10-15,16.0,18.8,13.2,7.0,2,0.0,0.0
2023-10-16,10.1,11.6,8.6,6.0,2,5.4,0.0
2023-10-17,7.2,12.6,1.8,2.0,2,8.3,0.0
2023-10-18,8.9,13.6,4.2,2.0,2,6.6,0.0
2023-10-19,11.1,14.4,7.8,5.0,2,4.4,0.0
2023-10-20,17.8,24.6,11.0,7.0,2,0.0,0.0
2023-10-21,21.4,22.4,20.4,8.0,2,0.0,3.3999999999999986
2023-10-22,15.7,16.0,15.4,6.0,2,0.0,0.0
2023-10-23,19.0,19.0,19.0,6.0,1,0.0,1.0
2023-10-24,15.5,18.2,12.8,3.0,2,0.0,0.0
2023-10-25,16.4,17.8,15.0,7.0,2,0.0,0.0
2023-10-26,15.1,16.4,13.8,4.0,2,0.40000000000000036,0.0
2023-10-27,14.0,15.8,12.2,5.0,2,1.5,0.0
2023-10-28,13.5,16.4,10.6,3.0,2,2.0,0.0
2023-10-29,13.600000000000001,19.8,7.4,6.0,2,1.8999999999999986,0.0
2023-10-30,18.5,21.2,15.8,9.0,2,0.0,0.5
2023-10-31,16.9,20.0,13.8,4.0,2,0.0,0.0
2023-11-01,12.8,16.0,9.6,6.0,2,2.6999999999999993,0.0
2023-11-02,12.6,17.2,8.0,4.0,2,2.9000000000000004,0.0
2023-11-03,12.9,13.4,12.4,5.0,2,2.5999999999999996,0.0
2023-11-04,9.1,11.6,6.6,2.0,2,6.4,0.0
2023-11-05,9.1,11.2,7.0,6.0,2,6.4,0.0
2023-11-06,6.4,6.4,6.4,2.0,1,9.1,0.0
2023-11-07,9.5,11.6,7.4,3.0,2,6.0,0.0
2023-11-08,11.3,12.4,10.2,3.0,2,4.199999999999999,0.0
2023-11-09,7.6,13.0,2.2,6.0,2,7.9,0.0
2023-11-10,8.3,8.6,8.0,7.0,2,7.199999999999999,0.0
2023-11-11,7.3,7.8,6.8,2.0,2,8.2,0.0
2023-11-12,7.4,7.4,7.4,12.0,1,8.1,0.0
2023-11-13,5.199999999999999,8.2,2.2,2.0,2,10.3,0.0
2023-11-14,9.7,12.0,7.4,4.0,2,5.800000000000001,0.0
2023-11-15,11.2,12.6,9.8,9.5,2,4.300000000000001,0.0
2023-11-16,10.6,13.4,7.8,6.0,2,4.9,0.0
2023-11-17,9.8,9.8,9.8,6.0,2,5.699999999999999,0.0
2023-11-18,5.800000000000001,7.4,4.2,10.0,2,9.7,0.0
2023-11-19,2.0,3.0,1.0,3.0,2,13.5,0.0
2023-11-20,7.1,10.6,3.6,5.0,2,8.4,0.0
2023-11-21,6.6,8.2,5.0,3.0,2,8.9,0.0
2023-11-22,6.7,10.4,3.0,3.0,2,8.8,0.0
2023-11-23,2.4,4.8,0.0,5.0,2,13.1,0.0
2023-11-24,4.3999999999999995,8.2,0.6,8.0,2,11.100000000000001,0.0
2023-11-25,4.4,4.4,4.4,12.0,2,11.1,0.0
2023-11-26,1.4500000000000002,3.2,-0.3,10.0,2,14.05,0.0
2023-11-27,0.45000000000000007,2.6,-1.7,3.0,2,15.05,0.0
2023-11-28,2.9,4.6,1.2,3.0,2,12.6,0.0
2023-11-29,2.7,3.0,2.4,10.0,2,12.8,0.0
2023-11-30,-1.25,0.0,-2.5,3.0,2,16.75,0.0
2023-12-01,1.1,1.6,0.6,4.0,2,14.4,0.0
2023-12-02,3.4,4.0,2.8,2.0,2,12.1,0.0
2023-12-03,-0.05,0.0,-0.1,11.0,2,15.55,0.0
2023-12-04,-1.3499999999999999,0.6,-3.3,4.0,2,16.85,0.0
2023-12-05,-0.95,0.4,-2.3,3.0,2,16.45,0.0
2023-12-06,0.8,1.6,0.0,3.0,2,14.7,0.0
2023-12-07,0.5,0.8,0.2,2.0,2,15.0,0.0
2023-12-08,1.0,1.6,0.4,2.0,2,14.5,0.0
2023-12-09,0.8,1.2,0.4,3.0,2,14.7,0.0
2023-12-10,0.050000000000000044,0.8,-0.7,3.0,2,15.45,0.0
2023-12-11,1.65,4.0,-0.7,2.0,2,13.85,0.0
2023-12-12,4.7,8.0,1.4,4.0,2,10.8,0.0
2023-12-13,5.2,6.0,4.4,5.0,2,10.3,0.0
2023-12-14,5.800000000000001,7.2,4.4,3.0,2,9.7,0.0
2023-12-15,4.5,5.8,3.2,1.0,2,11.0,0.0
2023-12-16,2.65,6.6,-1.3,1.0,2,12.85,0.0
2023-12-17,3.15,7.0,-0.7,4.0,2,12.35,0.0
2023-12-18,2.8,5.0,0.6,1.0,2,12.7,0.0
2023-12-19,-1.7999999999999998,-1.3,-2.3,2.0,2,17.3,0.0
2023-12-20,-1.0,-0.1,-1.9,1.0,2,16.5,0.0
2023-12-21,3.9000000000000004,5.4,2.4,4.0,2,11.6,0.0
2023-12-22,6.4,7.4,5.4,10.0,2,9.1,0.0
2023-12-23,2.0999999999999996,2.8,1.4,9.0,2,13.4,0.0
2023-12-24,4.3,8.0,0.6,7.0,2,11.2,0.0
2023-12-26,7.9,8.0,7.8,2.0,2,7.6,0.0
2023-12-27,9.6,10.2,9.0,9.0,2,5.9,0.0
2023-12-28,5.5,7.8,3.2,3.0,2,10.0,0.0
2023-12-29,3.4,6.0,0.8,2.0,2,12.1,0.0
2023-12-30,4.0,6.8,1.2,1.0,2,11.5,0.0
2023-12-31,2.45,5.0,-0.1,4.0,2,13.05,0.0
2024-01-01,7.8999999999999995,8.2,7.6,10.0,2,7.6000000000000005,0.0
2024-01-02,2.9000000000000004,3.6,2.2,3.0,2,12.6,0.0
2024-01-03,8.0,11.4,4.6,6.0,2,7.5,0.0
2024-01-04,9.8,12.2,7.4,4.0,2,5.699999999999999,0.0
2024-01-05,9.9,11.0,8.8,10.0,2,5.6,0.0
2024-01-06,6.199999999999999,6.6,5.8,4.0,2,9.3,0.0
2024-01-07,6.5,6.6,6.4,4.0,2,9.0,0.0
2024-01-08,1.3,1.6,1.0,3.0,2,14.2,0.0
2024-01-09,0.75,2.0,-0.5,6.0,2,14.75,0.0
2024-01-10,-1.85,1.2,-4.9,0.0,2,17.35,0.0
2024-01-11,-2.65,1.0,-6.3,5.0,2,18.15,0.0
2024-01-12,0.24999999999999994,1.4,-0.9,3.0,2,15.25,0.0
2024-01-13,0.6,0.6,0.6,10.0,1,14.9,0.0
2024-01-14,-0.6500000000000001,2.4,-3.7,8.0,2,16.15,0.0
2024-01-15,1.0499999999999998,4.8,-2.7,3.0,2,14.45,0.0
2024-01-16,2.6,4.0,1.2,5.0,2,12.9,0.0
2024-01-17,-2.1,-0.9,-3.3,2.0,2,17.6,0.0
2024-01-18,5.1,8.0,2.2,2.0,2,10.4,0.0
2024-01-19,1.85,4.2,-0.5,5.0,2,13.65,0.0
2024-01-20,0.8499999999999999,2.8,-1.1,5.0,2,14.65,0.0
2024-01-21,-0.75,1.4,-2.9,5.0,2,16.25,0.0
2024-01-22,-3.6999999999999997,-2.3,-5.1,4.0,2,19.2,0.0
2024-01-23,0.25,2.4,-1.9,4.0,2,15.25,0.0
2024-01-24,1.5999999999999999,2.8,0.4,3.0,2,13.9,0.0
2024-01-25,9.0,10.0,8.0,11.0,2,6.5,0.0
2024-01-26,7.0,8.0,6.0,7.0,2,8.5,0.0
2024-01-27,6.0,7.2,4.8,15.5,2,9.5,0.0
2024-01-28,5.6,7.6,3.6,4.0,2,9.9,0.0
2024-01-29,2.4499999999999997,5.8,-0.9,3.0,2,13.05,0.0
2024-01-30,1.15,4.0,-1.7,2.0,2,14.35,0.0
2024-01-31,1.0499999999999998,3.8,-1.7,3.0,2,14.45,0.0
2024-02-01,2.1500000000000004,5.4,-1.1,3.0,2,13.35,0.0
2024-02-02,5.3,6.0,4.6,11.0,2,10.2,0.0
2024-02-03,8.2,10.8,5.6,8.0,2,7.300000000000001,0.0
2024-02-04,10.6,12.0,9.2,6.0,2,4.9,0.0
2024-02-05,12.600000000000001,13.8,11.4,10.0,2,2.8999999999999986,0.0
2024-02-06,11.3,14.4,8.2,5.0,2,4.199999999999999,0.0
2024-02-07,11.0,13.0,9.0,6.0,2,4.5,0.0
2024-02-08,10.7,13.6,7.8,4.0,2,4.800000000000001,0.0
2024-02-09,11.6,14.2,9.0,7.0,2,3.9000000000000004,0.0
2024-02-10,14.3,18.0,10.6,6.0,2,1.1999999999999993,0.0
2024-02-11,10.9,11.0,10.8,3.0,2,4.6,0.0
2024-02-12,8.8,10.0,7.6,6.0,2,6.699999999999999,0.0
2024-02-13,10.100000000000001,11.4,8.8,10.0,2,5.399999999999999,0.0
2024-02-14,7.1,9.4,4.8,4.0,2,8.4,0.0
2024-02-15,7.4,8.6,6.2,2.0,2,8.1,0.0
2024-02-16,9.1,11.2,7.0,4.0,2,6.4,0.0
2024-02-17,8.100000000000001,11.8,4.4,3.0,2,7.399999999999999,0.0
2024-02-18,9.2,10.4,8.0,3.0,2,6.300000000000001,0.0
2024-02-19,4.4,5.6,3.2,3.0,2,11.1,0.0
2024-02-20,9.0,11.6,6.4,4.0,2,6.5,0.0
2024-02-21,9.4,11.0,7.8,7.0,2,6.1,0.0
2024-02-22,9.9,13.6,6.2,7.0,2,5.6,0.0
2024-02-24,13.0,13.0,13.0,2.0,1,2.5,0.0
2024-02-25,10.399999999999999,12.6,8.2,4.0,2,5.100000000000001,0.0
2024-02-26,10.9,13.0,8.8,3.0,2,4.6,0.0
2024-02-27,11.899999999999999,14.6,9.2,4.0,2,3.6000000000000014,0.0
2024-02-28,13.0,14.8,11.2,3.0,2,2.5,0.0
2024-02-29,11.899999999999999,15.2,8.6,4.0,2,3.6000000000000014,0.0
2024-03-01,10.9,11.8,10.0,5.0,2,4.6,0.0
2024-03-02,9.3,9.6,9.0,4.0,2,6.199999999999999,0.0
2024-03-03,10.3,12.2,8.4,4.0,2,5.199999999999999,0.0
2024-03-04,11.0,14.2,7.8,3.0,2,4.5,0.0
2024-03-05,10.8,15.4,6.2,3.0,2,4.699999999999999,0.0
2024-03-06,10.6,13.2,8.0,2.0,2,4.9,0.0
2024-03-07,6.9,7.2,6.6,2.0,2,8.6,0.0
2024-03-08,5.300000000000001,6.4,4.2,2.0,2,10.2,0.0
2024-03-09,8.2,10.8,5.6,5.0,2,7.300000000000001,0.0
2024-03-10,10.6,13.2,8.0,5.0,2,4.9,0.0
2024-03-11,11.3,11.6,11.0,6.0,2,4.199999999999999,0.0
2024-03-12,10.1,10.2,10.0,3.0,2,5.4,0.0
2024-03-13,11.1,13.6,8.6,10.0,2,4.4,0.0
2024-03-14,10.600000000000001,12.8,8.4,2.0,2,4.899999999999999,0.0
2024-03-15,11.2,14.4,8.0,3.0,2,4.300000000000001,0.0
2024-03-16,10.5,12.6,8.4,3.0,2,5.0,0.0
2024-03-17,11.399999999999999,12.2,10.6,6.0,2,4.100000000000001,0.0
2024-03-18,7.199999999999999,11.2,3.2,3.0,2,8.3,0.0
2024-03-19,4.7,7.0,2.4,5.0,2,10.8,0.0
2024-03-20,6.2,11.6,0.8,3.0,2,9.3,0.0
2024-03-21,9.5,15.2,3.8,2.0,2,6.0,0.0
2024-03-22,13.3,16.0,10.6,3.0,2,2.1999999999999993,0.0
2024-03-23,13.1,19.2,7.0,5.0,2,2.4000000000000004,0.0
2024-03-24,9.5,10.6,8.4,11.0,2,6.0,0.0
2024-03-25,8.2,11.2,5.2,9.0,2,7.300000000000001,0.0
2024-03-26,8.5,15.6,1.4,6.0,2,7.0,0.0
2024-03-27,12.399999999999999,15.6,9.2,7.0,2,3.1000000000000014,0.0
2024-03-28,14.5,16.4,12.6,11.5,2,1.0,0.0
2024-03-29,12.6,17.4,7.8,10.0,2,2.9000000000000004,0.0
2024-03-30,18.4,22.0,14.8,6.0,2,0.0,0.3999999999999986
2024-03-31,18.9,23.0,14.8,5.0,2,0.0,0.8999999999999986
2024-04-01,20.9,25.0,16.8,6.0,2,0.0,2.8999999999999986
2024-04-02,13.600000000000001,14.4,12.8,11.0,2,1.8999999999999986,0.0
2024-04-03,13.200000000000001,18.6,7.8,2.0,2,2.299999999999999,0.0
2024-04-04,14.5,17.4,11.6,3.0,2,1.0,0.0
2024-04-05,16.0,20.2,11.8,5.0,2,0.0,0.0
2024-04-06,18.2,23.0,13.4,3.0,2,0.0,0.1999999999999993
2024-04-07,13.4,13.4,13.4,2.0,1,2.0999999999999996,0.0
2024-04-10,17.8,17.8,17.8,10.0,1,0.0,0.0
2024-04-11,16.0,20.6,11.4,2.0,2,0.0,0.0
2024-04-12,16.8,21.0,12.6,5.0,2,0.0,0.0
2024-04-13,17.3,24.0,10.6,4.0,2,0.0,0.0
2024-04-14,21.1,26.8,15.4,4.0,2,0.0,3.1000000000000014
2024-04-15,18.799999999999997,23.4,14.2,4.0,2,0.0,0.7999999999999972
2024-04-16,10.4,13.8,7.0,5.0,2,5.1,0.0
2024-04-17,8.2,11.8,4.6,5.0,2,7.300000000000001,0.0
2024-04-18,9.3,10.8,7.8,4.0,2,6.199999999999999,0.0
2024-04-19,8.9,11.6,6.2,3.0,2,6.6,0.0
2024-04-20,7.3,11.6,3.0,5.0,2,8.2,0.0
2024-04-21,9.5,12.8,6.2,5.0,2,6.0,0.0
2024-04-22,9.1,11.0,7.2,4.0,2,6.4,0.0
2024-04-23,8.7,12.0,5.4,6.0,2,6.800000000000001,0.0
2024-04-24,8.7,8.8,8.6,3.0,2,6.800000000000001,0.0
2024-04-25,8.9,11.8,6.0,5.0,2,6.6,0.0
2024-04-26,9.4,15.0,3.8,6.0,2,6.1,0.0
2024-04-27,14.6,19.0,10.2,4.0,2,0.9000000000000004,0.0
2024-04-28,16.700000000000003,23.6,9.8,5.0,2,0.0,0.0
2024-04-29,20.4,25.4,15.4,6.0,2,0.0,2.3999999999999986
2024-04-30,19.6,24.2,15.0,6.0,2,0.0,1.6000000000000014
2024-05-01,17.799999999999997,22.4,13.2,7.0,2,0.0,0.0
2024-05-02,16.3,17.8,14.8,3.0,2,0.0,0.0
2024-05-03,15.899999999999999,18.4,13.4,2.0,2,0.0,0.0
2024-05-04,19.8,24.6,15.0,7.0,2,0.0,1.8000000000000007
2024-05-05,19.0,25.0,13.0,4.0,2,0.0,1.0
2024-05-06,18.4,23.8,13.0,1.0,2,0.0,0.3999999999999986
2024-05-07,18.5,20.2,16.8,7.0,2,0.0,0.5
2024-05-08,16.9,18.6,15.2,3.0,2,0.0,0.0
2024-05-09,18.4,21.6,15.2,3.0,2,0.0,0.3999999999999986
2024-05-10,17.4,22.2,12.6,4.0,2,0.0,0.0
2024-05-11,17.9,22.0,13.8,2.0,2,0.0,0.0
2024-05-12,17.9,20.6,15.2,4.0,2,0.0,0.0
2024-05-13,17.0,20.4,13.6,5.0,2,0.0,0.0
2024-05-14,16.5,22.6,10.4,6.0,2,0.0,0.0
2024-05-15,17.2,21.2,13.2,2.0,2,0.0,0.0
2024-05-16,16.4,21.0,11.8,5.0,2,0.0,0.0
2024-05-17,14.7,16.0,13.4,6.0,2,0.8000000000000007,0.0
2024-05-18,15.5,19.6,11.4,3.0,2,0.0,0.0
2024-05-19,17.9,21.8,14.0,3.0,2,0.0,0.0
2024-05-20,20.6,25.2,16.0,3.0,2,0.0,2.6000000000000014
2024-05-21,20.5,24.8,16.2,10.0,2,0.0,2.5
2024-05-22,18.4,21.6,15.2,3.0,2,0.0,0.3999999999999986
2024-05-23,19.4,23.8,15.0,1.0,2,0.0,1.3999999999999986
2024-05-24,16.8,17.6,16.0,2.0,2,0.0,0.0
2024-05-25,20.2,24.8,15.6,5.0,2,0.0,2.1999999999999993
2024-05-26,20.700000000000003,23.6,17.8,2.0,2,0.0,2.700000000000003
2024-05-27,21.9,26.0,17.8,2.0,2,0.0,3.8999999999999986
2024-05-28,21.1,25.6,16.6,7.0,2,0.0,3.1000000000000014
2024-05-29,20.7,24.0,17.4,5.0,2,0.0,2.6999999999999993
2024-05-30,20.9,24.8,17.0,3.0,2,0.0,2.8999999999999986
2024-05-31,17.1,17.6,16.6,4.0,2,0.0,0.0
2024-06-01,17.2,20.2,14.2,4.0,2,0.0,0.0
2024-06-02,18.3,21.8,14.8,4.0,2,0.0,0.3000000000000007
2024-06-03,19.1,22.2,16.0,2.0,2,0.0,1.1000000000000014
2024-06-04,18.1,21.2,15.0,2.0,2,0.0,0.10000000000000142
2024-06-05,19.1,22.8,15.4,3.0,2,0.0,1.1000000000000014
2024-06-06,21.200000000000003,27.6,14.8,3.0,2,0.0,3.200000000000003
2024-06-07,23.7,28.2,19.2,4.0,2,0.0,5.699999999999999
2024-06-08,23.3,28.0,18.6,1.0,2,0.0,5.300000000000001
2024-06-09,23.2,23.2,23.2,2.0,1,0.0,5.199999999999999
2024-06-10,22.799999999999997,23.4,22.2,3.0,2,0.0,4.799999999999997
2024-06-11,20.6,23.4,17.8,6.0,2,0.0,2.6000000000000014
2024-06-12,18.5,19.6,17.4,3.0,2,0.0,0.5
2024-06-13,17.5,20.0,15.0,3.0,2,0.0,0.0
2024-06-14,18.200000000000003,21.6,14.8,4.0,2,0.0,0.20000000000000284
2024-06-15,19.3,24.8,13.8,4.0,2,0.0,1.3000000000000007
2024-06-16,21.4,24.4,18.4,7.0,2,0.0,3.3999999999999986
2024-06-17,21.6,27.6,15.6,3.0,2,0.0,3.6000000000000014
2024-06-18,24.1,30.2,18.0,2.0,2,0.0,6.100000000000001
2024-06-19,25.9,31.4,20.4,4.0,2,0.0,7.899999999999999
2024-06-20,26.4,29.8,23.0,1.0,2,0.0,8.399999999999999
2024-06-21,26.3,31.0,21.6,3.0,2,0.0,8.3
2024-06-22,25.200000000000003,25.8,24.6,5.0,2,0.0,7.200000000000003
2024-06-23,24.200000000000003,25.8,22.6,5.0,2,0.0,6.200000000000003
2024-06-24,25.3,28.6,22.0,5.0,2,0.0,7.300000000000001
2024-06-25,23.799999999999997,27.2,20.4,4.0,2,0.0,5.799999999999997
2024-06-26,25.9,28.8,23.0,3.0,2,0.0,7.899999999999999
2024-06-27,24.1,27.0,21.2,6.0,2,0.0,6.100000000000001
2024-06-28,23.6,29.0,18.2,2.0,2,0.0,5.600000000000001
2024-06-29,26.5,31.6,21.4,4.0,2,0.0,8.5
2024-06-30,27.6,32.2,23.0,3.0,2,0.0,9.600000000000001
2024-07-01,25.0,27.4,22.6,7.0,2,0.0,7.0
2024-07-02,22.0,22.8,21.2,6.0,2,0.0,4.0
2024-07-03,20.6,23.6,17.6,6.0,2,0.0,2.6000000000000014
2024-07-04,21.7,24.0,19.4,4.0,2,0.0,3.6999999999999993
2024-07-05,21.4,26.6,16.2,8.0,2,0.0,3.3999999999999986
2024-07-06,24.700000000000003,30.6,18.8,5.0,2,0.0,6.700000000000003
2024-07-07,24.8,29.8,19.8,5.0,2,0.0,6.800000000000001
2024-07-08,28.4,31.8,25.0,5.0,2,0.0,10.399999999999999
2024-07-09,28.6,34.2,23.0,4.0,2,0.0,10.600000000000001
2024-07-10,30.0,35.0,25.0,2.0,2,0.0,12.0
2024-07-11,31.3,36.0,26.6,2.0,2,0.0,13.3
2024-07-12,29.5,34.4,24.6,3.0,2,0.0,11.5
2024-07-13,29.4,32.6,26.2,3.0,2,0.0,11.399999999999999
2024-07-14,30.2,34.0,26.4,4.0,2,0.0,12.2
2024-07-15,29.5,33.8,25.2,2.0,2,0.0,11.5
2024-07-16,30.0,33.4,26.6,2.0,2,0.0,12.0
2024-07-17,30.6,34.0,27.2,3.0,2,0.0,12.600000000000001
2024-07-18,27.8,31.0,24.6,4.0,2,0.0,9.8
2024-07-19,27.2,31.4,23.0,4.0,2,0.0,9.2
2024-07-20,25.1,27.4,22.8,2.0,2,0.0,7.100000000000001
2024-07-21,25.4,28.2,22.6,1.0,2,0.0,7.399999999999999
2024-07-22,26.5,30.6,22.4,6.0,2,0.0,8.5
2024-07-23,26.2,28.2,24.2,2.0,2,0.0,8.2
2024-07-24,26.299999999999997,28.2,24.4,4.0,2,0.0,8.299999999999997
2024-07-25,23.8,26.6,21.0,3.0,2,0.0,5.800000000000001
2024-07-26,22.7,27.4,18.0,6.0,2,0.0,4.699999999999999
2024-07-27,24.9,31.8,18.0,3.0,2,0.0,6.899999999999999
2024-07-28,28.0,34.4,21.6,6.0,2,0.0,10.0
2024-07-29,23.9,26.4,21.4,6.0,2,0.0,5.899999999999999
2024-07-30,22.2,26.0,18.4,3.0,2,0.0,4.199999999999999
2024-07-31,23.700000000000003,30.6,16.8,4.0,2,0.0,5.700000000000003
2024-08-01,25.9,32.0,19.8,5.0,2,0.0,7.899999999999999
2024-08-02,23.4,25.6,21.2,3.0,2,0.0,5.399999999999999
2024-08-03,23.2,24.0,22.4,10.0,2,0.0,5.199999999999999
2024-08-04,21.0,27.2,14.8,4.0,2,0.0,3.0
2024-08-05,23.9,26.8,21.0,5.0,2,0.0,5.899999999999999
2024-08-06,22.0,25.8,18.2,4.0,2,0.0,4.0
2024-08-07,22.2,28.0,16.4,2.0,2,0.0,4.199999999999999
2024-08-08,20.6,22.0,19.2,1.0,2,0.0,2.6000000000000014
2024-08-09,24.5,28.2,20.8,8.0,2,0.0,6.5
2024-08-10,26.7,31.0,22.4,4.0,2,0.0,8.7
2024-08-11,27.4,32.8,22.0,3.0,2,0.0,9.399999999999999
2024-08-12,27.400000000000002,32.2,22.6,3.0,2,0.0,9.400000000000002
2024-08-13,29.8,34.0,25.6,2.0,2,0.0,11.8
2024-08-14,30.1,35.0,25.2,8.0,2,0.0,12.100000000000001
2024-08-15,29.2,32.0,26.4,6.0,2,0.0,11.2
2024-08-16,28.8,34.6,23.0,2.0,2,0.0,10.8
2024-08-17,25.0,25.2,24.8,3.0,2,0.0,7.0
2024-08-18,25.8,29.8,21.8,3.0,2,0.0,7.800000000000001
2024-08-19,24.7,28.4,21.0,5.0,2,0.0,6.699999999999999
2024-08-20,27.9,31.6,24.2,5.0,2,0.0,9.899999999999999
2024-08-21,24.8,28.0,21.6,7.0,2,0.0,6.800000000000001
2024-08-22,23.6,25.6,21.6,2.0,2,0.0,5.600000000000001
2024-08-23,23.0,29.2,16.8,3.0,2,0.0,5.0
2024-08-24,27.1,32.6,21.6,5.0,2,0.0,9.100000000000001
2024-08-25,28.0,33.6,22.4,2.0,2,0.0,10.0
2024-08-26,28.1,31.2,25.0,5.0,2,0.0,10.100000000000001
2024-08-27,27.9,31.6,24.2,4.0,2,0.0,9.899999999999999
2024-08-28,26.200000000000003,30.8,21.6,3.0,2,0.0,8.200000000000003
2024-08-29,27.9,31.8,24.0,3.0,2,0.0,9.899999999999999
2024-08-30,27.700000000000003,32.2,23.2,5.0,2,0.0,9.700000000000003
2024-08-31,27.5,32.6,22.4,4.0,2,0.0,9.5
2024-09-01,28.1,32.4,23.8,4.0,2,0.0,10.100000000000001
2024-09-02,26.5,32.0,21.0,4.0,2,0.0,8.5
2024-09-03,27.2,32.0,22.4,4.0,2,0.0,9.2
2024-09-04,28.1,33.2,23.0,4.0,2,0.0,10.100000000000001
2024-09-05,26.9,29.4,24.4,11.0,2,0.0,8.899999999999999
2024-09-06,25.0,28.2,21.8,4.0,2,0.0,7.0
2024-09-07,25.2,29.0,21.4,2.0,2,0.0,7.199999999999999
2024-09-08,26.3,30.6,22.0,6.0,2,0.0,8.3
2024-09-09,20.4,23.0,17.8,5.0,2,0.0,2.3999999999999986
2024-09-10,18.6,21.4,15.8,6.0,2,0.0,0.6000000000000014
2024-09-11,19.4,23.6,15.2,4.0,2,0.0,1.3999999999999986
2024-09-12,16.9,20.8,13.0,1.0,2,0.0,0.0
2024-09-13,14.899999999999999,16.4,13.4,5.0,2,0.6000000000000014,0.0
2024-09-14,10.7,12.0,9.4,4.0,2,4.800000000000001,0.0
2024-09-15,10.8,11.6,10.0,3.0,2,4.699999999999999,0.0
2024-09-16,12.7,14.2,11.2,3.0,2,2.8000000000000007,0.0
2024-09-17,14.8,19.2,10.4,4.0,2,0.6999999999999993,0.0
2024-09-18,19.8,23.6,16.0,6.0,2,0.0,1.8000000000000007
2024-09-19,18.9,22.4,15.4,8.0,2,0.0,0.8999999999999986
2024-09-20,19.0,22.0,16.0,5.0,2,0.0,1.0
2024-09-21,17.3,22.6,12.0,5.0,2,0.0,0.0
2024-09-22,17.1,23.0,11.2,1.0,2,0.0,0.0
2024-09-23,18.1,24.0,12.2,3.0,2,0.0,0.10000000000000142
2024-09-24,17.9,22.0,13.8,3.0,2,0.0,0.0
2024-09-25,17.3,19.6,15.0,4.0,2,0.0,0.0
2024-09-26,19.2,25.0,13.4,4.0,2,0.0,1.1999999999999993
2024-09-27,20.3,22.0,18.6,4.0,2,0.0,2.3000000000000007
2024-09-28,16.6,18.8,14.4,5.0,2,0.0,0.0
2024-09-29,15.0,16.4,13.6,3.0,2,0.5,0.0
2024-09-30,13.7,16.2,11.2,4.0,2,1.8000000000000007,0.0
2024-10-01,10.4,15.4,5.4,3.0,2,5.1,0.0
2024-10-02,10.5,11.6,9.4,4.0,2,5.0,0.0
2024-10-03,10.9,12.0,9.8,2.0,2,4.6,0.0
2024-10-04,12.7,13.6,11.8,3.0,2,2.8000000000000007,0.0
2024-10-05,12.3,13.4,11.2,3.0,2,3.1999999999999993,0.0
2024-10-06,11.5,13.2,9.8,3.0,2,4.0,0.0
2024-10-07,12.5,16.8,8.2,2.0,2,3.0,0.0
2024-10-08,16.7,22.4,11.0,4.0,2,0.0,0.0
2024-10-09,16.8,19.8,13.8,5.0,2,0.0,0.0
2024-10-10,19.7,23.4,16.0,9.0,2,0.0,1.6999999999999993
2024-10-11,16.299999999999997,18.4,14.2,9.0,2,0.0,0.0
2024-10-12,12.1,15.0,9.2,3.0,2,3.4000000000000004,0.0
2024-10-13,11.5,15.6,7.4,3.0,2,4.0,0.0
2024-10-14,13.1,14.6,11.6,6.0,2,2.4000000000000004,0.0
2024-10-15,12.2,15.0,9.4,4.0,2,3.3000000000000007,0.0
2024-10-17,10.100000000000001,14.8,5.4,3.0,2,5.399999999999999,0.0
2024-10-18,11.8,15.2,8.4,7.0,2,3.6999999999999993,0.0
2024-10-19,10.1,14.2,6.0,2.0,2,5.4,0.0
2024-10-20,10.4,14.8,6.0,2.0,2,5.1,0.0
2024-10-21,9.9,16.0,3.8,5.0,2,5.6,0.0
2024-10-22,11.0,16.8,5.2,2.0,2,4.5,0.0
2024-10-23,13.3,18.6,8.0,3.0,2,2.1999999999999993,0.0
2024-10-24,12.9,16.0,9.8,4.0,2,2.5999999999999996,0.0
2024-10-25,12.5,17.0,8.0,3.0,2,3.0,0.0
2024-10-26,11.3,13.4,9.2,4.0,2,4.199999999999999,0.0
2024-10-27,14.6,18.4,10.8,3.0,2,0.9000000000000004,0.0
2024-10-28,14.7,18.0,11.4,2.0,2,0.8000000000000007,0.0
2024-10-29,13.799999999999999,19.4,8.2,2.0,2,1.700000000000001,0.0
2024-10-30,14.6,19.4,9.8,0.0,2,0.9000000000000004,0.0
2024-10-31,12.899999999999999,17.4,8.4,4.0,2,2.6000000000000014,0.0
2024-11-01,12.7,16.0,9.4,4.0,2,2.8000000000000007,0.0
2024-11-02,11.9,15.8,8.0,4.0,2,3.5999999999999996,0.0
2024-11-03,8.0,8.0,8.0,6.0,1,7.5,0.0
2024-11-04,12.6,12.6,12.6,8.0,1,2.9000000000000004,0.0
2024-11-05,6.8,11.0,2.6,3.0,2,8.7,0.0
2024-11-06,5.7,10.6,0.8,2.0,2,9.8,0.0
2024-11-07,7.4,11.8,3.0,3.0,2,8.1,0.0
2024-11-08,7.6,12.2,3.0,3.0,2,7.9,0.0
2024-11-09,7.8999999999999995,12.2,3.6,2.0,2,7.6000000000000005,0.0
2024-11-10,0.7999999999999999,1.4,0.2,2.0,2,14.7,0.0
2024-11-11,0.44999999999999996,1.2,-0.3,2.0,2,15.05,0.0
2024-11-12,1.1,1.4,0.8,3.0,2,14.4,0.0
2024-11-13,2.1,2.4,1.8,2.0,2,13.4,0.0
2024-11-14,2.1,2.4,1.8,1.0,2,13.4,0.0
2024-11-15,4.8,8.6,1.0,2.0,2,10.7,0.0
2024-11-16,0.55,1.6,-0.5,1.0,2,14.95,0.0
2024-11-17,1.1,1.2,1.0,4.0,2,14.4,0.0
2024-11-18,1.15,3.6,-1.3,4.0,2,14.35,0.0
2024-11-19,4.1,5.6,2.6,3.0,2,11.4,0.0
2024-11-20,6.4,6.6,6.2,7.0,2,9.1,0.0
2024-11-21,3.8,5.0,2.6,9.0,2,11.7,0.0
2024-11-22,2.7,3.8,1.6,8.0,2,12.8,0.0
2024-11-23,2.1,3.6,0.6,8.0,2,13.4,0.0
2024-11-24,1.15,4.8,-2.5,4.0,2,14.35,0.0
2024-11-25,3.3,6.6,0.0,6.0,2,12.2,0.0
2024-11-26,1.0,1.0,1.0,4.0,1,14.5,0.0
2024-11-27,7.6,7.6,7.6,2.0,1,7.9,0.0
2024-11-28,4.2,5.4,3.0,2.0,2,11.3,0.0
2024-11-29,6.699999999999999,7.6,5.8,11.0,2,8.8,0.0
2024-11-30,6.199999999999999,9.2,3.2,5.0,2,9.3,0.0
2024-12-01,6.6,9.4,3.8,3.0,2,8.9,0.0
2024-12-02,2.0,3.8,0.2,3.0,2,13.5,0.0
2024-12-03,3.5999999999999996,4.8,2.4,0.0,2,11.9,0.0
2024-12-04,4.5,5.6,3.4,4.0,2,11.0,0.0
2024-12-05,3.8,4.2,3.4,2.0,2,11.7,0.0
2024-12-06,2.0,3.0,1.0,2.0,2,13.5,0.0
2024-12-07,2.3000000000000003,4.4,0.2,1.0,2,13.2,0.0
2024-12-08,3.8,4.6,3.0,8.0,2,11.7,0.0
2024-12-09,3.1,4.2,2.0,4.0,2,12.4,0.0
2024-12-10,4.9,5.8,4.0,1.0,2,10.6,0.0
2024-12-11,1.9,2.8,1.0,3.0,2,13.6,0.0
2024-12-12,2.5,3.8,1.2,1.0,2,13.0,0.0
2024-12-13,2.3,2.4,2.2,3.0,2,13.2,0.0
2024-12-14,0.6000000000000001,0.8,0.4,2.0,2,14.9,0.0
2024-12-15,3.0,5.6,0.4,9.0,2,12.5,0.0
2024-12-16,7.4,10.0,4.8,9.0,2,8.1,0.0
2024-12-17,9.1,11.4,6.8,7.0,2,6.4,0.0
2024-12-18,6.199999999999999,8.2,4.2,5.0,2,9.3,0.0
2024-12-19,5.3999999999999995,8.2,2.6,4.0,2,10.100000000000001,0.0
2024-12-20,5.699999999999999,6.8,4.6,8.0,2,9.8,0.0
2024-12-21,5.0,5.8,4.2,7.0,2,10.5,0.0
2024-12-22,1.35,4.2,-1.5,5.0,2,14.15,0.0
2024-12-23,0.3,0.6,0.0,2.0,2,15.2,0.0
2024-12-24,3.9,5.6,2.2,8.0,2,11.6,0.0
2024-12-25,5.8,6.6,5.0,6.0,2,9.7,0.0
2024-12-26,3.3,6.0,0.6,6.0,2,12.2,0.0
2024-12-27,2.85,6.0,-0.3,4.0,2,12.65,0.0
2024-12-28,2.85,6.4,-0.7,2.0,2,12.65,0.0
2024-12-29,-1.6,-1.5,-1.7,1.0,2,17.1,0.0
2024-12-30,-2.2,-2.1,-2.3,1.0,2,17.7,0.0
2024-12-31,-2.0,-1.9,-2.1,1.0,2,17.5,0.0
2025-01-01,-3.0999999999999996,-2.9,-3.3,3.0,2,18.6,0.0
2025-01-02,-1.7,-1.7,-1.7,2.0,1,17.2,0.0
2025-01-03,1.6500000000000001,3.6,-0.3,3.0,2,13.85,0.0
2025-01-04,2.2,3.0,1.4,11.0,2,13.3,0.0
2025-01-05,-2.0,-1.1,-2.9,3.0,2,17.5,0.0
2025-01-06,5.25,11.0,-0.5,5.0,2,10.25,0.0
2025-01-07,9.5,10.8,8.2,2.0,2,6.0,0.0
2025-01-08,4.4,4.4,4.4,2.0,1,11.1,0.0
2025-01-09,8.3,10.4,6.2,4.0,2,7.199999999999999,0.0
2025-01-10,6.3,8.0,4.6,9.0,2,9.2,0.0
2025-01-11,0.8500000000000001,3.6,-1.9,6.0,2,14.65,0.0
2025-01-12,-0.3,-0.3,-0.3,6.0,1,15.8,0.0
2025-01-13,1.7,3.0,0.4,5.0,2,13.8,0.0
2025-01-14,-0.1499999999999999,2.0,-2.3,3.0,2,15.65,0.0
2025-01-15,-1.0,-0.1,-1.9,2.0,2,16.5,0.0
2025-01-16,-0.35,0.0,-0.7,3.0,2,15.85,0.0
2025-01-17,0.05,0.2,-0.1,3.0,2,15.45,0.0
2025-01-18,-0.2,-0.1,-0.3,4.0,2,15.7,0.0
2025-01-19,-2.2,-2.1,-2.3,1.0,2,17.7,0.0
2025-01-20,-2.5999999999999996,-2.3,-2.9,1.0,2,18.1,0.0
2025-01-21,-1.9,-1.7,-2.1,1.0,2,17.4,0.0
2025-01-22,-1.4,-1.3,-1.5,2.0,2,16.9,0.0
2025-01-23,0.45000000000000007,1.6,-0.7,3.0,2,15.05,0.0
2025-01-24,4.3,6.8,1.8,6.0,2,11.2,0.0
2025-01-25,4.199999999999999,5.6,2.8,4.0,2,11.3,0.0
2025-01-26,7.8,11.6,4.0,4.0,2,7.7,0.0
2025-01-27,8.399999999999999,12.2,4.6,4.0,2,7.100000000000001,0.0
2025-01-28,10.3,10.6,10.0,9.0,2,5.199999999999999,0.0
2025-01-29,10.3,11.4,9.2,5.0,2,5.199999999999999,0.0
2025-01-30,7.9,11.8,4.0,4.0,2,7.6,0.0
2025-01-31,6.4,8.0,4.8,2.0,2,9.1,0.0
2025-02-01,5.9,7.2,4.6,5.0,2,9.6,0.0
2025-02-02,3.4,3.8,3.0,1.0,2,12.1,0.0
2025-02-03,2.0,2.0,2.0,2.0,1,13.5,0.0
2025-02-04,-2.9,-2.9,-2.9,0.0,1,18.4,0.0
2025-02-11,4.6,4.6,4.6,4.0,1,10.9,0.0
2025-02-22,3.8,3.8,3.8,10.0,1,11.7,0.0
2025-02-23,1.7,2.8,0.6,3.0,2,13.8,0.0
2025-02-24,3.6,6.2,1.0,2.0,2,11.9,0.0
2025-02-25,7.6,7.6,7.6,6.0,1,7.9,0.0
2025-02-28,7.9,10.4,5.4,6.0,2,7.6,0.0
2025-03-01,7.2,10.4,4.0,4.0,2,8.3,0.0
2025-03-02,5.8,7.8,3.8,4.0,2,9.7,0.0
2025-03-03,5.0,7.8,2.2,2.0,2,10.5,0.0
2025-03-04,5.6,11.2,0.0,4.0,2,9.9,0.0
2025-03-05,8.2,14.6,1.8,2.0,2,7.300000000000001,0.0
2025-03-06,11.299999999999999,17.4,5.2,2.0,2,4.200000000000001,0.0
2025-03-07,11.7,17.2,6.2,2.0,2,3.8000000000000007,0.0
2025-03-08,13.0,18.8,7.2,4.0,2,2.5,0.0
2025-03-09,12.899999999999999,18.2,7.6,4.0,2,2.6000000000000014,0.0
2025-03-10,18.4,18.4,18.4,6.0,1,0.0,0.3999999999999986
2025-03-11,9.3,11.6,7.0,1.0,2,6.199999999999999,0.0
2025-03-12,12.5,16.2,8.8,7.0,2,3.0,0.0
2025-03-13,14.4,16.8,12.0,6.0,2,1.0999999999999996,0.0
2025-03-14,11.0,14.8,7.2,4.0,2,4.5,0.0
2025-03-15,7.6,7.8,7.4,3.0,2,7.9,0.0
2025-03-16,5.7,7.4,4.0,2.0,2,9.8,0.0
2025-03-17,6.3,7.8,4.8,6.0,2,9.2,0.0
2025-03-18,2.15,4.8,-0.5,5.0,2,13.35,0.0
2025-03-19,3.35,8.0,-1.3,3.0,2,12.15,0.0
2025-03-20,5.1499999999999995,11.2,-0.9,5.0,2,10.350000000000001,0.0
2025-03-21,8.6,14.6,2.6,5.0,2,6.9,0.0
2025-03-22,7.6,9.4,5.8,4.0,2,7.9,0.0
2025-03-23,9.399999999999999,10.6,8.2,4.0,2,6.100000000000001,0.0
2025-03-24,10.2,11.2,9.2,2.0,2,5.300000000000001,0.0
2025-03-25,11.2,15.4,7.0,2.0,2,4.300000000000001,0.0
2025-03-26,12.4,14.8,10.0,0.0,2,3.0999999999999996,0.0
2025-03-27,13.4,16.0,10.8,6.0,2,2.0999999999999996,0.0
2025-03-28,12.0,13.4,10.6,6.0,2,3.5,0.0
2025-03-29,10.9,11.4,10.4,7.0,2,4.6,0.0
2025-03-30,10.5,13.2,7.8,4.0,2,5.0,0.0
2025-03-31,11.399999999999999,11.6,11.2,4.0,2,4.100000000000001,0.0
2025-04-01,12.7,16.4,9.0,4.0,2,2.8000000000000007,0.0
2025-04-02,11.1,13.2,9.0,7.0,2,4.4,0.0
2025-04-03,13.6,17.0,10.2,5.0,2,1.9000000000000004,0.0
2025-04-04,14.5,18.2,10.8,3.0,2,1.0,0.0
2025-04-05,14.600000000000001,19.8,9.4,6.0,2,0.8999999999999986,0.0
2025-04-06,5.9,6.8,5.0,10.0,2,9.6,0.0
2025-04-07,2.45,6.2,-1.3,2.0,2,13.05,0.0
2025-04-09,8.1,12.4,3.8,6.0,2,7.4,0.0
2025-04-10,10.100000000000001,11.4,8.8,8.0,2,5.399999999999999,0.0
2025-04-11,10.600000000000001,16.8,4.4,10.5,2,4.899999999999999,0.0
2025-04-12,10.8,16.2,5.4,4.0,2,4.699999999999999,0.0
2025-04-13,13.9,20.0,7.8,5.0,2,1.5999999999999996,0.0
2025-04-14,15.600000000000001,16.8,14.4,5.0,2,0.0,0.0
2025-04-15,13.9,15.8,12.0,7.0,2,1.5999999999999996,0.0
2025-04-16,19.6,24.0,15.2,7.0,2,0.0,1.6000000000000014
2025-04-17,19.9,23.8,16.0,6.0,2,0.0,1.8999999999999986
2025-04-18,16.4,16.6,16.2,3.0,2,0.0,0.0
2025-04-19,14.200000000000001,18.6,9.8,4.0,2,1.299999999999999,0.0
2025-04-20,15.7,21.4,10.0,5.0,2,0.0,0.0
2025-04-21,17.4,21.2,13.6,2.0,2,0.0,0.0
2025-04-22,18.6,24.0,13.2,2.0,2,0.0,0.6000000000000014
2025-04-23,19.6,24.2,15.0,3.0,2,0.0,1.6000000000000014
2025-04-24,19.0,22.2,15.8,4.0,2,0.0,1.0
2025-04-25,15.1,16.4,13.8,4.0,2,0.40000000000000036,0.0
2025-04-26,15.8,19.2,12.4,2.0,2,0.0,0.0
2025-04-27,13.5,17.4,9.6,6.0,2,2.0,0.0
2025-04-28,13.899999999999999,20.2,7.6,3.0,2,1.6000000000000014,0.0
2025-04-29,15.5,21.4,9.6,6.0,2,0.0,0.0
2025-04-30,17.1,24.2,10.0,3.0,2,0.0,0.0
2025-05-01,19.3,24.2,14.4,3.0,2,0.0,1.3000000000000007
2025-05-02,20.0,24.2,15.8,4.0,2,0.0,2.0
2025-05-03,20.0,25.2,14.8,1.0,2,0.0,2.0
2025-05-04,19.1,20.4,17.8,4.0,2,0.0,1.1000000000000014
2025-05-05,12.9,14.0,11.8,3.0,2,2.5999999999999996,0.0
2025-05-06,11.7,12.4,11.0,1.0,2,3.8000000000000007,0.0
2025-05-07,10.8,11.4,10.2,5.0,2,4.699999999999999,0.0
2025-05-08,13.3,15.8,10.8,3.0,2,2.1999999999999993,0.0
2025-05-09,12.2,14.8,9.6,3.0,2,3.3000000000000007,0.0
2025-05-10,12.5,16.6,8.4,4.0,2,3.0,0.0
2025-05-11,11.2,13.8,8.6,6.0,2,4.300000000000001,0.0
2025-05-12,12.3,15.0,9.6,5.0,2,3.1999999999999993,0.0
2025-05-13,12.7,14.6,10.8,4.0,2,2.8000000000000007,0.0
2025-05-14,12.8,19.6,6.0,3.0,2,2.6999999999999993,0.0
2025-05-15,13.4,16.0,10.8,7.0,2,2.0999999999999996,0.0
2025-05-16,10.4,15.4,5.4,6.0,2,5.1,0.0
2025-05-17,12.6,15.6,9.6,4.0,2,2.9000000000000004,0.0
2025-05-18,11.5,13.4,9.6,5.0,2,4.0,0.0
2025-05-19,12.3,14.0,10.6,7.0,2,3.1999999999999993,0.0
2025-05-20,14.8,18.0,11.6,4.0,2,0.6999999999999993,0.0
2025-05-22,18.0,21.4,14.6,2.0,2,0.0,0.0
2025-05-23,12.9,13.4,12.4,4.0,2,2.5999999999999996,0.0
2025-05-24,11.9,14.0,9.8,4.0,2,3.5999999999999996,0.0
2025-05-25,12.6,18.4,6.8,3.0,2,2.9000000000000004,0.0
2025-05-26,16.3,19.6,13.0,4.0,2,0.0,0.0
2025-05-27,18.1,21.8,14.4,6.0,2,0.0,0.10000000000000142
2025-05-28,17.2,22.4,12.0,7.0,2,0.0,0.0
2025-05-29,17.9,19.4,16.4,11.0,2,0.0,0.0
2025-05-30,16.9,20.4,13.4,6.0,2,0.0,0.0
2025-05-31,20.1,25.8,14.4,1.0,2,0.0,2.1000000000000014
2025-06-01,21.8,27.0,16.6,2.0,2,0.0,3.8000000000000007
2025-06-02,23.0,28.2,17.8,4.0,2,0.0,5.0
2025-06-03,23.6,25.8,21.4,11.0,2,0.0,5.600000000000001
2025-06-04,16.8,16.8,16.8,0.0,1,0.0,0.0
2025-06-06,25.3,30.0,20.6,6.0,2,0.0,7.300000000000001
2025-06-07,25.200000000000003,30.8,19.6,4.0,2,0.0,7.200000000000003
2025-06-08,24.4,28.8,20.0,6.0,2,0.0,6.399999999999999
2025-06-09,18.2,19.4,17.0,13.5,2,0.0,0.1999999999999993
2025-06-10,23.6,23.6,23.6,2.0,1,0.0,5.600000000000001
2025-06-11,19.2,23.8,14.6,7.0,2,0.0,1.1999999999999993
2025-06-15,22.5,28.2,16.8,2.0,2,0.0,4.5
2025-06-16,23.1,28.8,17.4,4.0,2,0.0,5.100000000000001
2025-06-17,20.799999999999997,23.4,18.2,5.0,2,0.0,2.799999999999997
2025-06-18,23.7,28.2,19.2,5.0,2,0.0,5.699999999999999
2025-06-19,23.9,29.8,18.0,7.0,2,0.0,5.899999999999999
2025-06-20,23.299999999999997,25.2,21.4,6.0,2,0.0,5.299999999999997
2025-06-21,19.6,24.2,15.0,3.0,2,0.0,1.6000000000000014
2025-06-22,21.299999999999997,28.4,14.2,5.0,2,0.0,3.299999999999997
2025-06-23,24.4,32.0,16.8,4.0,2,0.0,6.399999999999999
2025-06-24,25.0,27.8,22.2,9.0,2,0.0,7.0
2025-06-25,26.6,33.0,20.2,5.0,2,0.0,8.600000000000001
2025-06-26,29.2,35.4,23.0,4.0,2,0.0,11.2
2025-06-27,26.6,27.0,26.2,7.0,2,0.0,8.600000000000001
2025-06-28,25.1,27.0,23.2,7.0,2,0.0,7.100000000000001
2025-06-29,25.1,30.4,19.8,6.0,2,0.0,7.100000000000001
2025-06-30,27.8,30.8,24.8,6.0,2,0.0,9.8
2025-07-01,24.0,28.0,20.0,2.0,2,0.0,6.0
2025-07-02,26.1,31.0,21.2,2.0,2,0.0,8.100000000000001
2025-07-03,27.1,34.2,20.0,4.0,2,0.0,9.100000000000001
2025-07-04,27.0,28.4,25.6,6.0,2,0.0,9.0
2025-07-05,22.7,27.4,18.0,7.0,2,0.0,4.699999999999999
2025-07-06,25.6,32.2,19.0,3.0,2,0.0,7.600000000000001
2025-07-07,26.700000000000003,28.8,24.6,3.0,2,0.0,8.700000000000003
2025-07-08,17.5,19.4,15.6,2.0,2,0.0,0.0
2025-07-09,15.3,16.0,14.6,13.0,2,0.1999999999999993,0.0
2025-07-10,19.799999999999997,22.4,17.2,8.0,2,0.0,1.7999999999999972
2025-07-11,20.200000000000003,23.6,16.8,7.0,2,0.0,2.200000000000003
2025-07-12,19.5,24.0,15.0,4.0,2,0.0,1.5
2025-07-13,23.5,29.0,18.0,5.0,2,0.0,5.5
2025-07-14,27.0,31.2,22.8,2.0,2,0.0,9.0
2025-07-15,24.7,26.0,23.4,5.0,2,0.0,6.699999999999999
2025-07-16,24.4,25.2,23.6,7.0,2,0.0,6.399999999999999
2025-07-17,21.299999999999997,22.4,20.2,12.0,2,0.0,3.299999999999997
2025-07-18,17.0,17.0,17.0,2.0,1,0.0,0.0
2025-07-19,21.8,28.0,15.6,5.0,2,0.0,3.8000000000000007
2025-07-20,24.7,30.2,19.2,3.0,2,0.0,6.699999999999999
2025-07-21,26.5,33.0,20.0,5.0,2,0.0,8.5
2025-07-22,24.2,28.2,20.2,9.0,2,0.0,6.199999999999999
2025-07-23,25.700000000000003,28.6,22.8,4.0,2,0.0,7.700000000000003
2025-07-24,27.4,32.8,22.0,7.0,2,0.0,9.399999999999999
2025-07-25,26.9,29.8,24.0,6.0,2,0.0,8.899999999999999
2025-07-26,27.1,30.0,24.2,4.0,2,0.0,9.100000000000001
2025-07-27,23.6,26.0,21.2,7.0,2,0.0,5.600000000000001
2025-07-28,22.1,25.0,19.2,8.0,2,0.0,4.100000000000001
2025-07-29,22.5,25.0,20.0,4.0,2,0.0,4.5
2025-07-30,22.5,26.2,18.8,5.0,2,0.0,4.5
2025-07-31,21.8,24.8,18.8,7.0,2,0.0,3.8000000000000007
2025-08-01,21.6,27.0,16.2,3.0,2,0.0,3.6000000000000014
2025-08-02,24.0,28.6,19.4,5.0,2,0.0,6.0
2025-08-03,21.700000000000003,22.6,20.8,7.0,2,0.0,3.700000000000003
2025-08-04,21.5,24.4,18.6,5.0,2,0.0,3.5
2025-08-05,21.4,25.8,17.0,3.0,2,0.0,3.3999999999999986
2025-08-06,20.0,23.6,16.4,8.0,2,0.0,2.0
2025-08-07,20.200000000000003,25.6,14.8,0.0,2,0.0,2.200000000000003
2025-08-08,22.7,30.0,15.4,5.0,2,0.0,4.699999999999999
2025-08-09,26.3,33.2,19.4,2.0,2,0.0,8.3
2025-08-10,28.700000000000003,35.6,21.8,3.0,2,0.0,10.700000000000003
2025-08-11,26.5,28.0,25.0,2.0,2,0.0,8.5
2025-08-12,23.799999999999997,28.4,19.2,2.0,2,0.0,5.799999999999997
2025-08-13,25.700000000000003,31.8,19.6,4.0,2,0.0,7.700000000000003
2025-08-14,27.200000000000003,33.2,21.2,3.0,2,0.0,9.200000000000003
2025-08-15,28.7,35.0,22.4,2.0,2,0.0,10.7
2025-08-16,29.0,34.8,23.2,2.0,2,0.0,11.0
2025-08-17,26.1,26.4,25.8,5.0,2,0.0,8.100000000000001
2025-08-18,22.3,26.0,18.6,3.0,2,0.0,4.300000000000001
2025-08-19,21.5,25.8,17.2,3.0,2,0.0,3.5
2025-08-20,23.299999999999997,30.2,16.4,3.0,2,0.0,5.299999999999997
2025-08-21,22.1,22.2,22.0,3.0,2,0.0,4.100000000000001
2025-08-22,19.700000000000003,20.8,18.6,4.0,2,0.0,1.7000000000000028
2025-08-23,18.3,21.8,14.8,6.0,2,0.0,0.3000000000000007
2025-08-24,17.1,19.6,14.6,5.0,2,0.0,0.0
2025-08-25,16.6,23.6,9.6,5.0,2,0.0,0.0
2025-08-26,19.5,26.6,12.4,4.0,2,0.0,1.5
2025-08-27,22.7,30.2,15.2,3.0,2,0.0,4.699999999999999
2025-08-28,25.3,32.2,18.4,3.0,2,0.0,7.300000000000001
2025-08-29,28.1,32.4,23.8,3.0,2,0.0,10.100000000000001
2025-08-30,24.3,27.0,21.6,4.0,2,0.0,6.300000000000001
2025-08-31,21.3,24.6,18.0,3.0,2,0.0,3.3000000000000007
2025-09-01,22.0,26.0,18.0,0.0,2,0.0,4.0
2025-09-02,23.6,29.2,18.0,5.0,2,0.0,5.600000000000001
2025-09-03,22.4,22.4,22.4,4.0,1,0.0,4.399999999999999
2025-09-04,22.700000000000003,27.6,17.8,3.0,2,0.0,4.700000000000003
2025-09-05,26.3,30.6,22.0,2.0,2,0.0,8.3
2025-09-06,22.0,23.0,21.0,4.0,2,0.0,4.0
2025-09-07,21.299999999999997,25.4,17.2,2.0,2,0.0,3.299999999999997
2025-09-08,23.4,26.6,20.2,4.0,2,0.0,5.399999999999999
2025-09-09,21.8,25.8,17.8,2.0,2,0.0,3.8000000000000007
2025-09-10,21.1,22.2,20.0,4.0,2,0.0,3.1000000000000014
2025-09-11,20.0,21.8,18.2,4.0,2,0.0,2.0
2025-09-12,20.0,26.0,14.0,4.0,2,0.0,2.0
2025-09-13,21.3,25.8,16.8,6.0,2,0.0,3.3000000000000007
2025-09-14,19.200000000000003,19.6,18.8,2.0,2,0.0,1.2000000000000028
2025-09-15,17.4,22.6,12.2,7.0,2,0.0,0.0
2025-09-16,18.0,20.4,15.6,5.0,2,0.0,0.0
2025-09-17,16.4,19.6,13.2,3.0,2,0.0,0.0
2025-09-18,15.8,21.0,10.6,1.0,2,0.0,0.0
2025-09-19,20.700000000000003,27.6,13.8,3.0,2,0.0,2.700000000000003
2025-09-20,20.7,27.0,14.4,2.0,2,0.0,2.6999999999999993
2025-09-21,23.8,29.6,18.0,5.0,2,0.0,5.800000000000001
2025-09-22,23.200000000000003,27.8,18.6,5.0,2,0.0,5.200000000000003
2025-09-23,21.0,25.2,16.8,3.0,2,0.0,3.0
2025-09-24,17.9,18.8,17.0,3.0,2,0.0,0.0
2025-09-26,13.4,14.4,12.4,5.0,2,2.0999999999999996,0.0
2025-09-27,15.2,18.4,12.0,4.0,2,0.3000000000000007,0.0
2025-09-28,15.399999999999999,18.2,12.6,0.0,2,0.10000000000000142,0.0
2025-09-29,13.0,15.0,11.0,4.0,2,2.5,0.0
2025-09-30,11.6,14.6,8.6,2.0,2,3.9000000000000004,0.0
2025-10-01,9.3,11.8,6.8,2.0,2,6.199999999999999,0.0
2025-10-02,9.2,11.8,6.6,3.0,2,6.300000000000001,0.0
2025-10-03,9.1,13.0,5.2,9.0,2,6.4,0.0
2025-10-04,9.4,13.4,5.4,2.0,2,6.1,0.0
2025-10-05,11.1,14.0,8.2,6.0,2,4.4,0.0
2025-10-06,11.9,13.8,10.0,4.0,2,3.5999999999999996,0.0
2025-10-07,12.9,15.8,10.0,7.0,2,2.5999999999999996,0.0
2025-10-08,13.6,17.4,9.8,3.0,2,1.9000000000000004,0.0
2025-10-09,11.4,15.4,7.4,3.0,2,4.1,0.0
2025-10-10,13.9,15.0,12.8,4.0,2,1.5999999999999996,0.0
2025-10-11,15.0,17.4,12.6,9.0,2,0.5,0.0
2025-10-12,13.7,15.6,11.8,5.0,2,1.8000000000000007,0.0
2025-10-13,13.899999999999999,16.4,11.4,5.0,2,1.6000000000000014,0.0
2025-10-14,10.4,14.4,6.4,5.0,2,5.1,0.0
2025-10-15,11.5,14.2,8.8,2.0,2,4.0,0.0
2025-10-16,13.100000000000001,16.8,9.4,2.0,2,2.3999999999999986,0.0
2025-10-17,10.0,13.6,6.4,2.0,2,5.5,0.0
2025-10-18,11.2,13.2,9.2,5.0,2,4.300000000000001,0.0
2025-10-19,8.4,12.0,4.8,3.0,2,7.1,0.0
2025-10-20,8.5,15.8,1.2,3.0,2,7.0,0.0
2025-10-21,8.0,8.4,7.6,3.0,2,7.5,0.0
2025-10-22,11.8,15.6,8.0,4.0,2,3.6999999999999993,0.0
2025-10-23,16.3,20.8,11.8,5.0,2,0.0,0.0
2025-10-24,12.2,13.8,10.6,8.0,2,3.3000000000000007,0.0
2025-10-25,9.7,13.4,6.0,7.0,2,5.800000000000001,0.0
2025-10-26,10.9,12.4,9.4,1.0,2,4.6,0.0
2025-10-27,10.8,13.0,8.6,12.0,2,4.699999999999999,0.0
2025-10-28,9.2,11.6,6.8,5.0,2,6.300000000000001,0.0
2025-10-29,12.3,17.0,7.6,3.0,2,3.1999999999999993,0.0
2025-10-30,16.2,19.8,12.6,12.0,2,0.0,0.0
2025-10-31,12.8,15.6,10.0,1.0,2,2.6999999999999993,0.0
2025-11-01,16.2,18.8,13.6,3.0,2,0.0,0.0
2025-11-02,14.2,18.2,10.2,2.0,2,1.3000000000000007,0.0
2025-11-03,13.0,14.6,11.4,11.5,2,2.5,0.0
2025-11-04,11.2,13.4,9.0,5.0,2,4.300000000000001,0.0
2025-11-05,9.1,13.2,5.0,2.0,2,6.4,0.0
2025-11-06,8.5,13.0,4.0,3.0,2,7.0,0.0
2025-11-07,8.7,13.2,4.2,2.0,2,6.800000000000001,0.0
2025-11-08,9.4,10.8,8.0,2.0,2,6.1,0.0
2025-11-09,11.0,12.6,9.4,3.0,2,4.5,0.0
2025-11-10,7.800000000000001,10.4,5.2,3.0,2,7.699999999999999,0.0
2025-11-11,7.0,10.2,3.8,2.0,2,8.5,0.0
2025-11-12,4.3,4.6,4.0,0.0,2,11.2,0.0
2025-11-13,4.7,5.8,3.6,3.0,2,10.8,0.0
2025-11-14,6.199999999999999,6.8,5.6,2.0,2,9.3,0.0
2025-11-15,7.1,7.6,6.6,4.0,2,8.4,0.0
2025-11-16,9.2,11.2,7.2,3.0,2,6.300000000000001,0.0
2025-11-17,11.2,14.2,8.2,3.0,2,4.300000000000001,0.0
2025-11-18,6.5,7.6,5.4,6.0,2,9.0,0.0
2025-11-19,2.85,5.8,-0.1,1.0,2,12.65,0.0
2025-11-20,4.7,6.4,3.0,2.0,2,10.8,0.0
2025-11-21,4.0,4.8,3.2,5.0,2,11.5,0.0
2025-11-22,2.7,3.8,1.6,4.0,2,12.8,0.0
2025-11-23,0.35,1.0,-0.3,5.0,2,15.15,0.0
2025-11-24,-0.95,0.6,-2.5,2.0,2,16.45,0.0
2025-11-25,6.6,7.8,5.4,4.0,2,8.9,0.0
2025-11-26,4.8,6.2,3.4,9.0,2,10.7,0.0
2025-11-27,3.4,5.6,1.2,5.0,2,12.1,0.0
2025-11-28,2.2,4.2,0.2,3.0,2,13.3,0.0
2025-11-29,3.6,5.0,2.2,3.0,2,11.9,0.0
2025-11-30,1.8,3.6,0.0,3.0,2,13.7,0.0
2025-12-01,0.04999999999999999,0.6,-0.5,0.0,2,15.45,0.0
2025-12-02,1.3,2.4,0.2,2.0,2,14.2,0.0
2025-12-03,5.2,6.4,4.0,5.0,2,10.3,0.0
2025-12-04,6.8,7.8,5.8,3.0,2,8.7,0.0
2025-12-05,8.4,8.8,8.0,7.0,2,7.1,0.0
2025-12-06,8.399999999999999,8.6,8.2,6.0,2,7.100000000000001,0.0
2025-12-07,7.6,8.4,6.8,2.0,2,7.9,0.0
2025-12-08,4.2,4.8,3.6,1.0,2,11.3,0.0
2025-12-09,5.5,5.6,5.4,3.0,2,10.0,0.0
2025-12-10,5.6,5.8,5.4,3.0,2,9.9,0.0
2025-12-11,4.7,5.0,4.4,2.0,2,10.8,0.0
2025-12-12,5.0,5.2,4.8,1.0,2,10.5,0.0
2025-12-13,3.7,4.0,3.4,2.0,2,11.8,0.0
2025-12-14,3.0,3.2,2.8,3.0,2,12.5,0.0
2025-12-15,1.0,1.6,0.4,2.0,2,14.5,0.0
2025-12-16,0.8999999999999999,1.2,0.6,4.0,2,14.6,0.0
2025-12-17,1.1,1.4,0.8,1.0,2,14.4,0.0
2025-12-18,3.6,4.4,2.8,2.0,2,11.9,0.0
2025-12-19,5.6,5.8,5.4,4.0,2,9.9,0.0
2025-12-20,5.800000000000001,6.4,5.2,1.0,2,9.7,0.0
2025-12-21,4.9,5.2,4.6,1.0,2,10.6,0.0
2025-12-22,3.7,4.0,3.4,3.0,2,11.8,0.0
2025-12-23,3.5,3.8,3.2,4.0,2,12.0,0.0
2025-12-24,4.4,4.8,4.0,3.0,2,11.1,0.0
2025-12-25,3.8,4.2,3.4,4.0,2,11.7,0.0
2025-12-26,3.0999999999999996,5.6,0.6,1.0,2,12.4,0.0
2025-12-27,0.55,3.0,-1.9,3.0,2,14.95,0.0
2025-12-28,3.8,4.0,3.6,12.5,2,11.7,0.0
2025-12-29,2.8000000000000003,5.2,0.4,11.0,2,12.7,0.0
2025-12-30,1.6,2.0,1.2,10.0,2,13.9,0.0
2025-12-31,-1.0,-0.5,-1.5,10.0,2,16.5,0.0
2026-01-01,-0.050000000000000044,2.0,-2.1,4.0,2,15.55,0.0
2026-01-02,-0.15000000000000002,1.8,-2.1,2.0,2,15.65,0.0
2026-01-03,2.7,3.6,1.8,5.0,2,12.8,0.0
2026-01-04,0.15000000000000002,1.8,-1.5,6.0,2,15.35,0.0
2026-01-05,-2.85,0.0,-5.7,3.0,2,18.35,0.0
2026-01-06,-1.9,-1.5,-2.3,5.0,2,17.4,0.0
2026-01-07,-1.5,-0.9,-2.1,3.0,2,17.0,0.0
2026-01-08,-3.5,-3.1,-3.9,4.0,2,19.0,0.0
2026-01-09,-5.4,-4.7,-6.1,4.0,2,20.9,0.0
2026-01-10,-4.6,-2.9,-6.3,3.0,2,20.1,0.0
2026-01-11,-2.7,-1.9,-3.5,8.0,2,18.2,0.0
2026-01-12,-3.0999999999999996,-1.9,-4.3,9.0,2,18.6,0.0
2026-01-13,-5.300000000000001,-4.9,-5.7,3.0,2,20.8,0.0
2026-01-14,-4.9,-4.1,-5.7,5.0,2,20.4,0.0
2026-01-15,-2.1,-0.7,-3.5,4.0,2,17.6,0.0
2026-01-16,0.35,1.2,-0.5,2.0,2,15.15,0.0
2026-01-17,1.6,2.0,1.2,3.0,2,13.9,0.0
2026-01-18,-1.4000000000000001,-0.1,-2.7,4.0,2,16.9,0.0
2026-01-19,-5.1,-4.5,-5.7,3.0,2,20.6,0.0
2026-01-20,-6.3,-4.5,-8.1,4.0,2,21.8,0.0
2026-01-21,-6.5,-3.9,-9.1,4.0,2,22.0,0.0
2026-01-22,-1.65,0.2,-3.5,2.0,2,17.15,0.0
2026-01-23,1.3,2.6,0.0,3.0,2,14.2,0.0
2026-01-24,2.1,3.2,1.0,4.0,2,13.4,0.0
2026-01-25,2.4000000000000004,3.2,1.6,3.0,2,13.1,0.0
2026-01-26,5.199999999999999,5.8,4.6,5.0,2,10.3,0.0
2026-01-27,4.3,7.6,1.0,1.0,2,11.2,0.0
2026-01-28,2.1,3.6,0.6,4.0,2,13.4,0.0
2026-01-29,4.3,5.0,3.6,4.0,2,11.2,0.0
2026-01-30,4.1,4.2,4.0,4.0,2,11.4,0.0
2026-01-31,2.8,3.2,2.4,3.0,2,12.7,0.0
2026-02-01,0.30000000000000004,0.4,0.2,1.0,2,15.2,0.0
2026-02-02,0.4,0.4,0.4,2.0,2,15.1,0.0
2026-02-03,-1.5,-1.5,-1.5,8.0,2,17.0,0.0
2026-02-04,1.5,2.2,0.8,4.0,2,14.0,0.0
2026-02-05,6.0,8.4,3.6,6.0,2,9.5,0.0
2026-02-06,6.8999999999999995,8.2,5.6,3.0,2,8.600000000000001,0.0
2026-02-07,7.3,8.0,6.6,6.0,2,8.2,0.0
2026-02-08,6.0,9.0,3.0,2.0,2,9.5,0.0
2026-02-09,4.8,4.8,4.8,4.0,1,10.7,0.0
2026-02-10,3.4000000000000004,3.6,3.2,5.0,2,12.1,0.0
2026-02-11,2.7,3.8,1.6,4.0,2,12.8,0.0
2026-02-12,8.2,10.8,5.6,5.0,2,7.300000000000001,0.0
2026-02-13,10.0,12.0,8.0,6.0,2,5.5,0.0
2026-02-14,8.2,14.0,2.4,3.0,2,7.300000000000001,0.0
2026-02-15,4.800000000000001,6.4,3.2,6.0,2,10.7,0.0
2026-02-16,-1.4,-0.5,-2.3,6.0,2,16.9,0.0
2026-02-17,1.35,3.0,-0.3,2.0,2,14.15,0.0
2026-02-18,3.7,5.8,1.6,8.0,2,11.8,0.0
2026-02-19,0.9,1.6,0.2,4.0,2,14.6,0.0
2026-02-20,3.6,5.0,2.2,9.0,2,11.9,0.0
2026-02-21,3.4,4.8,2.0,6.0,2,12.1,0.0
2026-02-22,3.5,6.2,0.8,5.0,2,12.0,0.0
2026-02-23,9.9,13.4,6.4,9.0,2,5.6,0.0
2026-02-24,9.2,10.8,7.6,10.5,2,6.300000000000001,0.0
2026-02-25,7.3,9.2,5.4,5.0,2,8.2,0.0
2026-02-26,4.8,6.8,2.8,4.0,2,10.7,0.0
2026-02-27,5.3999999999999995,10.2,0.6,1.0,2,10.100000000000001,0.0
2026-02-28,7.5,12.0,3.0,4.0,2,8.0,0.0
2026-03-01,8.3,12.6,4.0,3.0,2,7.199999999999999,0.0
2026-03-02,8.3,12.4,4.2,2.0,2,7.199999999999999,0.0
2026-03-03,9.7,13.8,5.6,2.0,2,5.800000000000001,0.0
2026-03-04,9.3,14.4,4.2,1.0,2,6.199999999999999,0.0
2026-03-05,12.2,13.8,10.6,2.0,2,3.3000000000000007,0.0
2026-03-06,9.2,14.6,3.8,4.0,2,6.300000000000001,0.0
2026-03-07,9.5,15.2,3.8,1.0,2,6.0,0.0
2026-03-08,10.899999999999999,16.2,5.6,3.0,2,4.600000000000001,0.0
2026-03-09,11.0,14.4,7.6,4.0,2,4.5,0.0
2026-03-10,9.7,14.0,5.4,3.0,2,5.800000000000001,0.0
2026-03-11,10.1,14.0,6.2,5.0,2,5.4,0.0
2026-03-12,13.100000000000001,16.6,9.6,2.0,2,2.3999999999999986,0.0
2026-03-13,12.0,17.6,6.4,4.0,2,3.5,0.0
2026-03-14,12.2,15.8,8.6,5.0,2,3.3000000000000007,0.0
2026-03-15,10.7,14.0,7.4,2.0,2,4.800000000000001,0.0
2026-03-16,10.4,15.0,5.8,3.0,2,5.1,0.0
2026-03-17,9.3,11.2,7.4,3.0,2,6.199999999999999,0.0
2026-03-18,10.8,15.2,6.4,9.0,2,4.699999999999999,0.0
2026-03-19,10.0,11.6,8.4,8.0,2,5.5,0.0
2026-03-20,8.600000000000001,11.8,5.4,3.0,2,6.899999999999999,0.0
2026-03-21,10.2,12.2,8.2,5.0,2,5.300000000000001,0.0
2026-03-22,12.2,14.6,9.8,5.0,2,3.3000000000000007,0.0
2026-03-23,12.1,15.2,9.0,2.0,2,3.4000000000000004,0.0
2026-03-24,12.2,16.4,8.0,4.0,2,3.3000000000000007,0.0
2026-03-25,10.6,16.2,5.0,5.0,2,4.9,0.0
2026-03-26,12.100000000000001,13.4,10.8,2.0,2,3.3999999999999986,0.0
2026-03-27,10.2,12.2,8.2,10.0,2,5.300000000000001,0.0
2026-03-28,9.6,11.6,7.6,5.0,2,5.9,0.0
2026-03-29,7.4,8.0,6.8,9.0,2,8.1,0.0
2026-03-30,7.0,7.6,6.4,9.0,2,8.5,0.0
2026-03-31,5.699999999999999,6.6,4.8,4.0,2,9.8,0.0
2026-04-01,9.3,13.4,5.2,2.0,2,6.199999999999999,0.0
2026-04-02,11.4,16.8,6.0,4.0,2,4.1,0.0
2026-04-03,13.600000000000001,16.8,10.4,6.0,2,1.8999999999999986,0.0
2026-04-04,13.6,17.0,10.2,9.0,2,1.9000000000000004,0.0
2026-04-05,15.299999999999999,19.4,11.2,5.0,2,0.20000000000000107,0.0
2026-04-06,15.5,17.8,13.2,12.5,2,0.0,0.0
2026-04-07,11.0,14.4,7.6,7.0,2,4.5,0.0
2026-04-08,10.4,12.4,8.4,10.0,2,5.1,0.0
2026-04-09,7.4,11.8,3.0,3.0,2,8.1,0.0
2026-04-10,6.0,9.8,2.2,2.0,2,9.5,0.0
2026-04-11,9.7,12.8,6.6,4.0,2,5.800000000000001,0.0
2026-04-12,10.399999999999999,15.2,5.6,5.0,2,5.100000000000001,0.0
2026-04-13,12.8,16.0,9.6,3.0,2,2.6999999999999993,0.0
2026-04-14,13.3,15.0,11.6,9.0,2,2.1999999999999993,0.0
2026-04-15,14.8,17.8,11.8,2.0,2,0.6999999999999993,0.0
2026-04-16,16.0,19.4,12.6,2.0,2,0.0,0.0
2026-04-17,17.2,21.8,12.6,5.0,2,0.0,0.0
2026-04-18,15.2,18.8,11.6,2.0,2,0.3000000000000007,0.0
2026-04-19,14.6,21.2,8.0,4.0,2,0.9000000000000004,0.0
2026-04-20,15.4,15.8,15.0,6.0,2,0.09999999999999964,0.0
2026-04-21,11.0,12.8,9.2,3.0,2,4.5,0.0
2026-04-22,12.0,15.4,8.6,7.0,2,3.5,0.0
2026-04-23,12.9,15.8,10.0,7.0,2,2.5999999999999996,0.0
2026-04-24,16.0,18.8,13.2,8.0,2,0.0,0.0
2026-04-25,15.100000000000001,19.8,10.4,7.0,2,0.3999999999999986,0.0
2026-04-26,13.899999999999999,16.4,11.4,5.0,2,1.6000000000000014,0.0
2026-04-27,10.5,16.0,5.0,3.0,2,5.0,0.0
2026-04-28,13.399999999999999,18.2,8.6,4.0,2,2.1000000000000014,0.0
2026-04-29,12.7,15.8,9.6,7.0,2,2.8000000000000007,0.0
2026-04-30,10.5,12.8,8.2,4.0,2,5.0,0.0
2026-05-01,9.9,16.2,3.6,3.0,2,5.6,0.0
2026-05-02,14.600000000000001,21.6,7.6,4.0,2,0.8999999999999986,0.0
2026-05-03,15.399999999999999,20.4,10.4,2.0,2,0.10000000000000142,0.0
2026-05-04,16.8,24.2,9.4,5.0,2,0.0,0.0
2026-05-05,18.6,26.4,10.8,3.0,2,0.0,0.6000000000000014
2026-05-06,19.7,23.8,15.6,7.0,2,0.0,1.6999999999999993
2026-05-07,18.8,22.2,15.4,5.0,2,0.0,0.8000000000000007
2026-05-08,16.1,20.8,11.4,2.0,2,0.0,0.0
2026-05-09,19.0,22.4,15.6,3.0,2,0.0,1.0
2026-05-10,17.7,22.0,13.4,4.0,2,0.0,0.0
2026-05-11,17.799999999999997,20.4,15.2,4.0,2,0.0,0.0
2026-05-12,14.6,14.6,14.6,4.0,1,0.9000000000000004,0.0
