date,temp_mean_c,temp_max_c,temp_min_c,wind_mean_m_s,solar_rad_j_m2,precip_mm,HDD,CDD,load_mean_MW,load_max_MW,load_min_MW,n_hours,year,month,season,weekday,is_weekend
2014-12-31,-7.602936,-4.7848816,-9.894562,1.3446732,1060215.5,0.0,23.102936,0.0,4270.7425,4362.54,4178.02,4,2014,12,Winter,2,0
2015-01-01,-3.4319763,-0.7023926,-6.491699,1.8032094,251127.47,0.035540264,18.931976,0.0,4060.3309375000003,4692.69,3415.09,96,2015,1,Winter,3,0
2015-01-02,0.44599915,2.8734436,-1.6200256,2.1683564,1010457.6,0.34036636,15.054001,0.0,4390.001979166666,5163.49,3297.72,96,2015,1,Winter,4,0
2015-01-03,4.187042,6.513794,3.0158997,4.1368237,999697.06,0.3299395,11.312958,0.0,4381.153958333333,5105.93,3475.22,96,2015,1,Winter,5,1
2015-01-04,2.800743,5.2474365,0.9935303,6.008962,981120.0,0.79488754,12.699257,0.0,4404.731428571428,5184.72,3474.73,91,2015,1,Winter,6,1
2015-01-05,1.3772278,1.9463196,0.4414978,6.0142584,309495.47,0.75756705,14.122772,0.0,5045.297291666667,5919.48,3579.9,96,2015,1,Winter,0,0
2015-01-06,0.27043915,2.148407,-2.0290833,4.63974,1057433.6,0.018914541,15.229561,0.0,5169.623958333334,5977.32,3922.98,96,2015,1,Winter,1,0
2015-01-07,-4.3009872,-3.3984375,-5.3768616,3.2980351,552392.56,0.092347465,19.800987,0.0,5339.6561458333335,6139.93,4030.72,96,2015,1,Winter,2,0
2015-01-08,-2.8790894,-1.7394409,-3.9318542,2.739305,294698.66,0.03595352,18.37909,0.0,5396.002291666667,6142.52,4141.57,96,2015,1,Winter,3,0
2015-01-09,2.1705322,4.7518005,-0.8280945,3.9499016,653154.1,0.20202,13.329468,0.0,5252.706979166666,5977.01,4123.99,96,2015,1,Winter,4,0
2015-01-10,7.8416367,13.116425,4.8673706,3.639729,629230.94,1.5903156,7.6583633,0.0,4937.832708333333,5601.44,3933.7,96,2015,1,Winter,5,1
2015-01-11,7.078766,11.497925,4.504669,4.6395335,177463.47,0.7909774,8.421234,0.0,4582.876041666666,5265.59,3630.63,96,2015,1,Winter,6,1
2015-01-12,4.4281235,7.9118347,2.643036,4.3841014,1102088.5,0.27675626,11.071877,0.0,5108.1865625,5928.83,3683.17,96,2015,1,Winter,0,0
2015-01-13,3.6329956,8.029419,0.36663818,3.0001287,1180292.2,0.0,11.867004,0.0,5174.6293749999995,5910.27,3964.1,96,2015,1,Winter,1,0
2015-01-14,2.8816528,6.024475,0.6910095,1.6842544,1110626.1,0.019168854,12.618347,0.0,5208.7053125,5962.8,3981.48,96,2015,1,Winter,2,0
2015-01-15,4.2565994,7.673401,0.8510742,3.1912253,1040610.1,0.00073115027,11.243401,0.0,5163.12,5888.6,4002.08,96,2015,1,Winter,3,0
2015-01-16,7.733963,11.381897,4.7573853,5.340128,1087914.6,0.00022252402,7.766037,0.0,5148.313958333333,5839.95,3961.33,96,2015,1,Winter,4,0
2015-01-17,8.838272,9.903931,7.4605713,4.5835524,780902.4,0.0064214068,6.661728,0.0,4688.607812499999,5325.27,3823.35,96,2015,1,Winter,5,1
2015-01-18,4.1539536,5.809662,2.8322754,1.9871716,673536.0,0.013224285,11.346046,0.0,4475.2013541666665,5165.57,3530.05,96,2015,1,Winter,6,1
2015-01-19,3.3568573,5.6020203,2.1446533,0.8048652,1000772.25,0.01001358,12.143143,0.0,5126.216875,5888.55,3626.53,96,2015,1,Winter,0,0
2015-01-20,3.6953125,5.2809753,2.3027344,2.7289238,517632.0,0.020631153,11.8046875,0.0,5192.020729166667,5918.25,3919.28,96,2015,1,Winter,1,0
2015-01-21,4.8515472,5.3145447,4.4783325,1.2997551,242414.94,0.35950342,10.648453,0.0,5200.091354166667,5908.72,3959.4,96,2015,1,Winter,2,0
2015-01-22,5.8623657,7.297119,4.916809,2.0495443,379101.88,0.041198727,9.637634,0.0,5186.208541666667,5860.78,3945.01,96,2015,1,Winter,3,0
2015-01-23,5.9542847,6.801483,5.4731445,4.4796963,529297.06,1.4468511,9.545715,0.0,5187.616458333333,5917.19,3899.8,96,2015,1,Winter,4,0
2015-01-24,1.5067062,2.8136597,0.661438,7.0360847,275554.12,2.9131572,13.993294,0.0,4795.245,5506.44,3863.46,96,2015,1,Winter,5,1
2015-01-25,0.37340546,1.2419739,-0.16210938,7.8838334,494318.94,1.4383634,15.126595,0.0,4596.274583333333,5260.66,3626.26,96,2015,1,Winter,6,1
2015-01-26,-0.1209259,1.7701111,-2.6722412,3.7124946,1316953.6,0.01557668,15.620926,0.0,5158.376458333333,5880.36,3736.11,96,2015,1,Winter,0,0
2015-01-27,-2.313652,1.1620178,-5.8075256,2.4498234,498521.6,0.34335452,17.813652,0.0,5318.576458333334,6028.02,4071.38,96,2015,1,Winter,1,0
2015-01-28,0.46090698,3.2851868,-1.4037476,2.7623708,1254792.5,0.025399527,15.039093,0.0,5277.419166666667,5965.17,4094.85,96,2015,1,Winter,2,0
2015-01-29,-0.2768631,-0.005859375,-0.9789734,4.12613,323020.8,0.94308853,15.776863,0.0,5363.175368421053,6015.18,4081.11,95,2015,1,Winter,3,0
2015-01-30,1.4971771,2.2640076,1.0679932,5.3215685,128209.07,3.17208,14.002823,0.0,5295.006770833334,5918.92,4083.75,96,2015,1,Winter,4,0
2015-01-31,0.46206665,3.250183,-1.1731567,3.294672,1487313.1,0.040658318,15.037933,0.0,4764.309375,5375.0,3928.76,96,2015,1,Winter,5,1
2015-02-01,-1.0687714,0.74368286,-2.5079956,1.747946,930363.75,0.17429987,16.568771,0.0,4581.523645833334,5253.97,3681.68,96,2015,2,Winter,6,1
2015-02-02,0.87423706,3.2283325,-0.19256592,2.3652997,1403323.8,0.27071637,14.625763,0.0,5162.4340624999995,5906.32,3764.48,96,2015,2,Winter,0,0
2015-02-03,0.55287933,3.4709473,-1.8805237,2.2327926,1441220.2,0.042438507,14.947121,0.0,5270.24755319149,5950.88,4100.64,94,2015,2,Winter,1,0
2015-02-04,1.1474457,1.9613953,0.5092163,2.8497875,739097.6,0.107987724,14.352554,0.0,5357.574583333333,6029.69,4086.62,96,2015,2,Winter,2,0
2015-02-05,-1.3603973,1.470398,-3.814148,2.8172839,1148202.6,0.0005086263,16.860397,0.0,5304.681354166666,5969.99,4122.64,96,2015,2,Winter,3,0
2015-02-06,-0.73581696,1.4309692,-2.605133,4.855815,726229.3,0.058650967,16.235817,0.0,5298.0646875,5920.2,4110.24,96,2015,2,Winter,4,0
2015-02-07,-2.6658936,-0.29492188,-4.988678,3.448829,1542067.2,0.016562143,18.165894,0.0,4802.29125,5397.26,3980.19,96,2015,2,Winter,5,1
2015-02-08,-0.7225647,1.9706421,-3.709137,6.7494717,1317717.4,0.08093516,16.222565,0.0,4621.935416666666,5333.15,3700.41,96,2015,2,Winter,6,1
2015-02-09,-0.8371124,0.89001465,-2.401245,5.0680923,458137.6,1.2606621,16.337112,0.0,5265.458125,6044.76,3808.04,96,2015,2,Winter,0,0
2015-02-10,3.3849564,4.1953125,2.3127441,6.6166773,531477.3,0.6961505,12.115044,0.0,5279.761979166667,5912.65,4092.11,96,2015,2,Winter,1,0
2015-02-11,2.9714813,4.3943787,2.1474304,3.3075006,893879.44,0.0019073487,12.528519,0.0,5229.410208333334,5901.19,4057.33,96,2015,2,Winter,2,0
2015-02-12,2.4349213,5.4302673,0.70266724,2.1600363,785719.44,0.0023206074,13.065079,0.0,5213.447395833334,5886.97,4036.57,96,2015,2,Winter,3,0
2015-02-13,0.87467957,5.107422,-2.7538147,3.3703856,1698158.9,0.0,14.62532,0.0,5174.4075,5814.67,4048.21,96,2015,2,Winter,4,0
2015-02-14,2.0071793,5.9374084,-1.5704956,3.727709,1708684.8,0.0,13.492821,0.0,4733.786666666667,5315.1,4001.14,96,2015,2,Winter,5,1
2015-02-15,3.5929565,7.2712097,0.8675232,3.4899056,1650146.1,0.00019073486,11.907043,0.0,4493.155833333333,5218.62,3664.61,96,2015,2,Winter,6,1
2015-02-16,2.2505493,8.201111,-2.6002197,2.456171,1762743.5,0.0,13.249451,0.0,5092.392604166666,5831.06,3731.25,96,2015,2,Winter,0,0
2015-02-17,0.47590637,3.7002869,-2.2883606,3.2234964,1221380.2,6.357829e-05,15.024094,0.0,5234.723020833333,5922.11,4057.4,96,2015,2,Winter,1,0
2015-02-18,-0.2511902,3.524231,-3.944336,1.3469393,1326976.0,0.001335144,15.75119,0.0,5237.596666666666,5901.14,4087.46,96,2015,2,Winter,2,0
2015-02-19,1.3918228,4.4272766,-0.3421936,1.5139802,1572433.0,0.0012397766,14.108177,0.0,5215.101770833334,5869.98,4065.49,96,2015,2,Winter,3,0
2015-02-20,1.2131424,7.470001,-3.8877563,2.3346267,1840721.1,0.0,14.286858,0.0,5131.058854166667,5762.21,4045.57,96,2015,2,Winter,4,0
2015-02-21,5.9124985,10.639954,1.8777771,6.378481,1814579.2,0.0,9.587502,0.0,4665.871041666666,5239.23,3926.08,96,2015,2,Winter,5,1
2015-02-22,5.736786,8.049103,3.73172,3.5621428,1316620.9,1.5311877,9.763214,0.0,4478.3455208333335,5163.74,3583.64,96,2015,2,Winter,6,1
2015-02-23,5.4350204,6.607544,4.3979187,2.7658873,421764.25,0.08261998,10.06498,0.0,5096.428645833334,5776.38,3651.87,96,2015,2,Winter,0,0
2015-02-24,5.4900436,6.0994873,4.755493,2.407267,216857.6,1.1561394,10.009956,0.0,5116.519895833333,5771.81,3900.53,96,2015,2,Winter,1,0
2015-02-25,5.4777985,6.2564697,4.6562195,7.2704225,946888.5,1.0112127,10.022202,0.0,5158.024895833333,5840.37,3900.21,96,2015,2,Winter,2,0
2015-02-26,4.9704285,5.7218018,4.3852844,4.8639226,504716.78,0.5728086,10.529572,0.0,5190.928333333333,5800.28,3953.5,96,2015,2,Winter,3,0
2015-02-27,4.521515,7.689789,1.4807129,1.7708297,681228.8,0.019900003,10.978485,0.0,5092.573020833333,5693.22,3947.97,96,2015,2,Winter,4,0
2015-02-28,5.3611145,8.5529175,3.420227,2.2591722,806229.3,0.17271042,10.1388855,0.0,4612.2915625,5174.92,3825.38,96,2015,2,Winter,5,1
2015-03-01,4.7577133,9.607269,-0.12112427,2.878468,1048123.7,0.020440418,10.742287,0.0,4420.640416666666,5170.76,3502.03,96,2015,3,Spring,6,1
2015-03-02,7.205925,10.961182,5.651703,4.0273848,978120.56,0.22843678,8.294075,0.0,5024.123437499999,5776.36,3640.25,96,2015,3,Spring,0,0
2015-03-03,5.152313,8.905487,2.8414001,3.9387074,2111253.2,0.059318542,10.347687,0.0,5022.445520833334,5734.31,3881.56,96,2015,3,Spring,1,0
2015-03-04,4.3252716,8.0329895,1.4926147,3.6666212,1508633.6,0.09873708,11.174728,0.0,5082.183958333333,5756.4,3935.81,96,2015,3,Spring,2,0
2015-03-05,4.036667,7.6844177,1.1150513,3.9357486,1739665.1,0.01707077,11.463333,0.0,5114.065104166667,5762.83,3966.08,96,2015,3,Spring,3,0
2015-03-06,3.5708847,7.2955017,0.605011,4.935233,2121851.8,0.0,11.929115,0.0,5066.7813541666665,5680.39,3988.61,96,2015,3,Spring,4,0
2015-03-07,2.5211487,8.800232,-2.1292114,2.0083117,2206451.2,0.0,12.978851,0.0,4632.3592708333335,5224.04,3931.07,96,2015,3,Spring,5,1
2015-03-08,2.266304,10.323212,-3.345398,1.6924884,2212160.0,0.0,13.233696,0.0,4380.0946875,5155.37,3626.98,96,2015,3,Spring,6,1
2015-03-09,3.193985,10.253876,-1.3565063,2.046955,2244749.0,0.0,12.306015,0.0,4959.255104166667,5742.61,3678.0,96,2015,3,Spring,0,0
2015-03-10,4.304016,12.779022,-0.94607544,1.5655084,2285678.8,0.0,11.195984,0.0,4994.092291666667,5710.3,3952.73,96,2015,3,Spring,1,0
2015-03-11,5.1164093,9.1145935,2.8222961,5.053956,1226833.1,0.20421346,10.383591,0.0,5065.918645833333,5788.17,3970.08,96,2015,3,Spring,2,0
2015-03-12,4.444565,5.356415,3.3660583,7.555144,1074858.8,0.36948523,11.055435,0.0,5193.530833333333,5822.73,3983.87,96,2015,3,Spring,3,0
2015-03-13,5.1187286,5.934845,4.2152405,4.957493,972893.9,0.21009444,10.381271,0.0,5118.071979166666,5687.94,3983.24,96,2015,3,Spring,4,0
2015-03-14,4.318947,5.7026367,2.9787292,2.1821048,828070.4,0.09934107,11.181053,0.0,4632.110833333333,5201.95,3862.28,96,2015,3,Spring,5,1
2015-03-15,5.822876,9.031677,2.6508179,2.846321,1678690.1,0.26563007,9.677124,0.0,4171.104166666667,4849.43,3455.48,96,2015,3,Spring,6,1
2015-03-16,8.501411,13.162628,4.7979126,3.732847,1721838.9,0.0015894573,6.9985886,0.0,4858.069791666667,5704.42,3435.94,96,2015,3,Spring,0,0
2015-03-17,8.099831,13.438995,4.0470886,2.3944123,2502455.5,0.0,7.4001694,0.0,4974.6085416666665,5744.56,3881.49,96,2015,3,Spring,1,0
2015-03-18,6.371353,11.550751,3.0993958,2.5628476,2554602.5,0.0,9.128647,0.0,4980.301145833333,5694.78,3940.77,96,2015,3,Spring,2,0
2015-03-19,4.9569016,10.548584,0.08859253,1.4131799,2594176.0,0.0,10.543098,0.0,5015.0921875,5741.21,3931.26,96,2015,3,Spring,3,0
2015-03-20,4.907982,10.345276,-0.39715576,1.513954,2613994.8,0.0,10.592018,0.0,4961.101145833333,5659.52,3961.4,96,2015,3,Spring,4,0
2015-03-21,6.772293,14.3654175,1.215332,2.9020123,2668748.8,0.0,8.727707,0.0,4540.000208333334,5188.31,3848.18,96,2015,3,Spring,5,1
2015-03-22,8.32708,12.994568,5.0875244,3.152093,2333009.2,0.012842814,7.17292,0.0,4270.275000000001,5022.15,3506.11,96,2015,3,Spring,6,1
2015-03-23,5.204193,10.148468,0.057006836,1.7885749,2597742.8,0.0,10.295807,0.0,4844.449583333334,5637.89,3580.32,96,2015,3,Spring,0,0
2015-03-24,8.994011,14.52301,4.3138123,3.9653075,2686122.8,0.0,6.505989,0.0,4929.304270833333,5684.81,3876.68,96,2015,3,Spring,1,0
2015-03-25,10.997673,15.779236,6.7477417,3.9044425,2012428.9,0.5506834,4.502327,0.0,4964.252291666667,5717.73,3857.01,96,2015,3,Spring,2,0
2015-03-26,12.219681,15.946899,9.212921,2.7613626,2260505.5,0.24693808,3.2803192,0.0,4918.925416666667,5658.23,3845.48,96,2015,3,Spring,3,0
2015-03-27,9.452812,10.130859,8.541779,6.036947,1492714.8,0.1554807,6.047188,0.0,4901.396458333334,5577.92,3798.32,96,2015,3,Spring,4,0
2015-03-28,8.812439,10.596405,7.320984,7.4470167,1948872.6,0.039132435,6.687561,0.0,4527.510104166667,5125.38,3729.57,96,2015,3,Spring,5,1
2015-03-29,7.111519,11.040283,3.1071167,3.0684197,2032780.9,0.007565816,8.388481,0.0,4215.068125,4952.0,3535.43,96,2015,3,Spring,6,1
2015-03-30,9.4599,11.361816,7.4961853,3.869993,1263991.6,0.7232348,6.0401,0.0,4877.758541666667,5508.96,3555.46,96,2015,3,Spring,0,0
2015-03-31,8.725334,13.085968,4.5910645,5.678637,1786483.2,0.10999045,6.774666,0.0,4973.778229166667,5538.93,3856.48,96,2015,3,Spring,1,0
2015-04-01,7.0065765,8.388214,5.286621,7.4622564,2654869.2,0.07940928,8.493423,0.0,4934.518125,5523.9,3881.21,96,2015,4,Spring,2,0
2015-04-02,5.495163,9.088562,4.003784,5.7587357,1245700.2,0.30879974,10.004837,0.0,5014.060520833334,5581.69,3911.38,96,2015,4,Spring,3,0
2015-04-03,5.353142,8.6032715,3.1922607,5.694985,3089821.8,0.054486595,10.146858,0.0,4933.20125,5402.44,3942.42,96,2015,4,Spring,4,0
2015-04-04,5.287796,9.84964,1.8147888,1.2598958,2601757.8,0.06907781,10.212204,0.0,4435.8107291666665,5008.94,3682.22,96,2015,4,Spring,5,1
2015-04-05,5.16156,8.919952,2.2984314,3.8034697,3000712.5,0.072542824,10.33844,0.0,3938.6998958333334,4448.47,3377.18,96,2015,4,Spring,6,1
2015-04-06,3.987671,7.5045776,1.70047,4.8807044,3072546.0,0.04297892,11.512329,0.0,3856.4919791666666,4546.85,3240.88,96,2015,4,Spring,0,0
2015-04-07,5.710762,9.034302,2.5975342,6.1081676,2677222.5,0.116539,9.789238,0.0,4829.393020833333,5499.88,3337.7,96,2015,4,Spring,1,0
2015-04-08,8.326393,9.779144,6.4473877,5.852755,1386914.1,0.22290547,7.173607,0.0,4981.7742708333335,5547.61,3899.33,96,2015,4,Spring,2,0
2015-04-09,9.466202,13.396576,7.2036133,2.6005619,2276889.5,0.0,6.033798,0.0,4926.766041666667,5507.29,3908.63,96,2015,4,Spring,3,0
2015-04-10,11.14463,17.660217,4.8148804,3.5966127,3337472.0,0.0,4.3553696,0.0,4808.429895833334,5325.78,3899.75,96,2015,4,Spring,4,0
2015-04-11,13.403618,19.004608,9.051483,2.167396,3246728.5,0.0040690107,2.0963821,0.0,4303.530520833333,4926.02,3592.79,96,2015,4,Spring,5,1
2015-04-12,14.932816,19.595093,12.900574,3.859214,2901751.8,0.00012715659,0.56718445,0.0,4044.813020833333,4777.66,3372.92,96,2015,4,Spring,6,1
2015-04-13,13.653336,21.552277,7.9722595,3.3390465,3098282.8,0.10868708,1.8466644,0.0,4662.246458333333,5320.36,3397.38,96,2015,4,Spring,0,0
2015-04-14,11.430717,14.7664795,7.5393066,2.8473492,2838835.0,0.006198883,4.0692825,0.0,4690.713854166666,5270.17,3692.82,96,2015,4,Spring,1,0
2015-04-15,15.790184,23.20111,8.411407,3.163946,3424665.5,0.0,0.0,0.0,4703.0271875,5289.15,3718.99,96,2015,4,Spring,2,0
2015-04-16,17.424484,26.726929,10.57373,2.7536156,3501120.2,0.0,0.0,0.0,4693.8975,5260.74,3703.77,96,2015,4,Spring,3,0
2015-04-17,15.234795,20.112427,13.276825,2.2929459,2872814.8,1.471297,0.26520538,0.0,4678.5607291666665,5138.31,3669.49,96,2015,4,Spring,4,0
2015-04-18,8.647079,9.830444,7.4984436,5.650964,2877064.5,0.14098483,6.8529205,0.0,4281.718020833333,4788.89,3573.21,96,2015,4,Spring,5,1
2015-04-19,7.3167343,11.565552,2.6244202,2.0641072,2062715.8,0.0,8.183266,0.0,4042.44,4740.66,3358.75,96,2015,4,Spring,6,1
2015-04-20,10.673721,15.870392,4.246765,5.136285,2978013.8,0.0,4.8262787,0.0,4657.374270833333,5281.47,3422.44,96,2015,4,Spring,0,0
2015-04-21,13.612503,17.695404,8.737549,5.4176164,3557781.2,0.0,1.887497,0.0,4698.532291666666,5271.76,3708.91,96,2015,4,Spring,1,0
2015-04-22,14.500984,18.575226,12.231232,3.4556088,3604539.8,0.0,0.9990158,0.0,4705.632291666667,5306.03,3717.5,96,2015,4,Spring,2,0
2015-04-23,14.49205,21.258392,7.8869934,3.1959474,3715601.0,0.0,1.0079498,0.0,4691.8751041666665,5241.62,3736.06,96,2015,4,Spring,3,0
2015-04-24,14.337387,20.187439,9.467651,1.7439643,3449275.8,0.00076293945,1.1626129,0.0,4639.032604166667,5142.93,3694.12,96,2015,4,Spring,4,0
2015-04-25,15.794235,22.759644,9.418671,3.5229533,3828539.5,0.0,0.0,0.0,4241.2371875,4780.65,3526.81,96,2015,4,Spring,5,1
2015-04-26,17.142578,21.478271,13.649628,1.5972724,3221478.2,0.0064849854,0.0,0.0,3988.0447916666667,4650.94,3288.34,96,2015,4,Spring,6,1
2015-04-27,17.96138,24.050201,12.5876465,5.3423576,3635827.0,0.0033696494,0.0,0.0,4609.2903125,5227.33,3362.99,96,2015,4,Spring,0,0
2015-04-28,13.474442,15.874786,9.559998,4.429542,2088755.2,0.7255554,2.0255585,0.0,4738.609791666667,5238.32,3635.54,96,2015,4,Spring,1,0
2015-04-29,10.508804,14.7812805,7.355072,5.9775076,4001877.5,0.12722015,4.9911957,0.0,4730.3159375000005,5273.58,3650.31,96,2015,4,Spring,2,0
2015-04-30,11.398148,17.40329,5.0290833,1.8627661,2197363.2,0.01335144,4.1018524,0.0,4565.01,5039.04,3698.65,96,2015,4,Spring,3,0
2015-05-01,13.0694275,17.597168,8.712616,3.0782073,1762009.5,0.022157034,2.4305725,0.0,3798.619166666667,4299.33,3214.62,96,2015,5,Spring,4,0
2015-05-02,13.690323,16.392181,11.784424,3.1825924,2657578.5,0.79425174,1.8096771,0.0,3969.0536458333336,4546.15,3075.16,96,2015,5,Spring,5,1
2015-05-03,12.103462,14.977753,8.615448,2.3649983,1406762.6,0.35355887,3.3965378,0.0,3905.1160416666667,4579.91,3169.28,96,2015,5,Spring,6,1
2015-05-04,17.888618,22.721893,13.1467285,1.5337298,3136221.8,0.01713435,0.0,0.0,4609.0253125,5222.5,3330.93,96,2015,5,Spring,0,0
2015-05-05,21.061104,25.939148,16.660522,3.4630234,3547165.8,0.0,0.0,3.0611038,4750.775625,5290.17,3634.58,96,2015,5,Spring,1,0
2015-05-06,19.23767,24.603333,15.786255,3.9744353,3247795.0,0.6074587,0.0,1.2376709,4744.843333333333,5260.19,3692.84,96,2015,5,Spring,2,0
2015-05-07,16.983093,21.526886,13.513947,3.8842912,3780189.8,0.034809113,0.0,0.0,4687.125208333334,5215.97,3639.38,96,2015,5,Spring,3,0
2015-05-08,17.521484,22.937958,12.83078,2.2735114,3179865.5,0.014877319,0.0,0.0,4641.623020833334,5155.71,3615.46,96,2015,5,Spring,4,0
2015-05-09,17.919472,22.841309,14.394836,2.7302167,3614775.5,0.010331471,0.0,0.0,4206.9578125,4699.54,3479.1,96,2015,5,Spring,5,1
2015-05-10,17.463974,20.568298,15.304169,5.175296,3679428.2,6.357829e-05,0.0,0.0,3912.8721874999997,4493.97,3185.95,96,2015,5,Spring,6,1
2015-05-11,14.993423,18.933868,11.506226,3.4627423,4277325.0,0.0,0.50657654,0.0,4520.956666666667,5107.01,3265.61,96,2015,5,Spring,0,0
2015-05-12,16.377693,23.283722,8.395874,3.3197627,4265195.0,0.0,0.0,0.0,4666.455416666667,5221.45,3621.62,96,2015,5,Spring,1,0
2015-05-13,19.03592,23.11792,15.498779,2.7191532,3949124.2,0.0021298726,0.0,1.0359192,4739.098958333333,5266.79,3679.4,96,2015,5,Spring,2,0
2015-05-14,16.652664,20.500214,14.184357,2.9624562,3488669.8,0.49269998,0.0,0.0,4712.0215625,5230.76,3715.42,96,2015,5,Spring,3,0
2015-05-15,13.244789,14.238617,12.282745,1.8655763,1283200.0,0.90112686,2.2552109,0.0,4661.0284375,5200.16,3645.45,96,2015,5,Spring,4,0
2015-05-16,16.392723,20.917328,11.75119,1.6048236,3851187.2,0.010935466,0.0,0.0,4207.780520833333,4716.88,3499.85,96,2015,5,Spring,5,1
2015-05-17,16.881256,19.199951,14.382721,3.3005207,2453589.5,0.0019709268,0.0,0.0,3902.3053125,4513.92,3182.97,96,2015,5,Spring,6,1
2015-05-18,17.283745,22.158142,11.774475,2.154822,3198016.2,0.0019709268,0.0,0.0,4568.6407291666665,5124.59,3285.54,96,2015,5,Spring,0,0
2015-05-19,19.961288,26.770966,14.966187,3.2496986,4130730.8,0.0275294,0.0,1.9612885,4715.420312499999,5272.77,3584.59,96,2015,5,Spring,1,0
2015-05-20,17.40586,25.455261,13.44632,3.2851691,3925546.8,0.0925382,0.0,0.0,4741.873541666667,5329.14,3671.98,96,2015,5,Spring,2,0
2015-05-21,11.909225,13.199341,10.992798,5.0676136,2196079.0,1.1022568,3.5907745,0.0,4773.218541666666,5337.52,3647.98,96,2015,5,Spring,3,0
2015-05-22,12.044357,12.237762,11.786682,5.192445,997192.5,1.1962891,3.4556427,0.0,4716.66875,5271.6,3667.24,96,2015,5,Spring,4,0
2015-05-23,12.8778,13.88855,11.842285,3.6396163,1159168.0,3.8760822,2.6222,0.0,4212.727291666667,4804.96,3431.69,96,2015,5,Spring,5,1
2015-05-24,14.298393,17.5643,11.765167,3.8556495,2208768.0,0.08945465,1.2016068,0.0,3658.1603125,4151.62,3042.05,96,2015,5,Spring,6,1
2015-05-25,14.491974,16.60437,11.993469,4.1037545,2084104.5,1.0183334,1.0080261,0.0,3676.8933333333334,4243.82,2921.46,96,2015,5,Spring,0,0
2015-05-26,14.8431015,16.091522,14.056091,5.563495,1574161.2,2.96456,0.6568985,0.0,4557.3446875,5154.62,3116.57,96,2015,5,Spring,1,0
2015-05-27,12.953056,14.004883,12.198456,6.7643404,2921442.2,0.21022162,2.5469437,0.0,4688.2872916666665,5192.82,3629.57,96,2015,5,Spring,2,0
2015-05-28,12.723991,15.675751,9.870728,3.2367153,3013935.0,0.013415019,2.7760086,0.0,4677.260625,5188.12,3668.66,96,2015,5,Spring,3,0
2015-05-29,15.289749,21.896576,7.1269836,2.0139225,4260604.0,0.002002716,0.21025085,0.0,4611.4331250000005,5084.88,3636.69,96,2015,5,Spring,4,0
2015-05-30,18.302322,23.374756,13.806732,2.1173046,4288550.5,0.07775624,0.0,0.3023224,4204.0065625,4704.31,3503.9,96,2015,5,Spring,5,1
2015-05-31,17.87915,21.194916,14.528564,1.5858912,3314513.2,0.3835678,0.0,0.0,3881.7911458333333,4463.02,3194.11,96,2015,5,Spring,6,1
2015-06-01,20.295341,25.231476,14.576874,2.5727503,3765760.0,0.01853307,0.0,2.2953415,4602.334895833334,5192.49,3263.79,96,2015,6,Summer,0,0
2015-06-02,22.226852,26.82254,16.879303,1.3271276,4356070.5,0.017229717,0.0,4.2268524,4763.105833333333,5349.36,3617.48,96,2015,6,Summer,1,0
2015-06-03,23.604858,29.310974,16.32434,1.7435734,4268723.0,0.0,0.0,5.6048584,4894.76875,5546.99,3700.72,96,2015,6,Summer,2,0
2015-06-04,23.400177,27.747986,19.769623,3.6486735,4355503.0,0.00015894572,0.0,5.400177,4951.949479166667,5635.69,3818.32,96,2015,6,Summer,3,0
2015-06-05,20.874672,24.843658,16.284424,1.5377426,4388697.5,0.0,0.0,2.874672,4777.8125,5378.3,3744.06,96,2015,6,Summer,4,0
2015-06-06,21.700134,27.397278,14.453186,2.1570425,4674133.0,0.0,0.0,3.7001343,4310.126354166667,4810.75,3512.9,96,2015,6,Summer,5,1
2015-06-07,22.988243,28.76535,16.295624,1.8766096,4343919.0,0.0,0.0,4.988243,4072.4784375,4714.96,3230.15,96,2015,6,Summer,6,1
2015-06-08,23.323181,29.052917,17.056274,1.0579729,4047880.8,0.047588345,0.0,5.323181,4859.641875,5581.87,3424.75,96,2015,6,Summer,0,0
2015-06-09,21.121109,24.929108,18.880798,2.7990294,3634611.0,0.6546974,0.0,3.121109,4856.4384375,5547.62,3783.49,96,2015,6,Summer,1,0
2015-06-10,20.493256,25.012665,16.357788,3.0857882,4481105.0,0.0,0.0,2.4932556,4872.749479166667,5511.89,3673.77,96,2015,6,Summer,2,0
2015-06-11,21.9161,26.363098,16.835999,1.7490294,4227562.5,0.055980682,0.0,3.9160995,5001.921875,5670.51,3848.88,96,2015,6,Summer,3,0
2015-06-12,24.746613,30.085266,17.718872,3.5358386,4187742.0,0.015322367,0.0,6.7466125,5014.796666666666,5708.88,3851.38,96,2015,6,Summer,4,0
2015-06-13,25.680145,30.552673,21.608887,4.241806,4497514.5,0.046539307,0.0,7.6801453,4527.3653125,5090.86,3688.33,96,2015,6,Summer,5,1
2015-06-14,24.147316,30.563477,18.693329,1.4866415,3996066.0,0.22169748,0.0,6.147316,4220.300729166666,4860.7,3347.89,96,2015,6,Summer,6,1
2015-06-15,21.551254,24.014587,20.292755,4.6706085,3554786.2,1.5458744,0.0,3.5512543,4828.842395833333,5642.5,3528.95,96,2015,6,Summer,0,0
2015-06-16,19.209846,22.732117,16.64563,4.4522715,3222848.2,0.037765503,0.0,1.2098465,4752.244895833333,5346.48,3722.88,96,2015,6,Summer,1,0
2015-06-17,16.161331,18.030365,15.041412,4.592643,2869760.0,0.16155244,0.0,0.0,4692.223958333333,5285.66,3721.54,96,2015,6,Summer,2,0
2015-06-18,17.761879,22.894928,12.036621,2.7288039,4052625.0,0.0,0.0,0.0,4714.692083333333,5306.56,3675.45,96,2015,6,Summer,3,0
2015-06-19,17.988472,20.07312,16.383362,3.3318703,3049711.0,0.081920624,0.0,0.0,4673.198645833333,5301.74,3700.41,96,2015,6,Summer,4,0
2015-06-20,15.512398,18.834381,13.135773,4.087014,3763076.2,0.09479523,0.0,0.0,4156.5685416666665,4661.17,3452.2,96,2015,6,Summer,5,1
2015-06-21,15.318474,18.583008,11.432983,4.158887,3997469.5,0.068442024,0.18152618,0.0,3859.7139583333333,4400.93,3128.56,96,2015,6,Summer,6,1
2015-06-22,18.59237,24.058075,12.254303,2.976718,3792559.0,0.032742817,0.0,0.5923691,4581.555625,5242.02,3298.96,96,2015,6,Summer,0,0
2015-06-23,15.017288,16.794617,13.343231,1.4757292,1195396.2,1.1600176,0.4827118,0.0,4707.907395833333,5364.07,3601.66,96,2015,6,Summer,1,0
2015-06-24,15.703377,18.205292,12.658905,3.2712336,2740433.0,0.0032107034,0.0,0.0,4654.355625,5221.55,3647.44,96,2015,6,Summer,2,0
2015-06-25,17.450119,22.291595,12.339264,3.2274337,3752490.5,0.0,0.0,0.0,4668.606875,5244.77,3644.36,96,2015,6,Summer,3,0
2015-06-26,19.093414,24.056274,13.380127,3.0733216,2860134.5,0.00047683716,0.0,1.0934143,4638.512604166667,5224.09,3634.33,96,2015,6,Summer,4,0
2015-06-27,19.398804,23.726898,16.480682,1.6774312,2363187.2,0.121815994,0.0,1.3988037,4219.933229166667,4784.98,3474.69,96,2015,6,Summer,5,1
2015-06-28,19.833847,22.519318,17.473572,4.2398925,3233365.2,0.25304157,0.0,1.833847,3903.7417708333337,4447.61,3190.94,96,2015,6,Summer,6,1
2015-06-29,19.41729,22.861511,15.613068,3.1246054,3619533.0,0.023937225,0.0,1.4172897,4630.5784375,5297.3,3318.55,96,2015,6,Summer,0,0
2015-06-30,20.863297,26.70755,14.420197,1.8811997,4227631.0,0.0,0.0,2.8632965,4758.1466666666665,5386.15,3678.07,96,2015,6,Summer,1,0
2015-07-01,23.519875,28.837769,17.229553,0.9798937,3865037.0,0.0,0.0,5.5198746,4833.03375,5481.07,3689.69,96,2015,7,Summer,2,0
2015-07-02,24.47908,29.367981,18.699707,1.0083265,3606459.8,0.040976208,0.0,6.47908,4936.538020833334,5615.72,3751.3,96,2015,7,Summer,3,0
2015-07-03,24.864883,29.328217,20.349487,2.509027,4546376.5,0.0,0.0,6.8648834,4907.060833333334,5575.4,3782.1,96,2015,7,Summer,4,0
2015-07-04,24.735329,30.64508,17.477142,1.3852787,4690351.0,0.0,0.0,6.7353287,4474.5809375,5053.6,3638.55,96,2015,7,Summer,5,1
2015-07-05,26.03521,32.596283,18.311066,1.3673551,4624516.5,0.0,0.0,8.03521,4267.3896875,4933.42,3363.47,96,2015,7,Summer,6,1
2015-07-06,27.515434,33.632446,20.924347,2.1879435,4508693.5,0.21797816,0.0,9.515434,5186.9103125,6032.24,3571.03,96,2015,7,Summer,0,0
2015-07-07,28.245346,34.261993,22.674255,2.4503505,3573218.2,0.0067710876,0.0,10.245346,5400.084583333333,6203.35,4036.9,96,2015,7,Summer,1,0
2015-07-08,26.309471,31.437988,19.208954,4.1537113,3935501.0,2.9963813,0.0,8.309471,5231.022916666667,6226.33,3982.82,96,2015,7,Summer,2,0
2015-07-09,20.035576,23.580353,17.460968,4.541323,3643225.8,0.05613963,0.0,2.0355759,4835.870104166667,5449.4,3847.63,96,2015,7,Summer,3,0
2015-07-10,18.787445,22.277222,14.39798,2.5056622,3010295.5,0.0018755596,0.0,0.78744507,4716.616875,5275.85,3767.01,96,2015,7,Summer,4,0
2015-07-11,19.646927,24.793152,12.824219,1.3376831,4547366.0,0.0,0.0,1.6469269,4262.083125,4736.75,3545.51,96,2015,7,Summer,5,1
2015-07-12,23.403145,29.412079,16.264343,1.5460653,3742856.5,0.008678436,0.0,5.403145,4075.42375,4732.37,3291.2,96,2015,7,Summer,6,1
2015-07-13,21.695038,23.890076,18.653015,3.5464246,2752175.0,0.3361384,0.0,3.6950378,4704.918645833333,5344.24,3461.67,96,2015,7,Summer,0,0
2015-07-14,21.481918,24.186829,18.707886,2.8279767,2423539.2,0.2702395,0.0,3.4819183,4812.76875,5396.36,3729.54,96,2015,7,Summer,1,0
2015-07-15,24.270485,28.059418,20.344757,2.6828842,3290261.2,0.006039937,0.0,6.270485,4970.1719791666665,5640.03,3810.49,96,2015,7,Summer,2,0
2015-07-16,25.339615,29.961151,19.673798,1.4668329,3854374.5,0.054836273,0.0,7.339615,5098.896041666667,5764.1,3879.03,96,2015,7,Summer,3,0
2015-07-17,27.749565,33.281464,22.691101,1.8777559,3915003.8,0.06786982,0.0,9.749565,5211.667604166667,6029.14,3953.31,96,2015,7,Summer,4,0
2015-07-18,26.807861,30.938293,23.238983,1.4412631,3821021.8,0.1639684,0.0,8.807861,4674.126354166667,5335.85,3783.42,96,2015,7,Summer,5,1
2015-07-19,27.977287,33.994476,22.07837,2.5055723,4217271.5,0.00705719,0.0,9.977287,4412.1071875,5143.16,3451.09,96,2015,7,Summer,6,1
2015-07-20,26.873024,30.263123,23.803802,3.2219937,3785002.5,0.13221104,0.0,8.873024,5080.875625,5849.45,3705.08,96,2015,7,Summer,0,0
2015-07-21,27.440926,33.38315,21.133545,1.7348813,3863603.0,0.005753835,0.0,9.440926,5215.4440625,5981.9,3924.41,96,2015,7,Summer,1,0
2015-07-22,29.718643,34.979767,24.29422,2.8621297,3709930.8,0.0,0.0,11.718643,5375.962916666666,6180.33,4039.65,96,2015,7,Summer,2,0
2015-07-23,28.146576,33.006134,23.73294,2.3639035,3712840.5,0.17121634,0.0,10.146576,5309.837395833333,6178.24,4140.54,96,2015,7,Summer,3,0
2015-07-24,27.475601,32.18515,23.066986,1.749361,3880806.5,0.02714793,0.0,9.475601,5237.192708333333,5995.73,4008.45,96,2015,7,Summer,4,0
2015-07-25,26.303757,32.456635,23.983673,2.3193755,3699929.8,0.65215427,0.0,8.303757,4636.1471875,5342.95,3660.68,96,2015,7,Summer,5,1
2015-07-26,20.617249,22.624207,17.95288,4.14041,3101128.5,0.0,0.0,2.6172485,3934.6821875,4479.94,3344.51,96,2015,7,Summer,6,1
2015-07-27,17.959946,19.940704,15.163544,2.185429,1822003.1,0.5865097,0.0,0.0,4450.808854166667,5152.4,3270.37,96,2015,7,Summer,0,0
2015-07-28,19.921806,23.133698,16.522522,2.3442032,1277999.0,0.053342182,0.0,1.9218063,4484.0694791666665,5072.55,3472.67,96,2015,7,Summer,1,0
2015-07-29,17.565842,18.94223,16.542603,1.4385244,815573.3,0.32313663,0.0,0.0,4493.0780208333335,5100.29,3525.02,96,2015,7,Summer,2,0
2015-07-30,18.187843,20.163391,15.998047,1.7270396,863573.3,0.8779526,0.0,0.18784332,4434.7415625,5040.62,3478.95,96,2015,7,Summer,3,0
2015-07-31,20.251411,24.515625,16.834198,1.7426605,3401032.5,0.0010808309,0.0,2.2514114,4357.009895833334,4925.57,3384.88,96,2015,7,Summer,4,0
2015-08-01,19.960716,26.384277,13.151001,2.9119337,4173086.0,0.0,0.0,1.9607162,3974.9561458333333,4478.85,3232.85,96,2015,8,Summer,5,1
2015-08-02,20.653458,25.01828,17.247406,1.9898245,2823944.8,3.0783017,0.0,2.6534576,3757.2134375,4380.28,3016.35,96,2015,8,Summer,6,1
2015-08-03,23.08474,27.847107,18.778625,1.7521942,3761822.0,0.015926361,0.0,5.0847397,4528.89125,5211.47,3182.63,96,2015,8,Summer,0,0
2015-08-04,25.08635,30.38385,19.39682,1.6928806,3544132.2,0.012874603,0.0,7.0863495,4747.719375,5418.7,3534.09,96,2015,8,Summer,1,0
2015-08-05,26.220451,31.191223,21.27063,1.9166224,3685512.8,0.00025431317,0.0,8.220451,4812.098854166667,5628.66,3629.16,96,2015,8,Summer,2,0
2015-08-06,26.544304,32.768524,20.66504,1.4881158,3822801.0,0.0,0.0,8.544304,4912.1396875,5682.32,3623.73,96,2015,8,Summer,3,0
2015-08-07,27.399475,33.87146,21.577179,1.6512895,3622925.0,0.0012397766,0.0,9.399475,4986.442083333333,5797.4,3754.06,96,2015,8,Summer,4,0
2015-08-08,27.971916,34.75461,22.338165,2.0738764,3568251.8,0.0,0.0,9.971916,4716.809166666667,5397.21,3708.1,96,2015,8,Summer,5,1
2015-08-09,27.167755,33.614014,21.747894,1.9501461,2890338.0,0.0,0.0,9.167755,4253.927395833333,4930.41,3404.79,96,2015,8,Summer,6,1
2015-08-10,26.946152,34.105225,21.235352,1.1912239,3464827.8,0.0,0.0,8.946152,4914.168229166667,5744.1,3436.63,96,2015,8,Summer,0,0
2015-08-11,26.551918,34.35672,20.181213,0.9155507,3164676.2,0.0,0.0,8.551918,5024.1921875,5834.4,3772.78,96,2015,8,Summer,1,0
2015-08-12,27.765343,35.78055,21.167969,1.2043388,3410346.8,0.0,0.0,9.765343,5115.227916666667,5958.78,3798.11,96,2015,8,Summer,2,0
2015-08-13,27.813332,34.79669,22.68518,1.6841133,3592123.8,0.35800934,0.0,9.813332,5174.602916666667,6030.36,3897.4,96,2015,8,Summer,3,0
2015-08-14,28.148094,34.647675,22.796692,2.7374043,3638912.0,0.009854635,0.0,10.148094,5139.8203125,5960.66,3932.84,96,2015,8,Summer,4,0
2015-08-15,27.4152,32.917267,23.404724,1.5523474,2894673.0,0.03830592,0.0,9.415199,4667.568854166667,5312.5,3762.22,96,2015,8,Summer,5,1
2015-08-16,24.807121,29.599579,21.286621,1.2520459,2810790.5,0.7860184,0.0,6.8071213,4231.388958333334,4906.89,3534.76,96,2015,8,Summer,6,1
2015-08-17,20.26429,22.678314,18.875519,2.3644357,1586410.6,4.847399,0.0,2.2642899,4674.291875,5389.38,3511.12,96,2015,8,Summer,0,0
2015-08-18,17.572678,18.534943,16.625427,4.038734,917056.0,4.0136657,0.0,0.0,4539.291145833334,5105.06,3637.55,96,2015,8,Summer,1,0
2015-08-19,17.620659,20.846924,14.96875,2.974002,2106653.8,0.071779884,0.0,0.0,4451.529583333334,5041.63,3520.75,96,2015,8,Summer,2,0
2015-08-20,18.073616,19.822388,17.039948,2.971758,1452283.8,0.6763458,0.0,0.07361603,3650.7276041666664,4050.94,3088.84,96,2015,8,Summer,3,0
2015-08-21,18.521332,22.93341,15.730255,1.8481542,2691464.5,0.006453196,0.0,0.5213318,3833.4740625,4448.92,2964.42,96,2015,8,Summer,4,0
2015-08-22,18.368423,23.238953,15.212097,1.5523547,2909640.8,0.0626564,0.0,0.36842346,3844.9315625,4393.78,3117.71,96,2015,8,Summer,5,1
2015-08-23,18.095024,22.582458,13.877991,2.7184656,2671402.5,0.07241567,0.0,0.09502411,3781.304791666667,4515.13,3051.0,96,2015,8,Summer,6,1
2015-08-24,21.403976,26.75476,16.411407,5.399386,3341644.8,0.0,0.0,3.4039764,4549.3862500000005,5179.81,3191.61,96,2015,8,Summer,0,0
2015-08-25,20.15245,21.18509,18.595673,3.0195806,1761578.6,0.45464835,0.0,2.1524506,4735.083333333333,5316.63,3664.24,96,2015,8,Summer,1,0
2015-08-26,19.434814,25.525635,14.871796,1.7088432,3392093.8,0.0,0.0,1.4348145,4839.833333333333,5452.48,3731.78,96,2015,8,Summer,2,0
2015-08-27,20.84201,27.042938,14.700745,3.249366,3333913.5,0.0,0.0,2.8420105,4918.2889583333335,5508.74,3802.79,96,2015,8,Summer,3,0
2015-08-28,24.119469,30.154816,19.676544,2.3583133,3352627.2,0.0,0.0,6.1194687,5028.087083333333,5715.54,3861.48,96,2015,8,Summer,4,0
2015-08-29,24.29573,31.838623,18.314331,1.3037999,3253329.0,0.0,0.0,6.2957306,4639.591875,5231.43,3804.99,96,2015,8,Summer,5,1
2015-08-30,25.540504,33.27899,19.145233,3.2194877,3255846.5,0.0,0.0,7.5405045,4408.525416666666,5204.13,3574.92,96,2015,8,Summer,6,1
2015-08-31,25.99804,33.362152,20.903625,3.7582154,3240315.8,0.0,0.0,7.9980392,5167.156875,6029.64,3660.17,96,2015,8,Summer,0,0
2015-09-01,25.643799,32.125916,20.913055,3.8198104,3252531.2,0.0,0.0,7.643799,5223.0246875,5977.75,4002.56,96,2015,9,Autumn,1,0
2015-09-02,21.943306,25.369873,19.862976,4.268613,2787827.2,0.016562143,0.0,3.943306,5071.630416666667,5710.77,3965.48,96,2015,9,Autumn,2,0
2015-09-03,19.225586,23.114563,16.172974,1.9956845,2137685.5,0.34313202,0.0,1.2255859,4973.9709375,5592.14,3862.34,96,2015,9,Autumn,3,0
2015-09-04,19.285057,23.21289,16.62149,2.653545,2988561.0,0.05976359,0.0,1.2850571,4845.973958333333,5383.73,3865.57,96,2015,9,Autumn,4,0
2015-09-05,16.36834,18.402435,14.909882,2.5973063,1237303.4,0.490125,0.0,0.0,4332.661875,4875.49,3451.57,96,2015,9,Autumn,5,1
2015-09-06,15.492508,18.53418,14.160004,4.4856834,2598519.5,0.10677973,0.0074920654,0.0,3956.1828124999997,4630.42,3325.93,96,2015,9,Autumn,6,1
2015-09-07,14.128021,17.874817,11.57431,3.9803817,2414109.8,0.042057037,1.3719788,0.0,4572.310625,5303.51,3318.72,96,2015,9,Autumn,0,0
2015-09-08,14.067459,17.986206,11.914795,3.0453513,2283144.8,0.0,1.4325409,0.0,4684.317083333333,5343.73,3668.28,96,2015,9,Autumn,1,0
2015-09-09,13.295601,19.395294,8.942963,2.1182587,2488699.8,0.08401871,2.204399,0.0,4720.401145833333,5433.34,3722.57,96,2015,9,Autumn,2,0
2015-09-10,14.3936615,20.098022,10.850372,2.6672413,1947904.0,0.013860066,1.1063385,0.0,4829.130520833333,5498.09,3764.7,96,2015,9,Autumn,3,0
2015-09-11,14.731621,16.761688,13.117523,1.726107,905058.2,0.04701614,0.7683792,0.0,4823.474375,5385.72,3797.76,96,2015,9,Autumn,4,0
2015-09-12,16.431946,22.27481,12.349701,3.1276748,2659221.2,6.357829e-05,0.0,0.0,4285.511041666667,4880.74,3506.32,96,2015,9,Autumn,5,1
2015-09-13,18.142235,23.924622,14.109924,4.7524195,2854724.2,0.0,0.0,0.1422348,4013.6437499999997,4786.19,3359.94,96,2015,9,Autumn,6,1
2015-09-14,20.65435,24.978424,17.554993,5.443609,1573461.2,0.02854665,0.0,2.6543503,4714.996458333333,5490.99,3419.18,96,2015,9,Autumn,0,0
2015-09-15,20.957542,25.211151,17.550629,2.4847267,1748411.8,0.09794235,0.0,2.9575424,4908.635833333333,5634.86,3793.92,96,2015,9,Autumn,1,0
2015-09-16,23.89347,28.114258,20.02533,6.5083895,2282615.5,0.0012079874,0.0,5.893471,4974.594166666667,5670.79,3839.93,96,2015,9,Autumn,2,0
2015-09-17,26.70871,31.820862,23.078308,7.340602,2720269.0,0.0,0.0,8.70871,5122.703645833333,5806.94,3928.75,96,2015,9,Autumn,3,0
2015-09-18,21.323128,26.48053,17.458344,2.9080822,2567927.5,0.0,0.0,3.3231277,5000.496041666666,5579.52,3933.1,96,2015,9,Autumn,4,0
2015-09-19,18.467613,22.426819,15.8714905,3.946253,2280580.2,1.6210238,0.0,0.46761322,4464.715208333333,5042.87,3582.88,96,2015,9,Autumn,5,1
2015-09-20,17.66455,21.604858,15.762482,5.3195004,2035899.6,0.82683563,0.0,0.0,4058.1984374999997,4769.4,3428.99,96,2015,9,Autumn,6,1
2015-09-21,13.989006,19.41156,11.315399,3.5356886,2089890.1,0.0010172527,1.510994,0.0,4626.4284375,5383.73,3351.77,96,2015,9,Autumn,0,0
2015-09-22,13.640274,21.210175,8.258026,2.6761403,2576849.0,0.0,1.859726,0.0,4753.818645833334,5470.71,3710.49,96,2015,9,Autumn,1,0
2015-09-23,15.409134,21.816162,12.2065735,3.0134735,2313689.5,0.0,0.09086609,0.0,4807.580520833333,5505.58,3757.76,96,2015,9,Autumn,2,0
2015-09-24,15.3601,18.918884,12.543304,6.310634,2016239.0,0.505352,0.13990021,0.0,4842.464895833334,5539.13,3760.72,96,2015,9,Autumn,3,0
2015-09-25,14.352707,15.750183,13.008331,6.15432,374220.8,3.6667824,1.1472931,0.0,4898.591875,5555.73,3805.86,96,2015,9,Autumn,4,0
2015-09-26,14.19236,15.641052,13.496399,6.0325103,721019.75,0.28886798,1.3076401,0.0,4402.722708333334,5034.15,3497.18,96,2015,9,Autumn,5,1
2015-09-27,13.582466,16.480316,12.350708,4.7449427,1518237.9,0.00015894572,1.9175339,0.0,4049.1981250000003,4803.81,3312.35,96,2015,9,Autumn,6,1
2015-09-28,13.124466,17.420654,9.867615,4.3856487,2056819.2,9.536743e-05,2.375534,0.0,4709.636875,5461.88,3372.43,96,2015,9,Autumn,0,0
2015-09-29,12.117744,16.947327,8.745209,3.4127116,1351654.5,0.0018755596,3.3822556,0.0,4822.8884375,5557.93,3748.96,96,2015,9,Autumn,1,0
2015-09-30,11.173027,14.217712,8.615692,2.8514094,1864307.2,0.0005722046,4.326973,0.0,4878.731666666667,5616.7,3740.63,96,2015,9,Autumn,2,0
2015-10-01,10.2642975,16.520264,6.6501465,2.0530987,2076113.0,0.0,5.2357025,0.0,4847.159375,5616.33,3803.8,96,2015,10,Autumn,3,0
2015-10-02,10.4771805,18.158386,5.440155,2.365459,2322197.2,0.0,5.0228195,0.0,4816.8671875,5485.47,3805.72,96,2015,10,Autumn,4,0
2015-10-03,13.748665,19.425201,9.086182,4.238701,1558651.8,0.3610929,1.7513351,0.0,4387.6007291666665,5115.29,3556.44,96,2015,10,Autumn,5,1
2015-10-04,16.42215,21.240082,13.322845,4.3022704,2016409.6,3.1789146e-05,0.0,0.0,4099.9548958333335,4916.9,3421.12,96,2015,10,Autumn,6,1
2015-10-05,15.03463,18.437408,13.661133,2.3284445,1352682.6,0.22745132,0.46537018,0.0,4788.595,5538.94,3426.48,96,2015,10,Autumn,0,0
2015-10-06,13.82756,18.604767,10.239197,2.6863885,1600576.0,0.08039475,1.6724396,0.0,4904.1085416666665,5616.96,3727.48,96,2015,10,Autumn,1,0
2015-10-07,14.79409,17.006836,13.628296,2.369588,795835.75,0.10175705,0.7059097,0.0,4919.9403125,5661.45,3807.73,96,2015,10,Autumn,2,0
2015-10-08,13.835754,15.550812,12.3013,1.0321465,459746.12,0.5227089,1.6642456,0.0,5012.336354166667,5699.58,3782.99,96,2015,10,Autumn,3,0
2015-10-09,13.278603,14.615662,12.419708,1.0102805,390775.47,0.5261421,2.2213974,0.0,4966.1163541666665,5589.29,3796.22,96,2015,10,Autumn,4,0
2015-10-10,11.839386,13.200806,11.057495,1.8887861,567718.44,0.36134717,3.660614,0.0,4525.041041666666,5149.02,3666.69,96,2015,10,Autumn,5,1
2015-10-11,8.595459,9.863586,7.351074,4.920131,364953.6,2.976513,6.904541,0.0,4299.189583333334,5076.94,3434.66,96,2015,10,Autumn,6,1
2015-10-12,5.1166306,7.0988464,3.4077148,3.5431273,1558327.4,0.1490275,10.383369,0.0,4939.281562499999,5684.28,3498.72,96,2015,10,Autumn,0,0
2015-10-13,5.606964,8.476013,1.5852051,2.8684032,693828.25,0.7750511,9.893036,0.0,5078.046145833333,5797.26,3796.42,96,2015,10,Autumn,1,0
2015-10-14,9.743057,10.7395935,8.998566,3.892181,535624.56,2.5530498,5.7569427,0.0,5151.2612500000005,5831.77,3898.98,96,2015,10,Autumn,2,0
2015-10-15,12.204666,13.619568,10.609558,4.1830916,552994.1,6.6970506,3.2953339,0.0,5172.740208333334,5851.75,3948.11,96,2015,10,Autumn,3,0
2015-10-16,12.128319,12.832611,11.309174,2.7346458,375492.28,0.6291072,3.3716812,0.0,5132.320520833334,5795.4,3945.77,96,2015,10,Autumn,4,0
2015-10-17,9.521431,11.319061,8.065857,1.3346571,1021900.8,0.23587544,5.978569,0.0,4611.721458333333,5258.29,3695.05,96,2015,10,Autumn,5,1
2015-10-18,8.510666,11.632324,5.076355,1.9614979,535244.8,0.11218389,6.989334,0.0,4290.162604166667,5109.85,3477.48,96,2015,10,Autumn,6,1
2015-10-19,9.120682,9.624207,8.377045,2.9408422,235861.33,4.7501884,6.379318,0.0,5037.383020833334,5789.24,3501.93,96,2015,10,Autumn,0,0
2015-10-20,8.395821,10.21225,7.2049866,5.343484,838336.0,1.8486341,7.1041794,0.0,5104.269479166666,5773.08,3882.7,96,2015,10,Autumn,1,0
2015-10-21,8.394142,11.75528,6.3412476,2.867112,857668.25,0.082302086,7.105858,0.0,5066.234895833333,5793.65,3901.97,96,2015,10,Autumn,2,0
2015-10-22,8.07309,12.22876,6.246582,2.6763334,1073007.0,0.010840098,7.4269104,0.0,4999.208645833333,5620.52,3905.6,96,2015,10,Autumn,3,0
2015-10-23,9.399902,13.643738,5.7802124,2.855431,706257.06,0.00521342,6.1000977,0.0,4195.940729166667,4851.84,3528.95,96,2015,10,Autumn,4,0
2015-10-24,7.896637,14.55307,3.3562317,1.9505212,1697937.0,3.1789146e-05,7.603363,0.0,4324.362916666667,5133.92,3330.05,96,2015,10,Autumn,5,1
2015-10-25,8.088165,12.732391,4.613312,1.9408734,1313698.1,0.0,7.4118347,0.0,4288.6987500000005,5065.67,3424.19,96,2015,10,Autumn,6,1
2015-10-26,9.170311,13.8671875,5.009094,1.6984656,1459677.9,0.002892812,6.329689,0.0,4969.940625,5826.81,3608.83,96,2015,10,Autumn,0,0
2015-10-27,9.544655,14.423828,6.8634644,3.61069,1554116.2,0.0016848246,5.955345,0.0,5072.738645833333,5871.66,3890.45,96,2015,10,Autumn,1,0
2015-10-28,8.593002,10.819733,6.4831543,4.370673,964215.44,0.014527639,6.9069977,0.0,5154.89625,5965.75,3965.57,96,2015,10,Autumn,2,0
2015-10-29,8.827202,10.8993225,7.5628357,2.810594,985450.7,0.014654795,6.672798,0.0,5157.300625,5932.64,3954.32,96,2015,10,Autumn,3,0
2015-10-30,8.265099,14.568726,5.1279907,1.3971963,1459366.4,0.0,7.2349014,0.0,5067.834270833334,5809.4,3968.05,96,2015,10,Autumn,4,0
2015-10-31,7.1820984,14.610565,1.9005737,2.0224032,1530888.5,0.0,8.317902,0.0,4526.069166666667,5210.82,3770.57,96,2015,10,Autumn,5,1
2015-11-01,5.471718,12.386566,1.2879639,2.4823513,1573973.2,0.0,10.028282,0.0,4096.7946875,4854.75,3380.26,96,2015,11,Autumn,6,1
2015-11-02,4.6403275,11.620514,-0.19741821,3.3072789,1557401.6,0.0,10.859673,0.0,4923.081979166666,5845.34,3331.71,96,2015,11,Autumn,0,0
2015-11-03,5.750824,12.702576,0.5753174,3.7730308,1551172.2,0.00012715659,9.749176,0.0,5143.3978125,5948.0,3948.66,96,2015,11,Autumn,1,0
2015-11-04,5.79525,10.610962,1.7585449,1.8264208,1440729.6,0.0,9.70475,0.0,5156.05875,5991.07,3990.99,96,2015,11,Autumn,2,0
2015-11-05,4.3380966,9.649414,0.5544739,1.5382364,1450624.0,0.0,11.161903,0.0,5233.8528125,6042.63,4037.04,96,2015,11,Autumn,3,0
2015-11-06,4.628151,9.91803,0.94259644,1.1515937,1343944.5,0.0,10.871849,0.0,5227.501979166666,5972.77,4067.69,96,2015,11,Autumn,4,0
2015-11-07,8.819962,14.566132,3.8730164,1.4679348,962222.94,0.0031153362,6.6800385,0.0,4765.001041666666,5430.36,3900.4,96,2015,11,Autumn,5,1
2015-11-08,13.355904,20.19513,9.98877,1.933017,1244036.2,0.0011761984,2.1440964,0.0,4386.512291666667,5065.59,3561.9,96,2015,11,Autumn,6,1
2015-11-09,10.623917,14.301758,6.708313,2.122176,509056.0,0.01449585,4.8760834,0.0,5057.21375,5878.79,3554.34,96,2015,11,Autumn,0,0
2015-11-10,15.922417,19.35263,13.993225,2.974586,976247.44,0.0,0.0,0.0,5110.8059375,5907.7,3883.27,96,2015,11,Autumn,1,0
2015-11-11,15.294548,19.417328,13.300415,2.9032235,1040904.5,0.0,0.20545197,0.0,5050.87625,5846.15,3891.76,96,2015,11,Autumn,2,0
2015-11-12,11.154381,17.555176,6.583252,2.4381282,1297595.8,0.0,4.345619,0.0,5027.919375,5828.14,3841.55,96,2015,11,Autumn,3,0
2015-11-13,8.018387,13.733154,4.0942383,2.0006788,1223867.8,0.0,7.481613,0.0,5002.2584375,5821.92,3855.83,96,2015,11,Autumn,4,0
2015-11-14,9.474884,12.940552,6.7440186,3.7361958,1177996.9,0.0,6.025116,0.0,4611.860416666666,5322.62,3740.28,96,2015,11,Autumn,5,1
2015-11-15,8.111862,9.4062805,7.2267456,3.1632109,198374.39,0.63330334,7.388138,0.0,4413.880104166667,5129.55,3492.69,96,2015,11,Autumn,6,1
2015-11-16,13.092209,16.939514,9.851379,3.160345,1094557.9,0.013160706,2.4077911,0.0,4973.8428125,5833.33,3558.76,96,2015,11,Autumn,0,0
2015-11-17,9.31665,13.2855835,5.530121,1.4475683,614681.6,0.040753685,6.1833496,0.0,5020.654791666667,5805.86,3836.66,96,2015,11,Autumn,1,0
2015-11-18,12.828903,18.931824,9.992432,2.8187165,1163805.9,0.0,2.6710968,0.0,5053.0134375,5856.94,3837.56,96,2015,11,Autumn,2,0
2015-11-19,9.472214,13.947723,6.520752,2.2578819,999406.94,0.0,6.0277863,0.0,5059.3015625,5882.02,3862.18,96,2015,11,Autumn,3,0
2015-11-20,10.213524,11.297363,8.933228,3.1603136,533862.4,0.10070801,5.286476,0.0,5077.057604166667,5931.54,3881.15,96,2015,11,Autumn,4,0
2015-11-21,7.0627823,11.614532,4.6144714,3.715192,324194.12,0.78360236,8.437218,0.0,4675.869166666666,5378.04,3646.95,96,2015,11,Autumn,5,1
2015-11-22,3.908455,5.2542114,3.0845642,3.8919642,515511.47,0.056521095,11.591545,0.0,4379.503229166667,5057.59,3432.27,96,2015,11,Autumn,6,1
2015-11-23,2.5580368,6.6155396,-0.89764404,2.4763763,1195477.4,0.049845375,12.941963,0.0,5076.6896875,6000.07,3601.13,96,2015,11,Autumn,0,0
2015-11-24,0.24038696,4.4116516,-2.0200195,0.9795599,1165132.8,0.0,15.259613,0.0,5239.1414583333335,6094.76,3959.7,96,2015,11,Autumn,1,0
2015-11-25,-0.2649536,3.15036,-2.688446,2.8266916,1084834.1,0.00012715659,15.764954,0.0,5300.720416666666,6150.25,4038.82,96,2015,11,Autumn,2,0
2015-11-26,0.3374176,3.1347046,-2.6832886,3.2260861,829981.9,0.0046412153,15.162582,0.0,5347.838125,6174.76,4096.9,96,2015,11,Autumn,3,0
2015-11-27,1.6834259,3.3487244,0.122802734,3.140529,546137.6,0.0035921736,13.816574,0.0,5323.472395833333,6147.0,4092.96,96,2015,11,Autumn,4,0
2015-11-28,2.3053818,4.67395,0.23779297,3.576579,612706.1,0.04046758,13.194618,0.0,4908.5234375,5575.63,3980.09,96,2015,11,Autumn,5,1
2015-11-29,5.5143204,8.889618,1.9798889,4.061767,1079232.0,0.008106232,9.98568,0.0,4542.515104166667,5261.6,3658.85,96,2015,11,Autumn,6,1
2015-11-30,7.7669373,11.469818,5.249115,3.092296,740441.6,0.03306071,7.7330627,0.0,5132.845416666666,6022.91,3665.72,96,2015,11,Autumn,0,0
2015-12-01,9.745804,12.75705,7.759491,4.324315,292044.8,0.40067038,5.754196,0.0,5220.673333333333,6082.26,3944.4,96,2015,12,Winter,1,0
2015-12-02,7.551422,10.190002,5.3166504,2.5217538,468091.72,0.6854693,7.948578,0.0,5249.5103125,6017.16,3990.31,96,2015,12,Winter,2,0
2015-12-03,6.5627823,10.519257,4.3642273,1.7452964,870502.4,0.00031789145,8.937218,0.0,5292.759270833333,6092.91,4023.65,96,2015,12,Winter,3,0
2015-12-04,5.0259094,7.1217957,3.5941772,2.7093074,291780.28,0.014654796,10.474091,0.0,5243.651145833333,6001.05,4007.69,96,2015,12,Winter,4,0
2015-12-05,5.237297,9.009613,3.3440247,2.961824,958762.7,0.00111262,10.262703,0.0,4820.848854166667,5495.13,3933.75,96,2015,12,Winter,5,1
2015-12-06,4.121277,4.488159,3.934784,2.9284556,375146.66,0.025113424,11.378723,0.0,4572.733229166667,5225.43,3622.5,96,2015,12,Winter,6,1
2015-12-07,3.2786942,3.7593079,2.5664978,1.2512912,761753.6,0.002002716,12.221306,0.0,5177.2247916666665,6067.67,3620.01,96,2015,12,Winter,0,0
2015-12-08,3.6309814,4.0781555,3.120636,2.0780737,281412.28,0.028387703,11.869019,0.0,5264.306250000001,6080.27,3935.24,96,2015,12,Winter,1,0
2015-12-09,4.0331116,4.153717,3.8779297,2.413012,324966.4,0.14715195,11.466888,0.0,5291.569895833333,6119.47,3942.03,96,2015,12,Winter,2,0
2015-12-10,5.702286,8.290863,3.1428528,3.8776405,366310.4,0.19950868,9.797714,0.0,5272.527083333333,6074.67,3981.31,96,2015,12,Winter,3,0
2015-12-11,0.6419678,4.3074646,-1.2410278,2.727979,964910.94,0.0014305115,14.858032,0.0,5224.545416666667,6020.02,3993.03,96,2015,12,Winter,4,0
2015-12-12,1.7303543,3.8253784,0.12945557,3.050468,577271.44,0.0,13.769646,0.0,4990.720312500001,5719.11,3967.38,96,2015,12,Winter,5,1
2015-12-13,1.4790726,3.0046692,-0.61309814,2.9650278,1001002.7,6.357829e-05,14.020927,0.0,4643.436145833333,5360.06,3750.7,96,2015,12,Winter,6,1
2015-12-14,3.2164307,5.385681,1.0701599,1.6440047,619170.1,0.00012715659,12.283569,0.0,5198.216770833334,6052.64,3704.36,96,2015,12,Winter,0,0
2015-12-15,2.0206223,2.4468079,1.4827881,2.3465252,241710.94,0.009759268,13.479378,0.0,5311.506875,6101.45,3983.57,96,2015,12,Winter,1,0
2015-12-16,2.845642,3.7402344,1.953186,0.8553159,397563.72,0.006039937,12.654358,0.0,5246.593541666666,6049.0,3996.22,96,2015,12,Winter,2,0
2015-12-17,2.2050247,2.502533,1.9017029,3.988427,191389.86,0.11854172,13.294975,0.0,5252.476979166667,6030.48,3939.95,96,2015,12,Winter,3,0
2015-12-18,2.3458328,2.5966797,1.9287415,1.9924016,715387.75,0.004196167,13.154167,0.0,5019.440208333333,5723.81,3896.39,96,2015,12,Winter,4,0
2015-12-19,3.861496,5.4667053,2.47641,1.0648302,691938.1,0.003306071,11.638504,0.0,4592.211354166667,5326.08,3606.04,96,2015,12,Winter,5,1
2015-12-20,4.00264,4.299988,3.6716003,3.7090845,380808.53,0.02784729,11.49736,0.0,4452.483333333334,5171.24,3431.58,96,2015,12,Winter,6,1
2015-12-21,3.1868896,3.8872986,2.7734985,2.5051043,441224.53,0.024954477,12.31311,0.0,4838.166458333333,5686.81,3493.22,96,2015,12,Winter,0,0
2015-12-22,4.194336,6.8293457,2.2991028,2.3631492,650180.25,0.00041325888,11.305664,0.0,4763.640625,5549.36,3631.13,96,2015,12,Winter,1,0
2015-12-23,3.2708664,6.1814575,1.6183777,1.6063021,741085.9,0.0,12.229134,0.0,4607.7940625,5474.17,3521.26,96,2015,12,Winter,2,0
2015-12-24,3.4223404,5.891205,1.5874023,1.7446606,446830.94,0.001557668,12.07766,0.0,4156.5896875,4808.93,3269.23,96,2015,12,Winter,3,0
2015-12-25,3.5089035,4.74057,2.8876038,1.3810929,723780.25,0.0066121416,11.9910965,0.0,3841.830625,4308.08,3012.92,96,2015,12,Winter,4,0
2015-12-26,2.2177353,4.8807373,0.5083008,1.4851897,893661.9,0.0021616616,13.282265,0.0,3841.438020833333,4370.43,3037.63,96,2015,12,Winter,5,1
2015-12-27,0.05089569,0.9984436,-1.4254761,0.56884974,581504.0,0.00521342,15.449104,0.0,3998.998229166667,4672.96,3045.61,96,2015,12,Winter,6,1
2015-12-28,0.13426208,3.2372131,-1.8880005,0.99965084,835345.06,0.010204315,15.365738,0.0,4323.2465624999995,5073.63,3193.05,96,2015,12,Winter,0,0
2015-12-29,1.2260742,3.045166,0.43722534,1.7404346,457058.12,0.007979075,14.273926,0.0,4338.958229166667,5097.46,3276.44,96,2015,12,Winter,1,0
2015-12-30,0.5250702,2.57901,-2.32547,2.2790496,837085.9,0.036621094,14.97493,0.0,4380.8103125,5173.86,3326.76,96,2015,12,Winter,2,0
2015-12-31,-3.7481232,-0.40060425,-6.182434,3.5260026,783799.44,0.0,19.248123,0.0,4301.7804166666665,5076.68,3369.91,96,2015,12,Winter,3,0
2016-01-01,-3.7069397,-2.0009155,-5.3010254,1.4802227,279445.34,0.13055801,19.20694,0.0,4013.785625,4637.18,3362.25,96,2016,1,Winter,4,0
2016-01-02,-2.9813156,-2.543396,-3.5610046,3.389694,317755.72,0.1479149,18.481316,0.0,4367.2546875,5085.39,3297.42,96,2016,1,Winter,5,1
2016-01-03,-5.417267,-4.884552,-5.963867,3.418155,486647.47,0.11081695,20.917267,0.0,4423.403645833333,5200.75,3450.63,96,2016,1,Winter,6,1
2016-01-04,-7.495392,-7.25412,-7.7440796,4.3614163,454984.53,0.30854544,22.995392,0.0,5249.28625,6072.67,3664.79,96,2016,1,Winter,0,0
2016-01-05,-5.7859116,-3.9323425,-7.9656982,2.6002936,1059767.5,0.012302399,21.285912,0.0,5403.8748958333335,6185.31,4108.35,96,2016,1,Winter,1,0
2016-01-06,-2.1488113,-1.0613098,-3.119995,2.1836421,431543.47,0.42489368,17.648811,0.0,5433.7278125,6171.97,4137.93,96,2016,1,Winter,2,0
2016-01-07,-1.1699219,1.5487976,-2.2221985,3.5599995,1102758.4,0.020249685,16.669922,0.0,5336.791145833334,6052.84,4131.74,96,2016,1,Winter,3,0
2016-01-08,-0.29257965,3.63562,-3.0761414,2.1598895,996569.6,0.0027974446,15.79258,0.0,5351.1028125,6041.33,4175.5,96,2016,1,Winter,4,0
2016-01-09,2.142624,2.854065,1.7648315,2.4185412,425002.66,0.412782,13.357376,0.0,4947.2209375,5588.87,4004.95,96,2016,1,Winter,5,1
2016-01-10,1.5300598,2.354187,1.125946,1.6803063,525102.94,1.4366468,13.96994,0.0,4632.9321875,5269.4,3711.46,96,2016,1,Winter,6,1
2016-01-11,5.3045197,9.041382,2.1582947,3.2650037,674227.2,2.2955258,10.19548,0.0,5187.0199999999995,5955.63,3745.81,96,2016,1,Winter,0,0
2016-01-12,6.005455,8.254791,4.5838013,3.3926332,790126.94,0.12645721,9.494545,0.0,5162.8428125,5905.49,3940.24,96,2016,1,Winter,1,0
2016-01-13,4.491722,8.014587,2.0194702,3.2364306,1106636.8,0.02708435,11.008278,0.0,5216.739270833333,5966.37,4005.86,96,2016,1,Winter,2,0
2016-01-14,3.801834,6.5829163,1.8041077,3.1913724,1139660.8,0.03299713,11.698166,0.0,5239.607395833334,5979.46,4025.43,96,2016,1,Winter,3,0
2016-01-15,3.151558,4.6150513,2.0866394,3.1161442,654237.9,0.07130305,12.348442,0.0,5303.037916666667,5987.08,4066.84,96,2016,1,Winter,4,0
2016-01-16,0.83293915,2.6315918,-0.22982788,4.3220086,854894.94,0.016244251,14.667061,0.0,4850.8985416666665,5487.31,3984.29,96,2016,1,Winter,5,1
2016-01-17,-2.1134415,0.16760254,-4.038849,4.1301794,1120571.8,0.0013351442,17.613441,0.0,4622.795729166667,5326.54,3707.3,96,2016,1,Winter,6,1
2016-01-18,-3.8516312,-0.6654968,-5.515381,3.2924922,1144038.4,0.0017166138,19.351631,0.0,5294.683645833334,6085.6,3818.66,96,2016,1,Winter,0,0
2016-01-19,-5.1956406,-1.9284058,-8.277924,2.2545805,853563.75,0.025304157,20.69564,0.0,5469.465208333334,6192.56,4203.67,96,2016,1,Winter,1,0
2016-01-20,-2.7650833,0.058807373,-5.3000793,2.292323,1016473.6,0.018405912,18.265083,0.0,5460.598020833333,6176.27,4236.56,96,2016,1,Winter,2,0
2016-01-21,-1.7571182,-0.35708618,-2.8764648,3.5157566,1250171.8,0.08112589,17.257118,0.0,5462.777604166667,6182.74,4233.86,96,2016,1,Winter,3,0
2016-01-22,-5.8606873,-1.0149536,-9.301361,1.6263342,1299575.5,0.0,21.360687,0.0,5462.3215625,6172.82,4278.75,96,2016,1,Winter,4,0
2016-01-23,-5.203743,-2.0416565,-7.8902283,3.1741211,703155.2,0.53259534,20.703743,0.0,5105.351354166666,5712.51,4225.66,96,2016,1,Winter,5,1
2016-01-24,0.44922638,4.343231,-3.2539978,2.0622349,713651.2,0.24108887,15.050774,0.0,4765.003229166667,5408.48,3913.04,96,2016,1,Winter,6,1
2016-01-25,0.89723206,2.253296,-0.70565796,2.2731893,184115.2,0.7359823,14.602768,0.0,5441.8221875,6197.7,3933.53,96,2016,1,Winter,0,0
2016-01-26,4.598648,8.906921,1.5057068,1.3168244,1147584.0,0.0021616616,10.901352,0.0,5402.4396875,6067.09,4159.45,96,2016,1,Winter,1,0
2016-01-27,2.9631042,5.8093567,0.62390137,1.8739662,1179933.9,0.008869171,12.536896,0.0,5397.727291666667,6076.38,4142.69,96,2016,1,Winter,2,0
2016-01-28,5.691681,10.622284,2.5820007,2.1327152,1288516.2,0.0,9.808319,0.0,5301.7490625,5963.96,4129.4,96,2016,1,Winter,3,0
2016-01-29,4.963661,7.1460876,3.7369995,1.2618504,649006.94,0.07301966,10.536339,0.0,5251.614791666667,5872.82,4061.73,96,2016,1,Winter,4,0
2016-01-30,4.3446503,6.956604,1.1246948,3.3470597,850274.1,0.0010172527,11.15535,0.0,4793.595416666666,5362.76,3933.46,96,2016,1,Winter,5,1
2016-01-31,6.1014023,7.114197,4.769745,3.2809305,588249.6,0.5956332,9.398598,0.0,4507.010729166667,5165.9,3611.29,96,2016,1,Winter,6,1
2016-02-01,6.82444,9.77594,3.7000122,3.2069073,223594.67,1.3055166,8.67556,0.0,5156.15875,5879.53,3700.7,96,2016,2,Winter,0,0
2016-02-02,7.789551,10.434448,5.7266846,1.7120706,775547.75,0.0,7.710449,0.0,5170.575,5846.29,3965.99,96,2016,2,Winter,1,0
2016-02-03,6.217209,8.5816345,3.3197937,2.073436,254532.27,1.982975,9.282791,0.0,5249.5340625,5961.8,3997.13,96,2016,2,Winter,2,0
2016-02-04,4.2639313,6.5926514,3.0197144,5.14237,979703.44,0.025240581,11.236069,0.0,5217.433541666666,5901.59,4028.16,96,2016,2,Winter,3,0
2016-02-05,3.293419,6.0959167,1.8281555,3.2287555,1360230.4,0.40251413,12.206581,0.0,5185.728645833334,5816.56,4036.67,96,2016,2,Winter,4,0
2016-02-06,4.5144043,8.9210205,0.5228882,3.5428748,1502212.2,0.0,10.985596,0.0,4713.51,5262.96,3935.16,96,2016,2,Winter,5,1
2016-02-07,7.9629364,11.994141,4.3430786,7.1345663,1467447.5,0.0,7.5370636,0.0,4419.165520833333,5122.28,3599.7,96,2016,2,Winter,6,1
2016-02-08,9.40612,11.554443,6.835846,5.6591945,554837.3,0.56842166,6.0938797,0.0,5105.805104166667,5798.86,3648.92,96,2016,2,Winter,0,0
2016-02-09,10.746002,13.021301,7.256836,5.737306,1103872.0,0.0030517578,4.753998,0.0,5116.6521875,5774.45,3951.74,96,2016,2,Winter,1,0
2016-02-10,6.3443756,11.474731,3.8387146,5.581745,371912.53,3.9303145,9.155624,0.0,5288.998854166667,5962.87,3970.33,96,2016,2,Winter,2,0
2016-02-11,4.295532,8.008331,2.8374634,3.3193498,1479552.0,0.050576527,11.204468,0.0,5201.061979166667,5860.64,3973.24,96,2016,2,Winter,3,0
2016-02-12,2.966423,6.7042847,-0.010437012,3.22893,1019822.94,0.08862813,12.533577,0.0,5155.4678125,5803.45,4051.62,96,2016,2,Winter,4,0
2016-02-13,3.8947601,4.4584045,3.158142,2.2944987,455637.34,1.9965172,11.60524,0.0,4783.1771875,5466.29,3906.89,96,2016,2,Winter,5,1
2016-02-14,6.1209106,9.74231,2.9141235,4.098874,1022400.0,0.8956274,9.379089,0.0,4443.744270833334,5137.82,3651.79,96,2016,2,Winter,6,1
2016-02-15,7.201195,8.176849,6.40921,3.4474587,286916.28,0.9273211,8.298805,0.0,5118.463854166667,5826.58,3637.72,96,2016,2,Winter,0,0
2016-02-16,6.259346,7.3468018,5.2240295,3.905333,1239133.9,0.20885468,9.240654,0.0,5194.393333333333,5810.64,3967.78,96,2016,2,Winter,1,0
2016-02-17,5.5147247,6.9660034,4.0575867,3.3196979,679650.1,0.39281845,9.985275,0.0,5212.501041666666,5877.58,4001.24,96,2016,2,Winter,2,0
2016-02-18,6.592621,8.886353,5.1048584,1.7315469,657600.0,0.25345483,8.907379,0.0,5207.615208333334,5857.08,4019.64,96,2016,2,Winter,3,0
2016-02-19,4.407547,5.790558,3.3660889,3.7338965,541384.56,1.8164,11.092453,0.0,5248.051979166667,5887.63,4055.63,96,2016,2,Winter,4,0
2016-02-20,5.3295975,7.9656982,2.691101,3.453568,1614899.2,0.026194256,10.170403,0.0,4701.106145833333,5282.76,3931.99,96,2016,2,Winter,5,1
2016-02-21,7.2840805,9.928467,4.600891,4.126832,367283.22,1.6990662,8.2159195,0.0,4440.9315625,5118.52,3580.76,96,2016,2,Winter,6,1
2016-02-22,10.546982,15.082733,6.342804,3.6487792,1801749.4,0.0,4.953018,0.0,4893.880520833333,5636.14,3599.42,96,2016,2,Winter,0,0
2016-02-23,10.1512985,12.530151,8.540588,2.384265,855953.06,0.2486229,5.3487015,0.0,5097.5471875,5728.1,3866.11,96,2016,2,Winter,1,0
2016-02-24,4.5828476,7.4315796,2.9987183,4.3074503,1412748.9,0.6507556,10.917152,0.0,5089.9353125,5763.52,3933.16,96,2016,2,Winter,2,0
2016-02-25,2.3503647,3.986267,0.12432861,3.0487378,799129.6,0.26852292,13.149635,0.0,5183.053229166667,5834.71,3978.28,96,2016,2,Winter,3,0
2016-02-26,3.1252594,5.793518,0.84259033,2.4232097,1948288.0,0.028292337,12.374741,0.0,5085.5290625,5685.16,3968.77,96,2016,2,Winter,4,0
2016-02-27,2.5522385,6.8828125,-1.3204956,4.025323,955844.3,0.00050862634,12.947762,0.0,4619.480208333333,5212.47,3852.18,96,2016,2,Winter,5,1
2016-02-28,6.6277847,9.527313,3.8009949,4.135768,1316625.0,0.002670288,8.872215,0.0,4331.173020833333,5036.52,3520.91,96,2016,2,Winter,6,1
2016-02-29,7.7033844,8.472076,6.8783264,3.8231483,678323.2,1.9874256,7.7966156,0.0,5016.1684374999995,5688.32,3587.18,96,2016,2,Winter,0,0
2016-03-01,4.9407043,6.43869,3.9585876,5.5650735,844812.8,1.6349791,10.559296,0.0,5169.847708333334,5829.11,3871.51,96,2016,3,Spring,1,0
2016-03-02,4.888275,8.513062,0.39926147,3.0466206,1214237.9,0.00015894572,10.611725,0.0,5080.4939583333335,5771.32,3971.63,96,2016,3,Spring,2,0
2016-03-03,4.9258957,5.5179443,4.2988586,3.37159,655330.1,0.6660779,10.574104,0.0,5113.186458333334,5794.22,3972.22,96,2016,3,Spring,3,0
2016-03-04,5.0663757,8.424744,3.5758057,5.67574,1508522.8,0.4270236,10.433624,0.0,5069.1275,5709.3,3969.32,96,2016,3,Spring,4,0
2016-03-05,6.5689926,10.858612,2.3391418,6.6449127,1892945.1,0.0,8.931007,0.0,4837.465833333334,5352.61,3920.8,96,2016,3,Spring,5,1
2016-03-06,7.773041,9.59848,6.3573914,3.679884,1597777.0,0.5144119,7.726959,0.0,4418.4470833333335,5088.92,3625.65,96,2016,3,Spring,6,1
2016-03-07,4.9401474,5.467621,3.888855,3.1607893,728473.6,0.5603155,10.559853,0.0,5079.462916666666,5770.81,3630.57,96,2016,3,Spring,0,0
2016-03-08,4.4355774,6.6953125,2.9021606,2.102028,1033736.5,0.11138916,11.064423,0.0,5119.927083333333,5779.9,3943.93,96,2016,3,Spring,1,0
2016-03-09,3.5602264,7.783478,-0.0065307617,1.659727,1780253.9,0.0,11.939774,0.0,5080.955833333333,5819.7,4003.59,96,2016,3,Spring,2,0
2016-03-10,5.789833,11.787872,0.8597107,3.664898,1626717.9,0.036176044,9.710167,0.0,5071.161041666667,5722.49,3971.0,96,2016,3,Spring,3,0
2016-03-11,7.456627,9.369019,6.284668,5.1685724,1088200.5,0.32968524,8.043373,0.0,4997.856666666667,5644.77,3921.32,96,2016,3,Spring,4,0
2016-03-12,7.025902,8.625336,5.5462646,3.7451243,1152537.6,0.14406839,8.474098,0.0,4576.069166666667,5153.79,3804.66,96,2016,3,Spring,5,1
2016-03-13,7.2429276,9.843994,4.9921875,3.7266984,1484189.9,0.19321443,8.257072,0.0,4208.549895833333,4817.28,3509.47,96,2016,3,Spring,6,1
2016-03-14,5.2678833,9.102081,1.207428,3.646934,2448345.8,0.000445048,10.232117,0.0,4198.540729166666,4913.94,3434.02,96,2016,3,Spring,0,0
2016-03-15,2.987526,4.167938,2.0899658,3.8715677,1235114.6,0.9378115,12.512474,0.0,4165.172604166667,4892.62,3328.19,96,2016,3,Spring,1,0
2016-03-16,4.586632,7.700989,2.2786255,2.698665,1013435.7,0.46943024,10.913368,0.0,4933.945,5752.04,3395.82,96,2016,3,Spring,2,0
2016-03-17,5.25119,10.929779,0.848114,1.234863,1543458.1,0.00012715659,10.24881,0.0,5022.736770833333,5745.41,3997.49,96,2016,3,Spring,3,0
2016-03-18,6.186615,12.783905,0.6088867,2.5664883,2527778.0,0.0,9.313385,0.0,4990.529895833333,5644.01,3997.48,96,2016,3,Spring,4,0
2016-03-19,7.0021057,9.695496,4.0839233,3.1155262,1444748.8,0.002638499,8.497894,0.0,4625.219895833333,5250.03,3844.63,96,2016,3,Spring,5,1
2016-03-20,6.5219803,11.059845,3.3555908,1.5810891,1618965.2,0.037320454,8.97802,0.0,4308.576666666667,5087.33,3580.25,96,2016,3,Spring,6,1
2016-03-21,7.182686,10.7942505,3.5229492,2.6736329,1516480.0,0.014368693,8.317314,0.0,4909.418020833334,5704.12,3596.31,96,2016,3,Spring,0,0
2016-03-22,7.3445206,10.366913,6.053253,2.8790662,2077252.2,0.15118916,8.155479,0.0,5006.47125,5731.05,3889.84,96,2016,3,Spring,1,0
2016-03-23,5.466591,9.536896,2.1210327,2.9016347,1971754.8,0.043137867,10.033409,0.0,5081.704791666666,5711.62,3918.52,96,2016,3,Spring,2,0
2016-03-24,6.496956,9.424408,4.214966,5.125191,2327227.8,0.12413661,9.003044,0.0,5019.645208333333,5676.2,3908.84,96,2016,3,Spring,3,0
2016-03-25,5.678711,10.326019,1.6663208,1.9167219,1872354.1,0.052992504,9.821289,0.0,4976.501875,5596.76,3967.44,96,2016,3,Spring,4,0
2016-03-26,7.791481,9.184937,6.4628906,2.9487224,1040755.25,0.34122467,7.708519,0.0,4543.603541666666,5121.3,3747.68,96,2016,3,Spring,5,1
2016-03-27,7.508072,13.303253,2.1965637,2.834619,2233881.5,0.000222524,7.991928,0.0,3940.0159375,4516.88,3414.8,96,2016,3,Spring,6,1
2016-03-28,9.50312,13.978729,5.885498,3.3985906,2391569.0,0.0178655,5.9968796,0.0,3835.9461458333335,4575.1,3215.5,96,2016,3,Spring,0,0
2016-03-29,9.774658,13.818817,6.8446045,1.953536,1547780.4,0.49962994,5.725342,0.0,4817.874791666666,5522.16,3293.23,96,2016,3,Spring,1,0
2016-03-30,11.395012,16.037231,6.554138,3.700015,1944029.9,0.0012715658,4.104988,0.0,4925.108958333333,5550.18,3870.43,96,2016,3,Spring,2,0
2016-03-31,14.866722,20.793701,9.999054,3.8484755,2767470.8,0.0,0.6332779,0.0,4835.815,5478.18,3891.46,96,2016,3,Spring,3,0
2016-04-01,15.057449,18.145294,9.772522,6.638813,2774681.5,0.026194256,0.44255066,0.0,4780.6515625,5334.89,3764.11,96,2016,4,Spring,4,0
2016-04-02,9.529839,13.368622,6.0948486,2.9783933,1981529.6,0.0,5.9701614,0.0,4346.414375,4976.37,3585.95,96,2016,4,Spring,5,1
2016-04-03,12.923798,18.896973,7.7005005,4.354675,3129523.2,0.0,2.5762024,0.0,4040.2786458333335,4864.02,3373.93,96,2016,4,Spring,6,1
2016-04-04,17.616455,23.652771,12.825867,4.427706,3115767.5,0.0,0.0,0.0,4663.881145833334,5364.92,3418.89,96,2016,4,Spring,0,0
2016-04-05,17.88195,24.319122,13.420258,3.402593,3146517.2,0.0,0.0,0.0,4689.245104166666,5347.31,3670.83,96,2016,4,Spring,1,0
2016-04-06,15.976982,20.400116,13.749939,4.42335,3049246.0,0.0,0.0,0.0,4691.458645833333,5342.88,3693.7,96,2016,4,Spring,2,0
2016-04-07,15.168045,20.302795,11.263275,1.8785082,2680059.8,0.0,0.33195496,0.0,4716.717604166667,5339.53,3687.54,96,2016,4,Spring,3,0
2016-04-08,11.607574,12.614166,10.227905,4.5920906,1981913.5,1.9051234,3.8924255,0.0,4764.570624999999,5268.05,3686.81,96,2016,4,Spring,4,0
2016-04-09,8.685013,9.421082,8.221771,5.2238865,922116.25,0.26629764,6.814987,0.0,4336.4053125,4899.59,3505.67,96,2016,4,Spring,5,1
2016-04-10,9.043312,10.691345,7.6937866,5.494894,777164.8,0.012429555,6.456688,0.0,4100.091770833334,4819.72,3333.73,96,2016,4,Spring,6,1
2016-04-11,9.983795,13.3559265,7.186035,3.0660276,1955200.0,0.00031789145,5.516205,0.0,4682.953541666667,5321.75,3431.47,96,2016,4,Spring,0,0
2016-04-12,11.498985,17.799591,7.088135,1.1942275,2112098.0,0.011698405,4.0010147,0.0,4711.073645833333,5326.64,3719.94,96,2016,4,Spring,1,0
2016-04-13,13.624275,20.9552,6.7496033,1.9258494,3061218.2,0.06548564,1.8757248,0.0,4728.760208333333,5353.17,3726.0,96,2016,4,Spring,2,0
2016-04-14,13.052025,15.201569,11.97403,5.224311,1782788.2,0.6676356,2.4479752,0.0,4771.174895833333,5357.97,3712.53,96,2016,4,Spring,3,0
2016-04-15,12.93853,18.107971,8.406982,3.474207,1962240.0,0.0048319497,2.56147,0.0,4713.822604166667,5216.77,3788.38,96,2016,4,Spring,4,0
2016-04-16,16.31511,22.7034,10.0390625,4.812973,3470976.0,0.0,0.0,0.0,4276.3359375,4821.67,3477.1,96,2016,4,Spring,5,1
2016-04-17,18.57132,22.645142,14.60965,6.667861,2992217.8,0.0008583069,0.0,0.5713196,4001.9908333333333,4753.0,3253.51,96,2016,4,Spring,6,1
2016-04-18,13.269089,14.922424,12.436462,3.7245305,2370726.2,0.070126854,2.2309113,0.0,4636.8298958333335,5283.33,3320.7,96,2016,4,Spring,0,0
2016-04-19,12.17672,15.91803,9.711792,5.0032406,3312964.2,0.0036239624,3.3232803,0.0,4697.750208333334,5266.68,3651.1,96,2016,4,Spring,1,0
2016-04-20,11.121681,14.037109,9.190338,4.322006,3160196.2,0.0,4.378319,0.0,4768.100104166667,5354.69,3739.52,96,2016,4,Spring,2,0
2016-04-21,10.877167,17.582764,3.9417725,1.7689863,3786841.5,0.0,4.6228333,0.0,4767.384270833333,5341.64,3834.68,96,2016,4,Spring,3,0
2016-04-22,13.588417,19.986877,8.648041,2.3932397,3787580.0,0.0,1.911583,0.0,4704.879270833333,5202.24,3781.07,96,2016,4,Spring,4,0
2016-04-23,13.539085,19.567719,9.86145,1.5246848,3063018.5,0.2521515,1.9609146,0.0,4282.5265625,4793.35,3541.72,96,2016,4,Spring,5,1
2016-04-24,8.481483,11.072784,5.4451904,6.0093217,2271641.8,0.2801895,7.0185165,0.0,4199.538333333333,4733.73,3424.65,96,2016,4,Spring,6,1
2016-04-25,6.838791,9.152191,5.111664,5.086794,2474858.5,0.07139842,8.661209,0.0,4804.907291666666,5391.05,3426.31,96,2016,4,Spring,0,0
2016-04-26,8.687843,14.75177,2.298645,3.7967777,3940855.5,0.018088024,6.8121567,0.0,4813.8984375,5391.07,3823.08,96,2016,4,Spring,1,0
2016-04-27,6.9990463,9.941162,4.3801575,3.1535308,1410726.4,1.262792,8.500954,0.0,5002.957708333333,5543.13,3847.44,96,2016,4,Spring,2,0
2016-04-28,5.3024826,8.819672,1.6052856,1.9629467,2178794.5,0.0067710876,10.197517,0.0,4912.801979166667,5423.48,3921.65,96,2016,4,Spring,3,0
2016-04-29,8.420044,14.668762,2.4315186,1.6844707,4007987.2,0.0,7.079956,0.0,4831.313020833333,5312.74,3920.53,96,2016,4,Spring,4,0
2016-04-30,11.131859,18.335388,3.702423,2.0905883,4050120.5,0.0,4.368141,0.0,4220.411979166666,4679.25,3507.97,96,2016,4,Spring,5,1
2016-05-01,12.7701645,17.020386,7.880829,3.095782,2173965.0,1.0873795,2.7298355,0.0,3866.533645833333,4534.46,3219.32,96,2016,5,Spring,6,1
2016-05-02,13.296593,15.849884,11.699097,2.314555,2042333.9,2.1829286,2.2034073,0.0,4686.889479166667,5269.51,3261.22,96,2016,5,Spring,0,0
2016-05-03,13.295914,16.102936,11.333282,4.214587,2688947.2,0.48475266,2.2040863,0.0,4774.201145833334,5253.68,3709.33,96,2016,5,Spring,1,0
2016-05-04,11.603691,13.251221,10.892792,6.475709,1864392.5,0.84667206,3.896309,0.0,4716.798333333333,5198.74,3695.44,96,2016,5,Spring,2,0
2016-05-05,13.523338,17.496674,9.84848,4.9701204,3613406.0,0.052197773,1.9766617,0.0,4674.687291666666,5103.98,3670.05,96,2016,5,Spring,3,0
2016-05-06,15.828148,21.437683,11.250916,1.5393386,3595963.8,0.0013033549,0.0,0.0,4700.1715625,5157.92,3714.88,96,2016,5,Spring,4,0
2016-05-07,16.38546,21.899628,11.428284,1.7325091,3829930.5,0.013828278,0.0,0.0,4254.212604166666,4759.41,3490.55,96,2016,5,Spring,5,1
2016-05-08,15.491707,19.463196,11.455933,1.8472251,3644804.2,0.027020773,0.008293152,0.0,4024.516145833333,4678.01,3287.55,96,2016,5,Spring,6,1
2016-05-09,16.00737,21.325531,10.541595,2.302379,3629145.5,0.019200644,0.0,0.0,4587.830729166667,5171.35,3361.06,96,2016,5,Spring,0,0
2016-05-10,14.315277,15.866547,13.274933,3.6997077,1985390.9,1.1208534,1.1847229,0.0,4775.460625000001,5265.85,3676.3,96,2016,5,Spring,1,0
2016-05-11,15.219536,17.600342,12.642395,2.3745322,2057506.1,0.24716058,0.28046417,0.0,4736.269270833333,5217.73,3702.13,96,2016,5,Spring,2,0
2016-05-12,14.944527,16.799622,13.902893,3.1030917,1257570.1,2.9454231,0.5554733,0.0,4828.106770833333,5355.15,3733.64,96,2016,5,Spring,3,0
2016-05-13,15.26413,19.27832,13.183868,3.3355865,2830758.5,0.5726814,0.23587036,0.0,4653.058958333333,5106.05,3711.48,96,2016,5,Spring,4,0
2016-05-14,14.950264,17.095001,13.344452,3.3762631,1639381.4,1.5591304,0.549736,0.0,4224.302604166666,4806.6,3445.31,96,2016,5,Spring,5,1
2016-05-15,11.791405,13.316528,9.623047,4.3312583,1668475.6,0.13405482,3.7085953,0.0,3826.1009375,4346.17,3134.95,96,2016,5,Spring,6,1
2016-05-16,9.934395,13.479034,6.0858154,2.58247,4115387.8,0.16918182,5.565605,0.0,3705.7411458333336,4393.73,2978.38,96,2016,5,Spring,0,0
2016-05-17,10.5481415,13.554749,7.321106,2.6132162,3797529.8,0.030549366,4.9518585,0.0,4586.2665625,5163.39,3182.83,96,2016,5,Spring,1,0
2016-05-18,13.243004,16.960968,9.766846,2.0599625,3029841.0,0.011603037,2.2569962,0.0,4746.5,5217.97,3688.5,96,2016,5,Spring,2,0
2016-05-19,15.548119,20.429077,11.892456,3.3682451,4062007.5,0.46984354,0.0,0.0,4727.2028125,5168.31,3741.13,96,2016,5,Spring,3,0
2016-05-20,15.976479,20.70752,11.952087,2.4227057,4171562.8,0.08627574,0.0,0.0,4651.702708333333,5106.53,3734.5,96,2016,5,Spring,4,0
2016-05-21,18.05574,23.01233,12.8160095,1.9710636,3583539.0,0.0017166138,0.0,0.055740356,4219.550625,4707.33,3479.93,96,2016,5,Spring,5,1
2016-05-22,19.378601,25.659271,11.578461,3.2591312,4498991.0,0.0,0.0,1.3786011,3987.5613541666667,4590.92,3200.25,96,2016,5,Spring,6,1
2016-05-23,20.699272,26.218231,15.587891,4.015374,4422302.0,0.0,0.0,2.6992722,4616.90875,5191.8,3293.78,96,2016,5,Spring,0,0
2016-05-24,14.021034,16.310028,11.070404,4.891246,2399436.8,2.7661643,1.4789658,0.0,4688.873854166667,5200.4,3619.16,96,2016,5,Spring,1,0
2016-05-25,17.640388,21.796844,13.519653,5.8537574,3480580.2,0.03042221,0.0,0.0,4717.781979166667,5213.27,3654.72,96,2016,5,Spring,2,0
2016-05-26,18.729118,22.552246,14.639496,3.3778806,3724723.2,0.05362829,0.0,0.72911835,4765.583645833333,5288.2,3749.45,96,2016,5,Spring,3,0
2016-05-27,19.968903,26.073242,13.537506,2.4085157,4007509.5,0.0056902566,0.0,1.9689026,4756.676770833333,5315.04,3752.22,96,2016,5,Spring,4,0
2016-05-28,22.833923,27.516846,18.867493,3.1890633,3955447.5,0.009250641,0.0,4.8339233,4343.0625,4844.54,3596.58,96,2016,5,Spring,5,1
2016-05-29,23.621819,27.741272,20.213806,3.786735,4077491.2,0.26194257,0.0,5.6218185,4144.795208333334,4732.66,3292.01,96,2016,5,Spring,6,1
2016-05-30,21.14415,24.114166,19.223236,3.8431525,4066449.0,0.06745656,0.0,3.1441498,4681.973020833334,5329.16,3339.96,96,2016,5,Spring,0,0
2016-05-31,19.68853,23.411346,16.073547,2.7212036,4149853.8,0.1724561,0.0,1.68853,4726.485,5283.14,3683.85,96,2016,5,Spring,1,0
2016-06-01,18.393944,23.05606,14.361603,2.7331245,3936443.5,0.10662078,0.0,0.3939438,4687.847708333334,5223.74,3652.78,96,2016,6,Summer,2,0
2016-06-02,17.463577,20.55545,14.923065,0.7887669,2448529.2,0.2518972,0.0,0.0,4691.026979166666,5228.11,3674.59,96,2016,6,Summer,3,0
2016-06-03,19.367813,22.690796,15.212006,0.842355,3358954.8,0.09533565,0.0,1.3678131,4655.366458333333,5198.72,3682.69,96,2016,6,Summer,4,0
2016-06-04,19.613945,23.446167,16.231842,0.9662366,2791505.2,0.20414987,0.0,1.613945,4246.551666666667,4790.96,3468.93,96,2016,6,Summer,5,1
2016-06-05,18.978157,22.48407,16.618225,1.4146172,3393327.0,1.5401523,0.0,0.97815704,4040.5152083333337,4587.25,3229.33,96,2016,6,Summer,6,1
2016-06-06,20.455841,25.309021,16.138031,2.4409592,4262673.0,0.021648405,0.0,2.455841,4637.234583333334,5246.24,3356.96,96,2016,6,Summer,0,0
2016-06-07,18.654472,22.358795,14.705963,1.1953207,4013568.2,0.0,0.0,0.65447235,4645.975520833334,5150.76,3643.22,96,2016,6,Summer,1,0
2016-06-08,18.588158,24.001099,12.0448,1.8174341,4213440.0,0.009028116,0.0,0.58815765,4678.6059374999995,5205.34,3643.71,96,2016,6,Summer,2,0
2016-06-09,19.112488,24.275482,14.459961,2.2307394,3448746.8,0.16682942,0.0,1.1124878,4757.447708333333,5303.22,3719.76,96,2016,6,Summer,3,0
2016-06-10,18.68586,21.161407,16.321106,1.931783,3184153.8,0.3030777,0.0,0.6858597,4705.8884375,5280.18,3750.85,96,2016,6,Summer,4,0
2016-06-11,18.60791,23.993622,14.995911,1.684679,3272102.2,1.1570613,0.0,0.60791016,4265.186458333334,4782.15,3479.99,96,2016,6,Summer,5,1
2016-06-12,18.252922,21.05838,16.042938,1.1512419,3154743.5,0.9293874,0.0,0.25292206,4017.7732291666666,4561.12,3224.72,96,2016,6,Summer,6,1
2016-06-13,18.910843,22.15747,15.607605,1.4438642,3171784.5,0.11930466,0.0,0.9108429,4636.487916666667,5255.81,3352.28,96,2016,6,Summer,0,0
2016-06-14,19.701187,23.683014,15.725128,2.7552257,4109350.5,0.0049908953,0.0,1.7011871,4734.589895833334,5279.51,3689.96,96,2016,6,Summer,1,0
2016-06-15,17.649765,19.476898,16.577698,2.5368211,2507345.0,2.7395248,0.0,0.0,4774.966666666666,5350.28,3725.41,96,2016,6,Summer,2,0
2016-06-16,21.191902,26.16217,14.672699,4.3656306,4070455.5,0.001335144,0.0,3.1919022,4865.009166666667,5465.38,3739.61,96,2016,6,Summer,3,0
2016-06-17,22.931686,25.711548,20.532745,4.5006685,4328004.0,0.036557514,0.0,4.9316864,4878.331458333333,5530.86,3833.63,96,2016,6,Summer,4,0
2016-06-18,19.184715,23.784943,14.169128,0.897669,3941649.0,0.005849202,0.0,1.1847153,4313.3992708333335,4832.7,3550.19,96,2016,6,Summer,5,1
2016-06-19,19.745811,23.931366,15.507874,2.2506073,3573567.8,0.020281473,0.0,1.7458115,4118.106875,4616.28,3235.8,96,2016,6,Summer,6,1
2016-06-20,18.9086,21.545715,16.93518,2.617324,2724407.5,0.8543332,0.0,0.90859985,4755.9461458333335,5414.96,3403.23,96,2016,6,Summer,0,0
2016-06-21,20.620483,25.796356,14.328125,1.2598184,4224977.0,0.0035921733,0.0,2.6204834,4886.391145833333,5484.95,3766.43,96,2016,6,Summer,1,0
2016-06-22,23.380013,28.707703,17.182709,1.1109043,4588019.5,0.0,0.0,5.3800125,5058.2584375,5735.31,3813.5,96,2016,6,Summer,2,0
2016-06-23,25.24878,30.696533,18.716614,1.2069156,4552797.5,0.0,0.0,7.2487793,5227.373541666667,5941.97,3954.3,96,2016,6,Summer,3,0
2016-06-24,27.469772,32.924683,21.29007,2.101736,4069964.8,0.0068028765,0.0,9.469772,5324.7501041666665,6118.52,4048.02,96,2016,6,Summer,4,0
2016-06-25,28.136398,32.701233,23.71701,3.2599156,4495283.0,0.022029877,0.0,10.136398,4835.1719791666665,5447.58,3933.91,96,2016,6,Summer,5,1
2016-06-26,22.559616,25.834259,20.064575,3.0480785,3072051.0,3.4626324,0.0,4.559616,4437.164374999999,4936.37,3604.4,96,2016,6,Summer,6,1
2016-06-27,20.04496,21.442444,19.18155,4.6567903,3118438.5,0.05156199,0.0,2.04496,4829.7482291666665,5532.23,3592.68,96,2016,6,Summer,0,0
2016-06-28,20.98841,25.039001,16.403198,4.2259555,3556855.8,0.0,0.0,2.988411,4865.4884375,5485.85,3798.12,96,2016,6,Summer,1,0
2016-06-29,22.863686,28.34201,16.200867,1.665216,4535411.5,0.0,0.0,4.8636856,4953.318958333333,5592.39,3827.85,96,2016,6,Summer,2,0
2016-06-30,24.530067,29.35495,18.96054,2.7436519,4295253.5,0.0,0.0,6.5300674,5047.674375,5765.39,3852.92,96,2016,6,Summer,3,0
2016-07-01,24.45179,28.187744,19.682373,1.6436201,3710690.0,0.06376903,0.0,6.45179,5086.7794791666665,5828.05,3905.99,96,2016,7,Summer,4,0
2016-07-02,25.613297,31.077698,19.14624,2.3312762,4256111.0,0.031407677,0.0,7.6132965,4653.955520833333,5250.33,3815.47,96,2016,7,Summer,5,1
2016-07-03,19.649277,20.585632,18.127197,4.8923163,2052650.8,0.16377766,0.0,1.6492767,4165.932291666667,4648.14,3516.53,96,2016,7,Summer,6,1
2016-07-04,20.358444,24.683624,15.109558,1.9638873,3609122.5,0.0,0.0,2.3584442,4755.4759375,5403.63,3432.69,96,2016,7,Summer,0,0
2016-07-05,22.353783,28.12851,16.111023,2.4206676,3917756.0,0.007756551,0.0,4.3537827,4922.215208333333,5570.93,3789.16,96,2016,7,Summer,1,0
2016-07-06,22.7407,26.121277,19.855194,4.6513567,3949141.5,0.17941794,0.0,4.7407,4923.316145833333,5536.57,3890.26,96,2016,7,Summer,2,0
2016-07-07,20.450027,24.377777,15.743591,2.651563,4132428.8,0.0,0.0,2.4500275,4838.874479166667,5412.97,3819.36,96,2016,7,Summer,3,0
2016-07-08,21.647003,27.300354,14.016022,3.0786846,3510673.0,0.00050862634,0.0,3.6470032,4851.3985416666665,5475.47,3773.56,96,2016,7,Summer,4,0
2016-07-09,24.120926,27.418304,20.5961,4.1071606,3377066.5,0.0061035156,0.0,6.120926,4383.3055208333335,4928.59,3595.16,96,2016,7,Summer,5,1
2016-07-10,24.169075,29.375122,18.032349,1.5356164,4379349.5,0.00050862634,0.0,6.169075,4193.8128125,4781.57,3332.48,96,2016,7,Summer,6,1
2016-07-11,27.000465,32.893097,20.824615,4.134285,4465958.5,0.00012715659,0.0,9.000465,4993.434270833333,5782.54,3469.13,96,2016,7,Summer,0,0
2016-07-12,26.692795,31.844818,23.121887,2.0121963,4002201.8,0.5219141,0.0,8.692795,5209.457291666667,5959.25,3939.22,96,2016,7,Summer,1,0
2016-07-13,22.840546,26.695862,20.541626,2.7773921,3472644.2,0.59804916,0.0,4.8405457,5189.123020833334,5894.72,4029.11,96,2016,7,Summer,2,0
2016-07-14,17.555832,20.698334,13.582825,5.09022,3304746.5,5.077648,0.0,0.0,4818.403333333333,5417.84,3868.96,96,2016,7,Summer,3,0
2016-07-15,17.463211,20.277954,14.157257,5.731718,2513395.2,0.012079875,0.0,0.0,4644.5304166666665,5200.51,3700.4,96,2016,7,Summer,4,0
2016-07-16,15.407677,16.741333,14.683899,7.2824984,562880.0,2.7746837,0.0923233,0.0,4225.306354166666,4838.6,3412.44,96,2016,7,Summer,5,1
2016-07-17,17.108917,19.428986,14.508301,4.8973284,1900369.0,0.80626804,0.0,0.0,3913.639375,4466.77,3211.45,96,2016,7,Summer,6,1
2016-07-18,22.09066,26.294495,17.735321,3.1044064,3592670.0,0.021998089,0.0,4.09066,4526.5853125,5153.35,3242.74,96,2016,7,Summer,0,0
2016-07-19,21.861534,25.805267,18.385345,2.1927812,3537382.5,0.03458659,0.0,3.861534,4638.245104166667,5199.92,3623.13,96,2016,7,Summer,1,0
2016-07-20,22.029114,26.23819,17.851898,2.5638597,3627285.0,6.357829e-05,0.0,4.029114,4720.2273958333335,5311.89,3675.83,96,2016,7,Summer,2,0
2016-07-21,23.308556,28.741333,17.697449,1.1302633,4255833.5,0.0019073486,0.0,5.3085556,4766.500520833333,5382.05,3734.15,96,2016,7,Summer,3,0
2016-07-22,24.14412,28.089539,19.886322,1.1353643,3490581.5,0.99522275,0.0,6.1441193,4784.575,5425.39,3728.5,96,2016,7,Summer,4,0
2016-07-23,24.42717,27.975525,20.713623,1.0862272,3375044.2,1.0632197,0.0,6.42717,4348.043958333333,4938.94,3559.7,96,2016,7,Summer,5,1
2016-07-24,24.840073,28.546753,21.474426,1.6899998,3475520.0,1.8936157,0.0,6.8400726,4118.756875,4742.91,3302.35,96,2016,7,Summer,6,1
2016-07-25,23.396996,25.237091,21.595428,1.456631,3023705.5,1.2812297,0.0,5.3969955,4670.742708333333,5412.77,3389.72,96,2016,7,Summer,0,0
2016-07-26,23.759346,27.867706,21.000916,1.85374,3531643.8,0.13106664,0.0,5.759346,4718.8146875,5450.34,3594.44,96,2016,7,Summer,1,0
2016-07-27,23.456474,27.118073,20.395264,1.163427,3401941.2,0.6763458,0.0,5.4564743,4773.7482291666665,5463.21,3632.62,96,2016,7,Summer,2,0
2016-07-28,21.84388,24.175842,19.981262,2.0774484,2227178.8,1.3335228,0.0,3.8438797,4687.781666666667,5392.73,3677.58,96,2016,7,Summer,3,0
2016-07-29,23.389534,27.986664,19.11438,1.5546842,3478750.0,0.0025113425,0.0,5.389534,4642.2115625,5307.16,3589.79,96,2016,7,Summer,4,0
2016-07-30,24.460419,30.12024,19.30783,1.363929,3619780.5,0.10808309,0.0,6.4604187,4253.529687499999,4773.76,3463.8,96,2016,7,Summer,5,1
2016-07-31,25.093925,30.165222,21.30661,2.7851853,3495210.5,0.4216512,0.0,7.0939255,4063.9509375,4715.75,3210.71,96,2016,7,Summer,6,1
2016-08-01,21.388481,24.336823,19.028534,4.2518954,3827119.2,0.10649363,0.0,3.3884811,4521.4262499999995,5197.6,3276.27,96,2016,8,Summer,0,0
2016-08-02,21.180481,25.470917,17.543915,2.700095,3886122.8,0.0,0.0,3.180481,4558.091458333333,5140.06,3522.29,96,2016,8,Summer,1,0
2016-08-03,22.01558,25.356628,18.77951,2.09669,1962231.5,0.002447764,0.0,4.015579,4604.576145833334,5220.91,3493.42,96,2016,8,Summer,2,0
2016-08-04,24.211746,29.553833,18.899231,3.063774,3596471.5,0.00038146973,0.0,6.211746,4754.791458333333,5446.34,3601.94,96,2016,8,Summer,3,0
2016-08-05,23.137589,29.002045,19.754211,3.913433,3556923.5,1.0849953,0.0,5.1375885,4803.154895833333,5548.45,3668.03,96,2016,8,Summer,4,0
2016-08-06,19.913498,23.611786,17.189941,6.7774286,3013201.0,0.24760564,0.0,1.9134979,4151.6102083333335,4618.94,3365.23,96,2016,8,Summer,5,1
2016-08-07,20.643295,24.63034,17.562012,4.660819,3793105.2,0.0,0.0,2.6432953,3896.460833333333,4521.72,3148.46,96,2016,8,Summer,6,1
2016-08-08,20.249542,25.848175,15.166351,1.1717999,3961075.2,0.0,0.0,2.2495422,4474.415520833333,5113.22,3198.98,96,2016,8,Summer,0,0
2016-08-09,19.998138,27.071564,14.425659,2.4973302,3825395.2,0.031979878,0.0,1.9981384,4600.540416666667,5297.64,3528.38,96,2016,8,Summer,1,0
2016-08-10,15.980949,17.544647,14.385712,4.598293,1361757.8,0.23441315,0.0,0.0,4570.822604166667,5193.92,3550.5,96,2016,8,Summer,2,0
2016-08-11,15.085358,18.303925,12.788361,4.609415,3107959.5,0.01077652,0.41464233,0.0,4508.261145833333,5067.75,3568.95,96,2016,8,Summer,3,0
2016-08-12,14.907181,19.832245,9.613983,2.2512927,2354982.2,9.536743e-05,0.5928192,0.0,4416.445833333333,4929.15,3485.0,96,2016,8,Summer,4,0
2016-08-13,18.666298,21.511139,15.452698,1.5949156,1691818.6,0.049908955,0.0,0.6662979,4086.8604166666664,4593.95,3405.5,96,2016,8,Summer,5,1
2016-08-14,21.315544,27.300354,15.650269,2.1601734,3052181.5,0.00082651776,0.0,3.3155441,3985.0163541666666,4666.55,3204.8,96,2016,8,Summer,6,1
2016-08-15,21.437965,26.189148,19.039734,2.0928478,3199859.0,0.15935898,0.0,3.4379654,4603.415729166666,5294.9,3314.93,96,2016,8,Summer,0,0
2016-08-16,20.270668,25.111725,16.74057,1.1010498,2558489.5,0.034395855,0.0,2.270668,4615.206458333333,5209.75,3577.08,96,2016,8,Summer,1,0
2016-08-17,19.167206,22.413422,16.995392,2.0263538,2639509.2,1.7131168,0.0,1.1672058,4605.8819791666665,5339.76,3639.32,96,2016,8,Summer,2,0
2016-08-18,18.623962,24.104462,13.984009,2.0698202,2902191.0,0.12404124,0.0,0.6239624,4591.536145833333,5133.9,3572.8,96,2016,8,Summer,3,0
2016-08-19,20.109703,24.213684,17.418884,1.1723725,2722090.8,0.33419925,0.0,2.109703,4592.6628125,5220.32,3613.67,96,2016,8,Summer,4,0
2016-08-20,20.917809,26.850464,15.862488,1.7363709,3029167.2,0.0207901,0.0,2.9178085,3832.4763541666666,4307.76,3207.31,96,2016,8,Summer,5,1
2016-08-21,19.715683,20.234009,19.23227,3.566824,1260245.2,0.5415598,0.0,1.715683,3953.4341666666664,4619.71,3118.71,96,2016,8,Summer,6,1
2016-08-22,16.902596,17.81366,16.53888,6.142907,1191688.6,1.8020312,0.0,0.0,4613.7146875,5339.07,3301.14,96,2016,8,Summer,0,0
2016-08-23,19.50779,24.482727,16.045746,4.502226,3469205.2,0.0,0.0,1.5077896,4682.985416666666,5239.04,3621.92,96,2016,8,Summer,1,0
2016-08-24,20.431458,25.651154,16.628113,2.6574726,2705391.0,0.0015258789,0.0,2.4314575,4759.081354166667,5345.87,3681.26,96,2016,8,Summer,2,0
2016-08-25,20.068108,25.924255,15.877655,1.7845984,3238280.5,0.0,0.0,2.0681076,4790.5615625,5359.39,3711.62,96,2016,8,Summer,3,0
2016-08-26,20.320274,26.842407,14.935638,2.2752898,3396539.5,0.0,0.0,2.3202744,4784.374791666666,5384.4,3765.52,96,2016,8,Summer,4,0
2016-08-27,21.521347,28.50119,15.407074,2.472632,3335803.8,0.0,0.0,3.521347,4318.58625,4844.84,3466.38,96,2016,8,Summer,5,1
2016-08-28,22.322853,28.831665,18.209564,2.6860068,3360119.8,0.0,0.0,4.322853,4104.630833333334,4818.72,3294.34,96,2016,8,Summer,6,1
2016-08-29,21.183151,26.763062,17.151947,2.7496355,3141802.8,0.071811676,0.0,3.1831512,4809.829687500001,5520.66,3397.38,96,2016,8,Summer,0,0
2016-08-30,21.740425,26.375885,19.524017,4.2858896,2879829.2,0.0023523967,0.0,3.740425,4872.265,5516.48,3808.65,96,2016,8,Summer,1,0
2016-08-31,18.577744,24.501831,14.659882,1.7065799,2768972.5,6.357829e-05,0.0,0.57774353,4825.671354166667,5445.79,3746.32,96,2016,8,Summer,2,0
2016-09-01,19.01696,26.22165,13.303467,1.3838613,2990954.8,0.0,0.0,1.0169601,4777.3490625,5391.42,3679.46,96,2016,9,Autumn,3,0
2016-09-02,20.497879,27.321136,15.036743,1.566072,2681941.2,0.004863739,0.0,2.497879,4788.064375,5385.27,3733.86,96,2016,9,Autumn,4,0
2016-09-03,21.046638,27.457306,16.83731,1.0533104,2592456.5,6.357829e-05,0.0,3.0466385,4323.470208333333,4890.96,3456.11,96,2016,9,Autumn,5,1
2016-09-04,21.497879,27.925476,16.608795,2.741672,2550570.5,0.2989451,0.0,3.497879,4095.8659375,4798.96,3305.23,96,2016,9,Autumn,6,1
2016-09-05,18.335205,20.471375,16.764557,3.8021684,1791914.6,1.9835472,0.0,0.33520508,4655.5815625000005,5304.29,3404.21,96,2016,9,Autumn,0,0
2016-09-06,16.731293,18.623993,14.877136,4.569405,1243447.4,0.532341,0.0,0.0,4671.4178125,5290.75,3580.03,96,2016,9,Autumn,1,0
2016-09-07,19.816124,25.461212,16.219666,2.4483213,2319820.8,0.097084045,0.0,1.816124,4778.063541666666,5463.13,3625.02,96,2016,9,Autumn,2,0
2016-09-08,20.678825,27.824646,16.264954,1.6746944,2713753.5,0.031153362,0.0,2.6788254,4835.138020833333,5502.91,3729.31,96,2016,9,Autumn,3,0
2016-09-09,21.608887,29.01471,17.347656,1.2599703,2671266.2,0.0,0.0,3.6088867,4830.152916666667,5437.56,3745.77,96,2016,9,Autumn,4,0
2016-09-10,21.728432,28.825989,17.620972,1.6898541,2441783.2,0.00012715659,0.0,3.7284317,4370.7921875,4950.54,3534.98,96,2016,9,Autumn,5,1
2016-09-11,22.661346,29.56195,18.091675,1.0999238,2656401.0,0.0641505,0.0,4.6613464,4146.4574999999995,4884.17,3379.51,96,2016,9,Autumn,6,1
2016-09-12,22.47039,30.082886,18.057983,1.1951836,2529868.8,0.019137066,0.0,4.4703903,4788.610937500001,5542.95,3391.69,96,2016,9,Autumn,0,0
2016-09-13,21.526817,28.871185,17.721924,1.1674384,2201591.5,0.005086263,0.0,3.5268173,4850.923125,5522.18,3708.57,96,2016,9,Autumn,1,0
2016-09-14,20.411674,26.84143,16.800232,1.1580842,2063466.6,0.012874603,0.0,2.4116745,4882.0746874999995,5590.98,3713.64,96,2016,9,Autumn,2,0
2016-09-15,20.87548,26.936798,17.29541,2.370032,2327291.8,0.00082651776,0.0,2.8754807,4892.113333333334,5600.93,3774.79,96,2016,9,Autumn,3,0
2016-09-16,22.069633,27.183807,18.914886,3.616726,2583475.0,0.00031789145,0.0,4.0696335,4891.306041666667,5525.51,3774.01,96,2016,9,Autumn,4,0
2016-09-17,19.852806,23.877045,16.677795,2.5001936,1814895.0,0.77355707,0.0,1.8528061,4368.868750000001,4929.58,3475.04,96,2016,9,Autumn,5,1
2016-09-18,16.726639,21.540527,13.97641,1.1501724,2202560.0,0.3587087,0.0,0.0,4033.7861458333336,4752.74,3333.43,96,2016,9,Autumn,6,1
2016-09-19,17.269608,21.817078,14.848267,4.61258,1824366.9,0.116062164,0.0,0.0,4627.5290625,5346.07,3346.94,96,2016,9,Autumn,0,0
2016-09-20,14.759514,18.27475,13.135864,5.5768104,2388497.0,0.14031728,0.74048615,0.0,4628.762708333333,5290.83,3570.87,96,2016,9,Autumn,1,0
2016-09-21,12.5972595,17.70285,9.031769,2.1825688,1407279.0,0.017388662,2.9027405,0.0,4672.533125,5387.39,3577.69,96,2016,9,Autumn,2,0
2016-09-22,13.043526,18.006348,9.836426,2.5915818,2373875.2,0.00111262,2.4564743,0.0,4702.954375,5408.36,3658.16,96,2016,9,Autumn,3,0
2016-09-23,12.234489,19.980743,6.570221,1.192114,2262080.0,0.0005722046,3.2655106,0.0,4685.085208333333,5317.78,3659.43,96,2016,9,Autumn,4,0
2016-09-24,13.837692,21.688354,8.954651,1.430679,2211055.0,0.0006357829,1.6623077,0.0,4258.6925,4903.18,3459.42,96,2016,9,Autumn,5,1
2016-09-25,14.050987,21.538574,9.042389,1.4460213,1975547.8,0.01185735,1.4490128,0.0,4004.7720833333333,4824.71,3252.85,96,2016,9,Autumn,6,1
2016-09-26,14.408646,20.277893,10.855713,1.5722477,1946781.9,0.06694794,1.0913544,0.0,4626.3009375,5446.6,3306.13,96,2016,9,Autumn,0,0
2016-09-27,14.21682,21.179443,10.425873,1.2405031,1853154.1,0.00012715659,1.2831802,0.0,4758.6232291666665,5520.25,3678.09,96,2016,9,Autumn,1,0
2016-09-28,14.447723,22.107208,9.147644,2.3850079,2192661.2,0.0,1.0522766,0.0,4779.9596875,5555.45,3718.16,96,2016,9,Autumn,2,0
2016-09-29,17.707321,24.834442,12.911835,2.7112656,2295543.2,0.0,0.0,0.0,4769.287499999999,5500.88,3739.42,96,2016,9,Autumn,3,0
2016-09-30,16.93863,24.450531,11.742523,2.2610545,2326357.2,0.0,0.0,0.0,4729.960416666667,5374.49,3680.11,96,2016,9,Autumn,4,0
2016-10-01,16.12957,22.768341,10.998901,1.8466799,1997845.4,0.0038146973,0.0,0.0,4279.6658333333335,4951.21,3454.63,96,2016,10,Autumn,5,1
2016-10-02,15.314468,19.183044,12.1475525,1.344739,827447.5,0.37142435,0.18553162,0.0,4067.802291666667,4864.66,3263.47,96,2016,10,Autumn,6,1
2016-10-03,14.649956,16.449646,13.348877,4.7670975,1357350.4,0.15748341,0.85004425,0.0,4715.28125,5457.24,3351.86,96,2016,10,Autumn,0,0
2016-10-04,11.678162,12.28653,11.043701,6.381285,383680.0,1.120917,3.8218384,0.0,4867.110416666666,5571.88,3665.73,96,2016,10,Autumn,1,0
2016-10-05,8.409203,10.521332,6.906708,6.313525,2094165.4,0.30730563,7.0907974,0.0,4861.5545833333335,5632.76,3682.81,96,2016,10,Autumn,2,0
2016-10-06,7.6198273,8.748352,6.560547,4.040636,516706.12,1.8052737,7.8801727,0.0,5037.716041666667,5689.84,3785.5,96,2016,10,Autumn,3,0
2016-10-07,7.27343,9.419861,6.1578064,1.7556968,988910.94,0.1153946,8.22657,0.0,4954.120416666667,5596.6,3816.47,96,2016,10,Autumn,4,0
2016-10-08,7.025383,12.664764,2.5433044,1.55386,1130598.4,0.023110706,8.474617,0.0,4441.5512499999995,5108.32,3642.8,96,2016,10,Autumn,5,1
2016-10-09,9.146774,12.612671,6.467865,1.8566588,1531042.1,0.066820785,6.3532257,0.0,4259.450625,5078.86,3454.05,96,2016,10,Autumn,6,1
2016-10-10,8.119011,12.222107,5.2453003,1.6208669,1268456.8,0.059986115,7.380989,0.0,4901.662916666667,5716.33,3562.39,96,2016,10,Autumn,0,0
2016-10-11,7.446083,8.255676,7.0126953,2.7917845,484582.4,1.9081117,8.053917,0.0,5112.242604166667,5752.96,3864.98,96,2016,10,Autumn,1,0
2016-10-12,8.153465,10.17041,6.689728,4.8762603,737497.56,0.17754237,7.3465347,0.0,5103.6632291666665,5772.63,3879.21,96,2016,10,Autumn,2,0
2016-10-13,8.8815155,11.839447,6.9668884,2.9287987,1000853.4,0.05410512,6.6184845,0.0,5063.612916666667,5765.6,3910.36,96,2016,10,Autumn,3,0
2016-10-14,9.946968,13.156616,7.354767,5.651305,1269013.2,0.0,5.553032,0.0,5018.809583333333,5715.05,3917.52,96,2016,10,Autumn,4,0
2016-10-15,10.968895,14.713226,8.1805725,3.0246835,1722380.9,0.2711296,4.531105,0.0,4732.8353125,5302.54,3806.3,96,2016,10,Autumn,5,1
2016-10-16,12.955681,17.965271,10.529846,2.2359757,1615458.1,0.0070889792,2.5443192,0.0,4335.836666666667,5080.39,3558.89,96,2016,10,Autumn,6,1
2016-10-17,10.671394,12.600647,8.862488,2.9459872,614054.4,0.04440944,4.8286057,0.0,5000.419270833333,5748.33,3510.95,96,2016,10,Autumn,0,0
2016-10-18,9.504021,10.567413,7.9886475,3.296624,707161.56,0.19229253,5.9959793,0.0,5049.304166666667,5755.31,3837.36,96,2016,10,Autumn,1,0
2016-10-19,9.385368,11.713257,7.712494,2.0648658,945015.44,0.14235179,6.1146317,0.0,5090.780729166667,5804.71,3850.61,96,2016,10,Autumn,2,0
2016-10-20,8.281433,8.868195,7.9673767,1.7216829,126020.266,2.748203,7.218567,0.0,5162.582708333333,5873.65,3931.34,96,2016,10,Autumn,3,0
2016-10-21,7.252289,9.112366,6.3057556,1.0923818,866773.3,0.54620105,8.247711,0.0,5172.238020833333,5793.64,3958.72,96,2016,10,Autumn,4,0
2016-10-22,7.1173706,12.264435,3.1883545,1.9944842,1693952.0,0.0067392983,8.382629,0.0,4547.5721875,5195.25,3638.28,96,2016,10,Autumn,5,1
2016-10-23,7.993553,11.168488,5.683899,4.4702454,694067.25,0.009886423,7.506447,0.0,4158.5846875,4941.85,3456.4,96,2016,10,Autumn,6,1
2016-10-24,12.469933,16.657013,8.686493,4.812354,1433028.2,0.009918213,3.0300674,0.0,4957.730833333333,5768.34,3380.38,96,2016,10,Autumn,0,0
2016-10-25,14.738052,16.74826,13.902771,2.9205341,1231189.4,0.024255116,0.76194763,0.0,5050.134166666667,5780.28,3858.86,96,2016,10,Autumn,1,0
2016-10-26,12.542091,15.1944275,10.013855,3.8206801,1180428.9,1.2078286,2.9579086,0.0,5087.8096875,5781.0,3913.37,96,2016,10,Autumn,2,0
2016-10-27,7.8525543,12.07843,4.8814087,2.5934968,1412360.6,0.0041961675,7.6474457,0.0,5100.692916666667,5833.4,3939.05,96,2016,10,Autumn,3,0
2016-10-28,6.467018,11.951416,1.7129517,1.6305599,1402555.8,0.0,9.032982,0.0,5049.945729166667,5718.93,3984.07,96,2016,10,Autumn,4,0
2016-10-29,10.841209,13.697693,8.77597,3.78368,735880.56,0.16905466,4.6587906,0.0,4597.9565625000005,5238.31,3717.61,96,2016,10,Autumn,5,1
2016-10-30,9.318939,11.431763,8.128418,4.8462396,640422.44,0.01665751,6.181061,0.0,4273.3246874999995,4960.18,3456.47,96,2016,10,Autumn,6,1
2016-10-31,6.255005,11.319611,2.9201965,3.0228872,1409749.2,0.0,9.244995,0.0,4246.8194791666665,4963.58,3419.99,96,2016,10,Autumn,0,0
2016-11-01,7.979553,13.393066,4.159729,2.3556662,1368324.2,0.0,7.520447,0.0,3979.1651041666664,4640.72,3283.92,96,2016,11,Autumn,1,0
2016-11-02,8.481438,13.791382,4.9415894,3.3404465,1139106.1,0.23005804,7.0185623,0.0,4880.144791666667,5763.01,3326.11,96,2016,11,Autumn,2,0
2016-11-03,6.499466,8.583923,3.8096924,4.1048822,1302745.6,0.0058174133,9.000534,0.0,5100.837291666667,5851.81,3847.49,96,2016,11,Autumn,3,0
2016-11-04,3.1053543,8.373138,-0.63586426,3.2293692,1179502.9,0.0,12.394646,0.0,5142.4522916666665,5861.95,4011.21,96,2016,11,Autumn,4,0
2016-11-05,6.5423813,10.442413,2.6003723,5.062692,721062.44,0.63374835,8.957619,0.0,4780.055625,5442.11,3918.12,96,2016,11,Autumn,5,1
2016-11-06,10.16433,12.887573,7.3447266,3.8219395,338350.94,1.6026497,5.3356705,0.0,4460.720208333333,5143.78,3553.0,96,2016,11,Autumn,6,1
2016-11-07,5.6264343,7.517456,3.840454,3.1384108,596083.2,0.82012814,9.873566,0.0,5048.804895833334,5897.79,3564.55,96,2016,11,Autumn,0,0
2016-11-08,2.8412552,4.100464,2.2760925,2.225535,446284.8,1.1158626,12.658745,0.0,5237.3771875,6038.51,3925.61,96,2016,11,Autumn,1,0
2016-11-09,2.528061,6.369934,0.520813,2.7839644,1383197.9,6.357829e-05,12.971939,0.0,5231.875,6034.37,3990.0,96,2016,11,Autumn,2,0
2016-11-10,3.165184,7.0695496,-0.5600891,2.708969,1224631.5,0.043455757,12.334816,0.0,5288.928541666667,6079.55,4020.31,96,2016,11,Autumn,3,0
2016-11-11,4.0331726,7.038666,0.5476074,2.43424,739861.4,0.5853653,11.466827,0.0,5251.468541666666,6036.17,4056.31,96,2016,11,Autumn,4,0
2016-11-12,3.6559982,5.651306,2.1657104,6.1187863,178073.61,3.208097,11.844002,0.0,4923.909270833333,5640.74,3964.33,96,2016,11,Autumn,5,1
2016-11-13,1.5304489,3.4729004,0.4588318,6.284997,1088674.1,0.00038146973,13.969551,0.0,4595.959583333333,5361.93,3649.8,96,2016,11,Autumn,6,1
2016-11-14,0.37631226,4.946289,-2.3828735,1.7336351,1054374.4,0.0009854634,15.123688,0.0,5233.231875,6125.61,3764.75,96,2016,11,Autumn,0,0
2016-11-15,-0.6606674,4.1252747,-4.280182,2.689001,1158374.4,0.00015894572,16.160667,0.0,5354.0623958333335,6169.18,4151.99,96,2016,11,Autumn,1,0
2016-11-16,1.771965,2.7812195,0.9076843,3.3751497,144729.6,0.28298694,13.728035,0.0,5447.026041666667,6276.67,4142.35,96,2016,11,Autumn,2,0
2016-11-17,4.1237946,5.8150635,2.6576538,2.4613287,799697.06,0.49222308,11.376205,0.0,5434.607708333334,6227.0,4138.02,96,2016,11,Autumn,3,0
2016-11-18,9.134293,13.758209,3.9982605,5.611774,1058427.8,0.0016212465,6.3657074,0.0,5270.248854166667,6034.58,4093.8,96,2016,11,Autumn,4,0
2016-11-19,12.110939,15.173889,9.588287,5.165749,982630.4,0.30749637,3.389061,0.0,4763.645416666667,5425.66,3928.5,96,2016,11,Autumn,5,1
2016-11-20,10.385551,14.641693,7.2164,4.3209896,1065757.9,0.10690689,5.1144485,0.0,4462.33375,5182.88,3552.65,96,2016,11,Autumn,6,1
2016-11-21,10.8196335,13.877014,8.277374,5.356799,1101337.6,0.0,4.6803665,0.0,5051.841145833333,5937.1,3633.03,96,2016,11,Autumn,0,0
2016-11-22,10.061623,14.076569,7.4991455,5.499074,1128025.6,6.357829e-05,5.4383774,0.0,5182.975104166667,6038.51,3984.6,96,2016,11,Autumn,1,0
2016-11-23,7.9765244,11.389832,5.2019043,4.5715976,1066137.6,0.0015894573,7.5234756,0.0,5203.8907291666665,6044.83,3961.64,96,2016,11,Autumn,2,0
2016-11-24,7.1076584,9.872803,4.82428,3.5157275,727957.3,0.0579834,8.392342,0.0,5235.31625,6078.34,4005.75,96,2016,11,Autumn,3,0
2016-11-25,7.5960007,9.071167,6.339325,1.4381238,453700.28,0.15125275,7.9039993,0.0,5255.711979166666,6046.78,4031.59,96,2016,11,Autumn,4,0
2016-11-26,7.4467316,9.840027,6.170746,1.8156747,908023.44,0.0033696492,8.053268,0.0,4790.316666666667,5486.42,3958.41,96,2016,11,Autumn,5,1
2016-11-27,7.610565,9.599335,6.2458496,4.167987,473894.4,0.084877014,7.889435,0.0,4559.6303125,5245.19,3625.45,96,2016,11,Autumn,6,1
2016-11-28,2.3481293,3.463562,0.7918091,5.3898735,939178.7,0.08506775,13.151871,0.0,5198.2413541666665,6128.17,3711.03,96,2016,11,Autumn,0,0
2016-11-29,-0.23260498,2.5101318,-2.5695496,4.720264,1120891.8,0.0,15.732605,0.0,5364.8419791666665,6226.31,4086.09,96,2016,11,Autumn,1,0
2016-11-30,-0.54875946,3.4941711,-4.1803894,2.5560331,997768.56,0.0,16.04876,0.0,5438.928645833334,6291.23,4181.37,96,2016,11,Autumn,2,0
2016-12-01,3.7698212,6.17572,2.0405579,4.4032536,435123.2,0.30937195,11.730179,0.0,5486.828750000001,6302.16,4237.31,96,2016,12,Winter,3,0
2016-12-02,5.3165283,6.40213,3.2478638,6.9589305,603101.9,0.083255775,10.183472,0.0,5361.823854166667,6151.04,4149.36,96,2016,12,Winter,4,0
2016-12-03,0.17741394,4.401001,-1.9754028,2.711277,1083848.5,0.0,15.322586,0.0,4922.466770833334,5590.92,4092.07,96,2016,12,Winter,5,1
2016-12-04,-2.8665695,2.2639465,-6.19635,1.1580209,850769.06,0.0,18.36657,0.0,4746.1940625,5478.75,3785.14,96,2016,12,Winter,6,1
2016-12-05,-2.1086578,1.6755371,-4.726654,2.587297,596578.1,0.0,17.608658,0.0,5437.901458333333,6300.57,3963.91,96,2016,12,Winter,0,0
2016-12-06,-2.1390533,0.14572144,-4.0668335,2.795267,966169.6,0.0,17.639053,0.0,5636.079791666667,6438.57,4371.36,96,2016,12,Winter,1,0
2016-12-07,-1.5445328,2.8850098,-5.422455,2.6109605,940902.4,0.0,17.044533,0.0,5562.4053125,6350.4,4326.02,96,2016,12,Winter,2,0
2016-12-08,-1.385849,-0.7284546,-1.8520508,3.1559918,955238.4,0.00092188513,16.885849,0.0,5707.935,6480.22,4413.77,96,2016,12,Winter,3,0
2016-12-09,0.5594177,4.056183,-3.2156067,1.5944517,997998.94,0.0,14.940582,0.0,5550.783854166667,6306.68,4415.46,96,2016,12,Winter,4,0
2016-12-10,4.3556976,9.519836,0.52511597,2.4456487,872320.0,0.0005722046,11.144302,0.0,4978.9478125,5605.39,4169.05,96,2016,12,Winter,5,1
2016-12-11,4.156685,8.828339,-1.1606445,2.5357409,985728.0,0.0,11.343315,0.0,4699.771041666667,5415.6,3769.33,96,2016,12,Winter,6,1
2016-12-12,6.0339584,7.5839844,4.602295,5.5625505,413674.66,0.09266535,9.466042,0.0,5314.979895833333,6149.11,3823.28,96,2016,12,Winter,0,0
2016-12-13,-1.8945618,1.1362,-5.4621887,2.8892486,993762.1,0.0,17.394562,0.0,5436.5538541666665,6275.62,4183.22,96,2016,12,Winter,1,0
2016-12-14,-0.8803177,0.6114502,-2.4148865,1.6878765,210069.33,0.22112529,16.380318,0.0,5557.5303125,6374.71,4216.07,96,2016,12,Winter,2,0
2016-12-15,0.7043381,3.750946,-0.55581665,2.492761,764770.1,0.0020980835,14.795662,0.0,5550.669895833334,6298.92,4303.26,96,2016,12,Winter,3,0
2016-12-16,-0.44226837,2.8104553,-1.7907715,2.0040812,719790.94,0.0013669332,15.942268,0.0,5422.065833333333,6147.66,4265.88,96,2016,12,Winter,4,0
2016-12-17,-2.0731125,1.388855,-4.2112427,2.728322,959360.0,0.0007947286,17.573112,0.0,5149.4075,5898.05,4179.36,96,2016,12,Winter,5,1
2016-12-18,-1.2124481,0.59506226,-2.642456,1.7169726,669137.06,0.040372215,16.712448,0.0,4914.783541666667,5619.62,3921.52,96,2016,12,Winter,6,1
2016-12-19,-1.1029892,-0.5805664,-1.383606,2.3333166,403362.12,0.0088055935,16.60299,0.0,5419.2804166666665,6258.18,3943.29,96,2016,12,Winter,0,0
2016-12-20,-2.6870728,-2.4369812,-3.0341492,3.5006979,697851.75,0.0054677324,18.187073,0.0,5375.078333333334,6136.23,4089.1,96,2016,12,Winter,1,0
2016-12-21,-3.1315002,-2.797638,-3.3555603,3.5706599,417715.2,0.032838184,18.6315,0.0,5373.1876041666665,6135.78,4114.08,96,2016,12,Winter,2,0
2016-12-22,-2.9439697,-2.2923584,-3.253418,2.3892074,861320.56,0.000667572,18.44397,0.0,5212.8888541666665,5980.22,4019.61,96,2016,12,Winter,3,0
2016-12-23,-2.678856,-1.4548035,-3.7742004,1.3309431,828057.6,0.0,18.178856,0.0,5027.573854166667,5807.09,3879.69,96,2016,12,Winter,4,0
2016-12-24,-0.4137497,0.588501,-1.1501465,2.7173324,712819.2,0.012874603,15.91375,0.0,4481.8123958333335,5175.76,3598.42,96,2016,12,Winter,5,1
2016-12-25,2.4990387,4.902466,-0.25543213,3.6444983,681689.6,0.412337,13.000961,0.0,4102.002604166667,4623.79,3297.97,96,2016,12,Winter,6,1
2016-12-26,6.4443054,10.240723,4.896332,2.3229644,703995.75,0.017833708,9.055695,0.0,4004.7732291666666,4529.4,3214.75,96,2016,12,Winter,0,0
2016-12-27,6.125839,7.336426,4.04364,7.0990953,951688.56,0.12464523,9.374161,0.0,4367.873958333334,5161.41,3222.98,96,2016,12,Winter,1,0
2016-12-28,3.4995575,4.7900696,1.6612244,6.4410305,987520.0,0.15478134,12.0004425,0.0,4479.2595833333335,5229.02,3446.16,96,2016,12,Winter,2,0
2016-12-29,0.7279892,3.5939636,-0.502594,4.5490675,881920.0,0.0009854634,14.772011,0.0,4510.875729166667,5246.08,3479.53,96,2016,12,Winter,3,0
2016-12-30,-3.2989655,1.1716003,-6.5295715,1.5520183,1043182.94,0.0,18.798965,0.0,4515.646770833334,5189.66,3546.11,96,2016,12,Winter,4,0
2016-12-31,-3.7942047,1.3158875,-7.1117554,1.2271495,1047334.4,0.0,19.294205,0.0,4409.482395833334,5195.29,3480.98,96,2016,12,Winter,5,1
2017-01-01,-4.3447495,-0.42059326,-7.0942993,1.617372,1040349.9,0.0,19.84475,0.0,4217.457708333333,4896.82,3507.37,96,2017,1,Winter,6,1
2017-01-02,-5.051323,-2.3937073,-7.312958,1.1986934,1059281.1,0.0016530355,20.551323,0.0,5124.59875,6005.14,3603.41,96,2017,1,Winter,0,0
2017-01-03,-0.0131073,3.1958008,-1.42276,3.1560438,1005678.94,0.0386556,15.513107,0.0,5267.543958333333,6018.47,4081.68,96,2017,1,Winter,1,0
2017-01-04,0.99077606,2.2374878,-1.1049194,3.8444226,257058.14,0.048700966,14.509224,0.0,5418.7179166666665,6171.96,4131.45,96,2017,1,Winter,2,0
2017-01-05,-0.56612396,0.89642334,-2.8906555,6.1254807,1002056.56,0.07378261,16.066124,0.0,5417.186875,6240.72,4154.52,96,2017,1,Winter,3,0
2017-01-06,-6.155121,-5.066162,-7.937317,8.619315,831197.9,0.019168854,21.65512,0.0,5562.7794791666665,6361.78,4284.4,96,2017,1,Winter,4,0
2017-01-07,-10.0013275,-7.6703796,-12.041168,6.1795993,1168102.4,0.0,25.501328,0.0,5242.7647916666665,5910.43,4368.49,96,2017,1,Winter,5,1
2017-01-08,-9.208832,-6.7380066,-11.148956,2.698394,1120755.2,0.10585786,24.708832,0.0,5073.400520833334,5789.56,4148.63,96,2017,1,Winter,6,1
2017-01-09,-6.929268,-3.3868713,-9.524567,4.8523874,1152699.8,0.0016212465,22.429268,0.0,5672.006666666667,6459.62,4236.82,96,2017,1,Winter,0,0
2017-01-10,-8.047791,-6.0835266,-10.41156,2.5931747,883694.94,0.03859202,23.54779,0.0,5815.665416666667,6543.1,4584.39,96,2017,1,Winter,1,0
2017-01-11,-8.297386,-3.6849365,-12.141693,2.54707,1170641.1,0.0,23.797386,0.0,5809.994583333333,6512.87,4568.62,96,2017,1,Winter,2,0
2017-01-12,-2.12426,2.7550964,-6.1734314,3.6380978,926894.94,0.5062421,17.62426,0.0,5765.231770833333,6458.57,4570.05,96,2017,1,Winter,3,0
2017-01-13,2.9354553,4.3384705,1.45047,4.940295,262468.28,1.0484059,12.564545,0.0,5705.215729166666,6485.22,4440.5,96,2017,1,Winter,4,0
2017-01-14,1.9437714,3.3129883,1.1083679,5.1501245,755844.25,0.10585786,13.556229,0.0,5099.450520833333,5744.5,4247.64,96,2017,1,Winter,5,1
2017-01-15,0.18616486,3.4763794,-1.4167175,2.7869813,1063436.8,0.022919973,15.313835,0.0,4888.002395833333,5603.67,3929.28,96,2017,1,Winter,6,1
2017-01-16,-3.6323318,-0.7954407,-5.7572937,2.1849885,841821.9,0.0027338665,19.132332,0.0,5595.355833333334,6349.93,4153.42,96,2017,1,Winter,0,0
2017-01-17,-2.8489914,0.047576904,-4.9284973,3.9356625,994026.7,0.00054041547,18.348991,0.0,5628.300520833333,6310.99,4396.75,96,2017,1,Winter,1,0
2017-01-18,-3.4144897,-0.52838135,-5.0850525,2.8893971,1143449.6,0.00089009607,18.91449,0.0,5652.764479166667,6334.62,4406.77,96,2017,1,Winter,2,0
2017-01-19,-5.687607,-1.9062195,-7.8028564,1.8232069,1245555.2,0.0,21.187607,0.0,5686.349895833333,6369.45,4475.49,96,2017,1,Winter,3,0
2017-01-20,-6.843109,-1.6404419,-10.855133,1.0054888,1265309.9,0.0,22.34311,0.0,5710.1434375,6371.65,4528.16,96,2017,1,Winter,4,0
2017-01-21,-5.9174347,-0.37335205,-9.903717,1.9354107,1257297.1,0.0,21.417435,0.0,5281.806354166666,5847.21,4476.65,96,2017,1,Winter,5,1
2017-01-22,-4.741791,0.15374756,-8.754852,2.587484,1292637.9,0.0,20.24179,0.0,5019.728854166667,5648.12,4133.81,96,2017,1,Winter,6,1
2017-01-23,-5.0822983,-3.9267883,-6.100403,3.0644865,858500.25,0.0006039937,20.582298,0.0,5690.049583333333,6368.16,4242.34,96,2017,1,Winter,0,0
2017-01-24,-4.989105,-4.0289307,-5.6452026,2.0934186,540266.7,0.022379555,20.489105,0.0,5777.437916666667,6409.07,4530.83,96,2017,1,Winter,1,0
2017-01-25,-3.5623016,-2.1644592,-4.860321,1.9899725,913612.8,0.003115336,19.062302,0.0,5773.830729166667,6414.02,4561.38,96,2017,1,Winter,2,0
2017-01-26,-1.4128418,1.592102,-2.631195,1.7830293,1018171.75,0.015290577,16.912842,0.0,5675.670208333333,6298.58,4432.13,96,2017,1,Winter,3,0
2017-01-27,-4.608795,-2.7998962,-6.2668457,3.866098,1236556.8,0.000445048,20.108795,0.0,5810.201249999999,6463.44,4591.5,96,2017,1,Winter,4,0
2017-01-28,-5.0682373,-4.5646667,-5.583191,3.1101954,1293269.4,0.00022252402,20.568237,0.0,5352.885833333333,6023.11,4482.58,96,2017,1,Winter,5,1
2017-01-29,-6.1638184,-4.954071,-7.0986023,1.4107752,1304085.4,0.0010172527,21.663818,0.0,5089.845729166666,5712.77,4206.89,96,2017,1,Winter,6,1
2017-01-30,-6.5451584,-5.6433716,-7.246063,3.0860903,810641.06,0.0036875405,22.045158,0.0,5739.6327083333335,6400.0,4269.87,96,2017,1,Winter,0,0
2017-01-31,-4.077034,-2.0566711,-5.7687683,3.0016186,905049.6,0.42181015,19.577034,0.0,5799.728020833333,6433.88,4584.62,96,2017,1,Winter,1,0
2017-02-01,-0.1710434,0.6535034,-1.1031494,1.246893,323042.12,1.0680199,15.671043,0.0,5704.368645833333,6336.23,4436.81,96,2017,2,Winter,2,0
2017-02-02,1.2334213,2.4841309,-0.42752075,1.1237512,636266.7,0.012524922,14.266579,0.0,5612.974583333333,6231.9,4382.62,96,2017,2,Winter,3,0
2017-02-03,3.8876114,8.400269,1.2293701,2.3128142,865075.2,0.005404155,11.612389,0.0,5400.3403124999995,6015.21,4305.67,96,2017,2,Winter,4,0
2017-02-04,2.8730621,4.8245544,0.607666,1.9013944,912994.1,0.012429555,12.626938,0.0,4936.76875,5539.82,4104.94,96,2017,2,Winter,5,1
2017-02-05,5.629219,9.997314,1.8505859,2.3555741,1495040.0,0.1850764,9.870781,0.0,4642.425833333334,5340.55,3775.42,96,2017,2,Winter,6,1
2017-02-06,4.5219727,5.0725403,3.9733276,3.5149777,392849.06,1.4657656,10.978027,0.0,5305.0545833333335,5998.34,3819.87,96,2017,2,Winter,0,0
2017-02-07,1.1297684,2.7020264,-0.034210205,4.710488,1052970.6,0.223732,14.370232,0.0,5436.455416666667,6057.24,4158.25,96,2017,2,Winter,1,0
2017-02-08,-1.6939926,-0.70318604,-2.6469727,2.2146692,581687.44,0.010553995,17.193993,0.0,5474.514583333334,6088.47,4172.49,96,2017,2,Winter,2,0
2017-02-09,-0.64177704,0.5613098,-1.6257019,1.4007952,572275.2,0.06593069,16.141777,0.0,5531.454375,6160.93,4251.75,96,2017,2,Winter,3,0
2017-02-10,0.69853973,2.1377563,-0.09274292,3.3558226,764390.4,0.04749298,14.80146,0.0,5459.778333333334,6027.29,4303.57,96,2017,2,Winter,4,0
2017-02-11,0.3654251,2.1225586,-0.93914795,3.9336543,1226824.5,0.15993118,15.134575,0.0,4987.1875,5545.49,4173.23,96,2017,2,Winter,5,1
2017-02-12,0.8575058,3.4579468,-1.2013855,3.551066,1349845.4,0.0,14.642494,0.0,4735.964166666667,5476.0,3877.65,96,2017,2,Winter,6,1
2017-02-13,-0.8817978,3.423462,-4.1159973,2.0829272,1663483.8,0.00031789145,16.381798,0.0,5370.136666666666,6062.86,3962.94,96,2017,2,Winter,0,0
2017-02-14,-0.7717514,4.2373657,-4.286804,2.2332442,1710711.5,0.0,16.271751,0.0,5522.813333333333,6122.45,4310.8,96,2017,2,Winter,1,0
2017-02-15,0.8322525,6.985718,-3.4733887,1.4432576,1713425.1,0.0,14.6677475,0.0,5571.670312499999,6202.71,4347.89,96,2017,2,Winter,2,0
2017-02-16,-0.90213776,2.6525269,-3.1324768,2.0026062,1704601.6,0.0,16.402138,0.0,5622.451041666667,6224.35,4371.43,96,2017,2,Winter,3,0
2017-02-17,-1.1389084,0.5340576,-3.1952515,1.4982533,1387507.1,0.15900931,16.638908,0.0,5565.71,6169.17,4417.61,96,2017,2,Winter,4,0
2017-02-18,3.3445206,6.1779785,1.059906,2.6224012,1028825.6,0.017166138,12.155479,0.0,5024.393541666667,5648.4,4222.84,96,2017,2,Winter,5,1
2017-02-19,1.807518,5.777252,-1.1624756,1.391767,1348565.4,0.01703898,13.692482,0.0,4736.316354166666,5423.69,3850.24,96,2017,2,Winter,6,1
2017-02-20,2.4406815,5.830139,-0.32687378,2.5620184,1528925.9,0.018151602,13.059319,0.0,5363.308020833333,6027.06,3921.44,96,2017,2,Winter,0,0
2017-02-21,5.535721,7.996277,2.8065796,3.6001282,353774.94,0.5536397,9.964279,0.0,5425.370729166666,6025.02,4202.51,96,2017,2,Winter,1,0
2017-02-22,7.99543,9.991089,5.5174255,3.3159633,705275.75,0.14429092,7.50457,0.0,5359.361041666666,5970.21,4205.87,96,2017,2,Winter,2,0
2017-02-23,9.590576,12.348572,6.6674194,4.7346334,1300074.6,0.000667572,5.909424,0.0,5317.333958333334,5917.73,4152.22,96,2017,2,Winter,3,0
2017-02-24,8.680222,10.323914,7.1572266,4.347181,359722.7,0.0802358,6.8197784,0.0,5285.834374999999,5943.67,4084.18,96,2017,2,Winter,4,0
2017-02-25,3.8056564,7.8017883,-0.036376953,3.1679072,1606105.6,0.0018119812,11.694344,0.0,4786.660520833333,5400.19,4003.91,96,2017,2,Winter,5,1
2017-02-26,3.8305588,8.436371,-0.06945801,3.6082392,1513288.5,0.0,11.669441,0.0,4542.644166666667,5264.76,3725.15,96,2017,2,Winter,6,1
2017-02-27,7.414215,12.832123,0.638855,4.0898542,1568247.5,0.0,8.085785,0.0,5098.825520833333,5826.96,3775.89,96,2017,2,Winter,0,0
2017-02-28,10.960999,14.190369,8.531769,7.1054254,1781043.1,0.0,4.5390015,0.0,5104.519375,5798.37,4010.25,96,2017,2,Winter,1,0
2017-03-01,8.177879,10.491577,5.6739197,4.3533506,1361425.1,0.28355914,7.3221207,0.0,5244.067604166667,5881.22,3994.71,96,2017,3,Spring,2,0
2017-03-02,6.2637634,9.510071,2.6390076,3.0037093,551129.6,0.122865036,9.236237,0.0,5208.280625,5866.43,4110.47,96,2017,3,Spring,3,0
2017-03-03,7.933342,13.5928955,1.9368896,3.9037876,2047035.6,0.0,7.566658,0.0,5084.773854166667,5734.66,4084.43,96,2017,3,Spring,4,0
2017-03-04,12.191032,17.699493,8.088196,7.003208,2102459.8,0.0,3.3089676,0.0,4620.971354166667,5201.72,3924.21,96,2017,3,Spring,5,1
2017-03-05,11.322166,13.661133,8.800232,4.905387,1754867.2,0.22379558,4.1778336,0.0,4426.789479166667,5186.29,3555.81,96,2017,3,Spring,6,1
2017-03-06,7.1401215,10.684845,4.809967,3.1247525,1754022.4,0.09241104,8.359879,0.0,5007.017708333334,5756.63,3644.93,96,2017,3,Spring,0,0
2017-03-07,5.472061,9.917206,1.6677856,2.4623446,997431.5,0.0054995217,10.027939,0.0,5106.290520833333,5776.03,4008.44,96,2017,3,Spring,1,0
2017-03-08,7.0905914,10.900116,4.22876,4.829535,2228761.8,0.0,8.409409,0.0,5114.603229166666,5773.65,4000.31,96,2017,3,Spring,2,0
2017-03-09,6.8338165,11.878601,1.7849426,1.7913146,1021230.94,0.115426384,8.666183,0.0,5199.0596875,5844.4,4022.5,96,2017,3,Spring,3,0
2017-03-10,7.187355,8.618347,6.3410645,6.1136107,1558050.1,0.529925,8.312645,0.0,5218.610833333333,5782.84,4052.93,96,2017,3,Spring,4,0
2017-03-11,6.5602264,9.327515,4.263031,5.75302,1551940.2,0.0013669332,8.939774,0.0,4705.4939583333335,5292.41,3946.97,96,2017,3,Spring,5,1
2017-03-12,5.5021896,8.180695,2.4802246,2.8795798,1601365.2,0.05648931,9.99781,0.0,4462.983229166667,5224.82,3627.01,96,2017,3,Spring,6,1
2017-03-13,4.992836,10.490173,-0.5061035,2.5992389,2382835.2,0.0,10.507164,0.0,4968.205416666667,5735.25,3739.74,96,2017,3,Spring,0,0
2017-03-14,6.206932,11.174194,2.1235046,3.0971608,2253913.5,0.0,9.293068,0.0,4999.135520833333,5649.88,3995.4,96,2017,3,Spring,1,0
2017-03-15,7.438545,12.262054,3.0960388,2.9017444,1281749.4,0.023206076,8.061455,0.0,4267.388125,4910.85,3637.05,96,2017,3,Spring,2,0
2017-03-16,8.716187,14.273834,3.6567688,3.246769,2283421.8,0.0,6.7838135,0.0,4872.849166666667,5662.66,3528.52,96,2017,3,Spring,3,0
2017-03-17,9.314636,15.270966,2.3391724,3.313959,2501529.8,0.0,6.185364,0.0,4947.628125,5603.77,3940.05,96,2017,3,Spring,4,0
2017-03-18,10.131638,10.999756,8.36026,1.9963043,378171.75,1.3393084,5.3683624,0.0,4683.271145833333,5393.99,3858.67,96,2017,3,Spring,5,1
2017-03-19,8.747971,10.300537,6.229492,3.78245,1362389.4,1.6182901,6.7520294,0.0,4370.526979166667,5156.55,3563.26,96,2017,3,Spring,6,1
2017-03-20,11.959763,15.954987,9.0121765,3.086353,1262971.8,0.0023523967,3.5402374,0.0,4889.5268750000005,5665.87,3620.9,96,2017,3,Spring,0,0
2017-03-21,11.72979,17.894257,7.1604614,1.8842139,2235869.8,0.0,3.7702103,0.0,4982.262395833333,5735.67,3908.35,96,2017,3,Spring,1,0
2017-03-22,12.340561,17.157318,10.331543,2.111731,2233608.5,0.0051816306,3.159439,0.0,4909.731875,5620.11,3889.05,96,2017,3,Spring,2,0
2017-03-23,11.690384,18.608643,6.1206665,2.2905009,2478447.0,0.06262461,3.809616,0.0,4923.026145833333,5681.27,3861.46,96,2017,3,Spring,3,0
2017-03-24,10.217125,14.819305,7.255371,3.9156604,2396539.8,0.0,5.282875,0.0,4883.096770833333,5559.99,3857.19,96,2017,3,Spring,4,0
2017-03-25,8.336227,12.95932,5.202606,2.2503624,2114543.0,0.0009536743,7.1637726,0.0,4456.913020833334,5145.05,3763.91,96,2017,3,Spring,5,1
2017-03-26,7.9296494,11.672272,5.670288,3.8340015,2797640.5,0.0,7.5703506,0.0,4260.166145833334,5058.57,3520.78,96,2017,3,Spring,6,1
2017-03-27,6.785286,12.640717,1.6670837,1.4172246,2880708.2,0.0,8.714714,0.0,4857.864895833333,5593.35,3640.41,96,2017,3,Spring,0,0
2017-03-28,9.924744,18.773376,3.4611511,2.1317983,2915780.2,0.0,5.5752563,0.0,4897.391354166667,5567.15,3932.23,96,2017,3,Spring,1,0
2017-03-29,14.043861,21.972687,6.960205,2.9406962,2909324.8,0.0,1.4561386,0.0,4924.189166666666,5561.37,3949.59,96,2017,3,Spring,2,0
2017-03-30,14.5471115,18.074493,12.584534,2.9232218,2120601.5,0.009091696,0.9528885,0.0,4916.0240625,5526.97,3937.97,96,2017,3,Spring,3,0
2017-03-31,13.597534,20.319672,8.4045105,2.9724731,2949849.5,0.0,1.9024658,0.0,4832.040104166666,5379.71,3906.03,96,2017,3,Spring,4,0
2017-04-01,15.803703,21.90155,10.918182,4.725129,3008618.5,0.0,0.0,0.0,4359.610937500001,4968.75,3597.33,96,2017,4,Spring,5,1
2017-04-02,16.263603,23.327637,10.911407,2.7196689,3066444.8,0.0,0.0,0.0,4122.492916666667,4915.23,3393.01,96,2017,4,Spring,6,1
2017-04-03,15.242851,23.06366,9.630005,2.438798,3021009.0,0.00025431317,0.25714874,0.0,4698.9890625,5404.82,3475.3,96,2017,4,Spring,0,0
2017-04-04,14.044601,19.178558,10.186035,4.2435904,2808904.5,0.786368,1.4553986,0.0,4787.3459375,5409.77,3747.64,96,2017,4,Spring,1,0
2017-04-05,12.241013,13.980591,10.343933,3.692871,1924377.6,0.18730164,3.2589874,0.0,4830.0446875,5485.14,3750.45,96,2017,4,Spring,2,0
2017-04-06,10.079689,11.292786,8.474243,6.3700223,2250210.2,0.23743312,5.420311,0.0,4943.871770833333,5522.6,3834.78,96,2017,4,Spring,3,0
2017-04-07,7.7744675,8.84967,6.997284,4.817528,903645.9,0.7292748,7.7255325,0.0,4986.554479166666,5494.51,3922.96,96,2017,4,Spring,4,0
2017-04-08,11.915451,14.69046,9.3941345,4.865776,1775970.0,0.22354126,3.584549,0.0,4469.810625,5025.5,3644.05,96,2017,4,Spring,5,1
2017-04-09,11.2313385,17.097992,7.0891724,1.2860625,1776081.1,0.0012715658,4.2686615,0.0,4182.628854166666,4942.22,3458.65,96,2017,4,Spring,6,1
2017-04-10,13.497307,20.780579,6.573761,2.5716562,3219997.8,0.0042915344,2.0026932,0.0,4757.778541666667,5416.72,3557.65,96,2017,4,Spring,0,0
2017-04-11,12.511871,14.036255,11.179993,5.226281,3229627.8,0.0,2.9881287,0.0,4862.1215624999995,5457.85,3809.74,96,2017,4,Spring,1,0
2017-04-12,9.72422,14.576477,4.8880615,2.8172088,2227511.2,0.0,5.7757797,0.0,4902.701875,5478.46,3889.28,96,2017,4,Spring,2,0
2017-04-13,12.53759,16.087341,10.938446,3.9961379,2598463.8,0.061194103,2.96241,0.0,4903.502708333333,5449.74,3913.54,96,2017,4,Spring,3,0
2017-04-14,11.913338,16.218506,7.7262573,2.380938,2500940.8,0.06523132,3.5866623,0.0,4070.8159375,4606.88,3456.17,96,2017,4,Spring,4,0
2017-04-15,11.68605,15.593842,8.268433,2.1346836,2514799.0,0.06599426,3.8139496,0.0,4088.8445833333335,4642.44,3283.68,96,2017,4,Spring,5,1
2017-04-16,10.855911,13.44397,9.626282,4.1633444,3223214.8,0.07108053,4.6440887,0.0,3787.1458333333335,4360.24,3231.42,96,2017,4,Spring,6,1
2017-04-17,8.614288,11.775909,6.0403137,2.1393528,3190669.0,0.084241234,6.8857117,0.0,3687.6104166666664,4408.98,3102.99,96,2017,4,Spring,0,0
2017-04-18,7.5479965,10.486938,5.7687683,4.7174487,3086246.2,0.97049075,7.9520035,0.0,4853.869583333333,5541.73,3242.68,96,2017,4,Spring,1,0
2017-04-19,2.820053,3.6804504,1.994751,8.958789,834022.44,2.5522869,12.679947,0.0,5213.415104166666,5833.94,3945.21,96,2017,4,Spring,2,0
2017-04-20,3.841362,5.5036316,2.3261108,8.84404,1768093.9,0.6173452,11.658638,0.0,5251.148645833334,5942.87,4068.97,96,2017,4,Spring,3,0
2017-04-21,5.8375854,9.390625,1.6323853,5.111826,3055530.5,0.0,9.662415,0.0,5008.093333333333,5500.41,4075.75,96,2017,4,Spring,4,0
2017-04-22,9.438866,14.445496,5.3833923,4.973222,2677290.8,0.17140707,6.0611343,0.0,4605.6771875,5216.13,3782.5,96,2017,4,Spring,5,1
2017-04-23,8.07737,10.924774,5.7318726,4.461318,3576631.2,0.12906392,7.4226303,0.0,4288.6871875,4953.34,3522.27,96,2017,4,Spring,6,1
2017-04-24,9.628006,13.80423,5.131531,2.9921696,3127547.8,0.00019073486,5.871994,0.0,4812.533541666667,5407.69,3596.44,96,2017,4,Spring,0,0
2017-04-25,15.69191,21.934937,9.889343,5.9436226,3765448.5,0.0015258789,0.0,0.0,4884.678333333333,5419.31,3886.1,96,2017,4,Spring,1,0
2017-04-26,15.418518,18.397217,13.5060425,5.4347897,1655210.8,0.083478294,0.08148193,0.0,4910.951770833333,5451.35,3864.64,96,2017,4,Spring,2,0
2017-04-27,8.750725,9.400269,8.05954,2.632409,1054374.4,0.7514318,6.749275,0.0,4935.325416666667,5406.83,3889.06,96,2017,4,Spring,3,0
2017-04-28,6.630432,7.123413,6.402649,3.0624075,922094.94,0.6337802,8.869568,0.0,4916.91625,5415.85,3864.29,96,2017,4,Spring,4,0
2017-04-29,8.35421,12.441193,5.288666,4.07194,2532569.8,0.002670288,7.14579,0.0,4484.621145833334,5007.08,3687.78,96,2017,4,Spring,5,1
2017-04-30,9.56926,15.250793,4.6332703,1.5790653,2730858.8,0.013605753,5.9307404,0.0,4135.655833333333,4671.25,3464.02,96,2017,4,Spring,6,1
2017-05-01,12.85392,17.105682,8.912231,3.544825,3517047.5,0.0,2.64608,0.0,3858.238125,4560.98,3249.93,96,2017,5,Spring,0,0
2017-05-02,13.564369,16.663391,10.623993,2.5721815,3129036.8,0.15042624,1.9356308,0.0,4662.064791666667,5305.78,3270.27,96,2017,5,Spring,1,0
2017-05-03,11.320137,14.713684,8.054626,1.8915827,1940672.1,0.40006638,4.179863,0.0,4878.878020833333,5417.49,3745.89,96,2017,5,Spring,2,0
2017-05-04,12.617088,17.181824,7.9230957,2.0360403,2727215.0,0.038019817,2.8829117,0.0,4802.734791666667,5299.17,3801.36,96,2017,5,Spring,3,0
2017-05-05,13.95842,16.170471,12.096008,2.856617,2706291.2,0.539271,1.5415802,0.0,4814.6327083333335,5289.03,3773.03,96,2017,5,Spring,4,0
2017-05-06,16.264076,21.09903,12.908752,2.969656,3249591.5,0.030994417,0.0,0.0,4336.857916666667,4809.31,3584.2,96,2017,5,Spring,5,1
2017-05-07,15.713455,18.042206,13.317139,2.9934707,2636893.8,0.5402565,0.0,0.0,4147.4440625,4783.32,3405.9,96,2017,5,Spring,6,1
2017-05-08,15.296234,19.111725,12.344421,4.541046,3589312.2,0.0006357829,0.20376587,0.0,4709.512604166667,5278.53,3439.86,96,2017,5,Spring,0,0
2017-05-09,10.544472,12.190643,8.590851,5.0678596,3495402.8,0.013860066,4.9555283,0.0,4851.17875,5391.96,3778.01,96,2017,5,Spring,1,0
2017-05-10,9.152443,13.618652,3.838562,2.2015667,3527206.5,0.00025431317,6.347557,0.0,4809.642708333334,5335.86,3816.63,96,2017,5,Spring,2,0
2017-05-11,15.578911,21.500519,8.442444,4.187009,4169228.8,0.031344093,0.0,0.0,4825.494375,5280.93,3848.97,96,2017,5,Spring,3,0
2017-05-12,19.0736,24.569916,15.492462,3.5206127,3580748.8,0.04825592,0.0,1.0736008,4785.9084375,5266.98,3810.28,96,2017,5,Spring,4,0
2017-05-13,17.515297,21.179047,13.925415,2.5535865,3167424.0,0.7658005,0.0,0.0,4364.45875,4951.31,3587.97,96,2017,5,Spring,5,1
2017-05-14,18.87622,23.989838,13.465942,2.4891176,3891677.8,0.0059445696,0.0,0.8762207,4087.500520833333,4748.3,3297.93,96,2017,5,Spring,6,1
2017-05-15,18.626823,22.784302,16.049408,2.8411982,3430519.5,0.43732327,0.0,0.6268234,4657.658333333334,5203.22,3450.32,96,2017,5,Spring,0,0
2017-05-16,19.072395,23.773987,14.519928,4.0905495,3678233.8,0.004005432,0.0,1.0723953,4766.271979166667,5257.97,3744.05,96,2017,5,Spring,1,0
2017-05-17,18.865105,23.049805,14.403595,2.002285,3067400.2,0.0,0.0,0.8651047,4770.1459375,5253.23,3721.76,96,2017,5,Spring,2,0
2017-05-18,19.511955,25.794006,11.456238,3.4768136,4295240.5,0.0,0.0,1.5119553,4803.338229166667,5327.76,3776.83,96,2017,5,Spring,3,0
2017-05-19,21.39576,26.762726,15.135681,4.4129133,4440729.5,0.0,0.0,3.3957596,4785.420520833333,5322.5,3765.2,96,2017,5,Spring,4,0
2017-05-20,17.153198,19.675323,16.042236,6.2321053,3362995.0,0.014813741,0.0,0.0,4316.118854166666,4825.64,3553.95,96,2017,5,Spring,5,1
2017-05-21,17.22493,21.037079,13.7699585,7.179148,3645790.0,1.5112877,0.0,0.0,4081.5772916666665,4645.75,3302.39,96,2017,5,Spring,6,1
2017-05-22,19.202026,23.696533,14.650085,3.0127578,3472477.8,0.0,0.0,1.2020264,4689.301145833333,5240.74,3392.66,96,2017,5,Spring,0,0
2017-05-23,18.831917,21.122559,16.070587,1.4316939,3400708.5,0.25402704,0.0,0.8319168,4831.477604166666,5372.38,3769.43,96,2017,5,Spring,1,0
2017-05-24,16.75026,17.790863,14.51416,3.8158882,2915161.5,1.0144234,0.0,0.0,4839.1719791666665,5369.49,3810.38,96,2017,5,Spring,2,0
2017-05-25,15.145935,17.641998,12.555634,5.503923,2114662.5,0.05356471,0.35406494,0.0,4768.214583333333,5248.3,3764.19,96,2017,5,Spring,3,0
2017-05-26,17.834702,21.611023,12.979309,3.7815795,3105032.8,0.00012715659,0.0,0.0,4750.653541666667,5261.23,3794.6,96,2017,5,Spring,4,0
2017-05-27,19.612793,24.627655,13.865265,2.8291767,3907742.0,0.0007947286,0.0,1.612793,4300.938541666666,4797.57,3545.8,96,2017,5,Spring,5,1
2017-05-28,19.819672,23.966217,15.276947,2.1354973,4603729.0,0.0,0.0,1.8196716,4044.2876041666664,4641.1,3252.33,96,2017,5,Spring,6,1
2017-05-29,20.995186,26.731781,13.250824,2.6754508,4515878.5,0.0,0.0,2.9951859,4720.754791666667,5315.84,3379.51,96,2017,5,Spring,0,0
2017-05-30,23.523293,29.624847,16.681824,2.3660867,4366741.0,0.007756551,0.0,5.5232925,4904.934583333334,5494.79,3751.11,96,2017,5,Spring,1,0
2017-05-31,23.708725,28.324066,20.405762,2.5849662,3853738.5,0.004005432,0.0,5.708725,5027.8084375,5648.54,3836.75,96,2017,5,Spring,2,0
2017-06-01,22.631577,26.601898,19.193054,2.8801744,4115609.8,0.053914387,0.0,4.6315765,5040.6665625,5650.86,3956.36,96,2017,6,Summer,3,0
2017-06-02,21.409866,26.155487,15.353027,1.1723614,4021312.0,0.17089844,0.0,3.4098663,4967.267291666666,5504.16,3917.34,96,2017,6,Summer,4,0
2017-06-03,22.859566,27.928925,17.761688,1.2606499,3776768.0,0.003496806,0.0,4.8595657,4463.880729166666,4998.47,3546.46,96,2017,6,Summer,5,1
2017-06-04,22.184326,29.146057,18.294464,4.589944,4029517.0,0.6804784,0.0,4.184326,3928.888229166667,4435.15,3160.44,96,2017,6,Summer,6,1
2017-06-05,20.139847,24.10434,15.783783,2.5931067,3916625.2,0.00705719,0.0,2.1398468,3925.414375,4598.62,3144.73,96,2017,6,Summer,0,0
2017-06-06,22.237122,28.25827,17.344696,3.8854594,4041501.8,0.08506774,0.0,4.2371216,4912.280208333334,5724.82,3375.44,96,2017,6,Summer,1,0
2017-06-07,16.602959,18.391144,15.125671,4.319679,2144388.2,0.16724268,0.0,0.0,4877.043125,5416.67,3845.62,96,2017,6,Summer,2,0
2017-06-08,18.098,22.218872,13.454681,3.6542299,4792072.5,0.0,0.0,0.09799957,4875.986041666666,5381.34,3816.77,96,2017,6,Summer,3,0
2017-06-09,19.48584,25.586395,12.05481,1.902319,4740612.5,0.0,0.0,1.4858398,4881.101770833334,5437.91,3804.52,96,2017,6,Summer,4,0
2017-06-10,19.486382,21.9104,15.819122,3.5747883,3303500.8,0.20335515,0.0,1.4863815,4390.605729166667,4937.62,3578.2,96,2017,6,Summer,5,1
2017-06-11,20.563225,25.616821,14.2630005,2.872883,4191693.0,0.00076293945,0.0,2.5632248,4185.09875,4801.79,3337.29,96,2017,6,Summer,6,1
2017-06-12,22.927406,29.210876,14.76062,2.9678388,4467315.5,0.0,0.0,4.9274063,4908.705625,5557.56,3494.21,96,2017,6,Summer,0,0
2017-06-13,24.301674,27.242249,21.489471,3.4404578,4463616.0,0.0,0.0,6.301674,5039.818020833333,5656.27,3938.68,96,2017,6,Summer,1,0
2017-06-14,20.979332,24.487732,17.032837,3.6488626,4658406.5,0.0,0.0,2.979332,4944.080520833333,5514.53,3825.72,96,2017,6,Summer,2,0
2017-06-15,21.44738,26.753479,13.897186,0.8549228,4572305.0,0.0,0.0,3.44738,4966.333645833333,5544.49,3865.88,96,2017,6,Summer,3,0
2017-06-16,21.179031,24.11499,17.693207,3.15686,2609604.2,0.2117475,0.0,3.1790314,4921.6365625,5637.8,3907.51,96,2017,6,Summer,4,0
2017-06-17,17.493973,19.646027,16.594147,6.2569857,2898210.2,0.086688995,0.0,0.0,4259.9284375,4800.29,3525.33,96,2017,6,Summer,5,1
2017-06-18,20.129295,24.089447,15.182739,6.318554,3775752.5,0.06116231,0.0,2.1292953,4104.5890625,4665.79,3293.59,96,2017,6,Summer,6,1
2017-06-19,22.314545,27.645477,15.66806,1.7381754,4161476.2,0.0,0.0,4.3145447,4836.365520833334,5492.89,3441.33,96,2017,6,Summer,0,0
2017-06-20,24.796654,30.935059,16.669739,2.912752,4698850.5,0.0,0.0,6.7966537,5063.206979166666,5710.37,3822.4,96,2017,6,Summer,1,0
2017-06-21,26.524704,31.773956,21.679108,3.0387182,4097749.5,0.02794266,0.0,8.524704,5195.0575,5986.7,3985.44,96,2017,6,Summer,2,0
2017-06-22,26.476746,32.671143,19.341156,1.59198,4271283.5,0.010077159,0.0,8.476746,5250.9590625,5950.5,3995.35,96,2017,6,Summer,3,0
2017-06-23,26.189613,30.329437,22.992767,2.775774,3783731.2,0.13430913,0.0,8.189613,5206.520104166667,5941.07,4123.94,96,2017,6,Summer,4,0
2017-06-24,26.01551,31.009094,20.250824,2.801646,4265561.5,0.006612142,0.0,8.015511,4680.902083333333,5212.28,3884.27,96,2017,6,Summer,5,1
2017-06-25,23.78357,29.516724,20.585327,2.2755778,3033715.0,0.7524808,0.0,5.7835693,4343.892916666667,4799.84,3637.84,96,2017,6,Summer,6,1
2017-06-26,23.877739,27.734497,19.373657,2.576004,3640597.2,0.25370917,0.0,5.877739,4956.929270833333,5606.79,3623.26,96,2017,6,Summer,0,0
2017-06-27,24.555931,28.605743,19.393158,3.9255912,3500919.5,0.0,0.0,6.555931,5161.6606249999995,5904.76,3927.27,96,2017,6,Summer,1,0
2017-06-28,26.008682,31.45462,21.906555,5.33927,4203810.0,0.03824234,0.0,8.008682,5317.02625,6116.46,4071.37,96,2017,6,Summer,2,0
2017-06-29,22.323578,24.74228,20.171875,5.2122984,3246668.8,1.0486604,0.0,4.323578,5099.630104166667,5784.23,4026.06,96,2017,6,Summer,3,0
2017-06-30,23.160866,27.62442,19.600769,4.1659846,4030276.5,0.0013033549,0.0,5.160866,5037.774375,5752.55,3973.24,96,2017,6,Summer,4,0
2017-07-01,21.879883,25.23938,17.894928,3.0465758,3890316.5,0.26950836,0.0,3.8798828,4416.655729166667,4911.19,3623.36,96,2017,7,Summer,5,1
2017-07-02,19.865402,22.154236,16.184418,3.8351705,2914799.0,0.09241105,0.0,1.8654022,4144.171562500001,4654.88,3371.36,96,2017,7,Summer,6,1
2017-07-03,21.137093,24.192627,17.815765,4.994624,4226129.0,0.0040372214,0.0,3.1370926,4782.20375,5453.62,3532.59,96,2017,7,Summer,0,0
2017-07-04,20.982834,25.89618,14.697754,1.9643527,3585177.5,0.047302246,0.0,2.9828339,4902.916458333333,5504.09,3782.94,96,2017,7,Summer,1,0
2017-07-05,23.712883,29.752563,16.947296,2.34447,4185958.2,0.0,0.0,5.712883,5087.3985416666665,5746.72,3873.7,96,2017,7,Summer,2,0
2017-07-06,24.568512,29.348114,19.651245,2.4004402,4511808.0,0.0009854634,0.0,6.568512,5152.6492708333335,5834.17,4015.19,96,2017,7,Summer,3,0
2017-07-07,24.526772,29.111145,20.162506,3.0348465,4148181.2,0.01713435,0.0,6.5267715,5067.0365625,5775.75,4016.36,96,2017,7,Summer,4,0
2017-07-08,26.108185,31.224426,21.246368,3.1954913,3837785.5,0.025145212,0.0,8.108185,4600.319166666667,5224.57,3758.4,96,2017,7,Summer,5,1
2017-07-09,24.750755,29.921936,19.885834,1.2909033,3608042.5,0.038051605,0.0,6.7507553,4408.210729166666,4988.13,3497.02,96,2017,7,Summer,6,1
2017-07-10,26.119484,32.229706,20.437927,2.8621955,4182297.8,0.0872612,0.0,8.119484,5190.8263541666665,5987.28,3740.77,96,2017,7,Summer,0,0
2017-07-11,25.037636,28.10083,22.431702,2.8652253,3786043.8,0.07680257,0.0,7.037636,5177.013958333334,5889.64,4015.13,96,2017,7,Summer,1,0
2017-07-12,24.403366,28.556366,19.616516,2.0901582,3572271.0,0.34252805,0.0,6.403366,5121.493750000001,5769.12,4013.54,96,2017,7,Summer,2,0
2017-07-13,21.585915,23.632782,19.978638,5.140483,4465694.0,0.0,0.0,3.5859146,4905.179375,5481.21,3956.0,96,2017,7,Summer,3,0
2017-07-14,17.393417,20.507843,13.124695,1.6302881,2334238.0,0.059000652,0.0,0.0,4767.356666666667,5379.5,3826.27,96,2017,7,Summer,4,0
2017-07-15,18.172592,20.624207,15.9496155,4.3122787,3423518.0,0.11437734,0.0,0.17259216,4195.071979166666,4752.85,3398.78,96,2017,7,Summer,5,1
2017-07-16,19.48777,24.202606,14.065643,4.1198087,4028936.5,6.357829e-05,0.0,1.4877701,3914.2059375000003,4467.14,3155.11,96,2017,7,Summer,6,1
2017-07-17,21.599121,27.20221,14.53186,0.43125948,4133192.5,0.0,0.0,3.599121,4614.9290625,5270.26,3296.81,96,2017,7,Summer,0,0
2017-07-18,24.011398,29.81842,17.47403,2.6182055,3926741.2,0.0,0.0,6.0113983,4846.389479166667,5486.69,3686.12,96,2017,7,Summer,1,0
2017-07-19,25.055069,31.444061,18.968994,3.204939,4244889.5,0.07928213,0.0,7.055069,4974.155833333333,5685.16,3738.18,96,2017,7,Summer,2,0
2017-07-20,26.269333,32.236877,19.886932,1.5189598,4078792.5,0.052452087,0.0,8.269333,5123.4444791666665,5834.15,3873.75,96,2017,7,Summer,3,0
2017-07-21,25.3423,29.694702,21.370422,3.6573794,4143654.2,0.10255177,0.0,7.3423004,5077.3965625,5817.12,3931.89,96,2017,7,Summer,4,0
2017-07-22,25.09011,31.37619,19.988708,2.0094376,3647466.8,0.7119815,0.0,7.090111,4506.790104166666,5079.53,3630.05,96,2017,7,Summer,5,1
2017-07-23,25.118584,28.499573,21.8927,1.7242532,3468633.5,0.04447301,0.0,7.1185837,4290.337500000001,4841.14,3463.57,96,2017,7,Summer,6,1
2017-07-24,22.037987,24.38739,20.626678,1.8791295,1780518.4,1.9829432,0.0,4.0379868,4794.564895833333,5631.36,3486.84,96,2017,7,Summer,0,0
2017-07-25,19.35598,22.214386,17.176483,4.744736,2978201.5,0.92636746,0.0,1.3559799,4562.976770833334,5150.69,3655.38,96,2017,7,Summer,1,0
2017-07-26,17.867004,21.590942,15.666992,2.3466485,2524919.5,0.50115585,0.0,0.0,4552.318958333333,5132.35,3533.02,96,2017,7,Summer,2,0
2017-07-27,17.169449,19.347656,15.299377,3.2873852,1724317.9,0.4254977,0.0,0.0,4548.501562500001,5121.82,3590.04,96,2017,7,Summer,3,0
2017-07-28,21.465378,26.281525,16.588226,2.7257075,3051729.2,0.11177063,0.0,3.4653778,4563.386770833334,5144.27,3577.81,96,2017,7,Summer,4,0
2017-07-29,22.727592,27.061401,18.621613,2.4620914,4105497.5,0.0,0.0,4.7275925,4154.466041666667,4656.33,3428.11,96,2017,7,Summer,5,1
2017-07-30,25.028038,31.322235,18.92096,3.6278012,3964160.0,0.0032107036,0.0,7.028038,4066.2833333333333,4739.5,3195.98,96,2017,7,Summer,6,1
2017-07-31,26.706589,31.682312,22.08841,2.057307,3640307.2,0.0008583069,0.0,8.706589,4831.53375,5557.36,3411.56,96,2017,7,Summer,0,0
2017-08-01,28.114319,34.738037,21.073242,3.0544171,4076987.8,0.0,0.0,10.114319,5078.896354166666,5833.73,3780.57,96,2017,8,Summer,1,0
2017-08-02,28.432976,33.718506,23.922058,2.1521091,3722790.5,0.010808309,0.0,10.432976,5171.771770833334,5889.11,3883.33,96,2017,8,Summer,2,0
2017-08-03,28.897629,35.760254,23.032166,2.2695732,3918515.2,0.0,0.0,10.897629,5277.156979166667,6035.29,3999.1,96,2017,8,Summer,3,0
2017-08-04,30.146523,36.86508,24.72754,2.1221604,3607756.8,0.0056584678,0.0,12.1465225,5325.261145833333,6142.18,4057.32,96,2017,8,Summer,4,0
2017-08-05,27.709465,31.037445,24.335632,2.7950773,3510523.5,0.089613594,0.0,9.709465,4822.184791666667,5373.43,3947.05,96,2017,8,Summer,5,1
2017-08-06,22.632751,24.191101,18.873169,4.316253,2384422.2,2.6777267,0.0,4.6327515,4423.743229166666,5051.7,3567.64,96,2017,8,Summer,6,1
2017-08-07,20.085327,22.522064,17.868835,3.3273716,2119872.0,0.95984143,0.0,2.0853271,4615.299375,5222.32,3509.99,96,2017,8,Summer,0,0
2017-08-08,20.932411,25.02826,16.299408,3.5350149,3002444.8,0.0037829082,0.0,2.9324112,4715.2275,5286.98,3642.24,96,2017,8,Summer,1,0
2017-08-09,26.027573,30.85492,20.90924,2.4415205,3740894.0,0.0,0.0,8.027573,5067.93375,5817.23,3761.68,96,2017,8,Summer,2,0
2017-08-10,28.067078,33.479614,24.536438,2.6397264,3791957.2,0.0,0.0,10.067078,5279.4096875000005,6112.81,3977.38,96,2017,8,Summer,3,0
2017-08-11,24.923714,31.920715,21.87854,3.7573838,3618926.8,0.66928864,0.0,6.9237137,5211.6388541666665,5977.8,4003.86,96,2017,8,Summer,4,0
2017-08-12,19.36367,22.196503,16.832825,6.7690873,2958758.8,0.8718808,0.0,1.3636703,4397.774375,4880.05,3560.18,96,2017,8,Summer,5,1
2017-08-13,20.07463,23.402954,17.241302,5.2922473,2090397.9,0.0057220454,0.0,2.0746307,4061.4577083333334,4641.4,3424.75,96,2017,8,Summer,6,1
2017-08-14,21.250511,27.032959,15.436218,1.7952089,3358109.8,0.00082651776,0.0,3.2505112,4667.506666666667,5274.3,3415.91,96,2017,8,Summer,0,0
2017-08-15,22.925995,28.846954,17.707214,2.5356865,3455355.8,0.0,0.0,4.925995,4831.576979166667,5463.35,3697.3,96,2017,8,Summer,1,0
2017-08-16,23.319061,29.49762,17.80722,2.3145208,2995148.8,0.007025401,0.0,5.3190613,4948.291354166667,5574.98,3818.89,96,2017,8,Summer,2,0
2017-08-17,24.184692,29.727142,20.25241,2.064184,3648260.2,0.0,0.0,6.1846924,5073.8928125,5793.49,3893.32,96,2017,8,Summer,3,0
2017-08-18,25.498108,32.262634,19.056427,2.1626148,3317721.8,0.0,0.0,7.498108,5092.889583333334,5805.64,3963.55,96,2017,8,Summer,4,0
2017-08-19,21.40207,22.622955,18.690704,4.93125,2804543.8,0.19143422,0.0,3.402069,4494.908541666667,5082.73,3576.15,96,2017,8,Summer,5,1
2017-08-20,18.565582,21.788269,16.600677,4.24712,2193011.2,2.0882921,0.0,0.5655823,3897.673125,4417.85,3321.13,96,2017,8,Summer,6,1
2017-08-21,17.346313,22.146362,13.521179,3.516199,2959748.2,0.0009536743,0.0,0.0,4589.513020833333,5211.0,3230.31,96,2017,8,Summer,0,0
2017-08-22,17.010994,22.503326,12.701569,2.378106,2820228.2,0.0,0.0,0.0,4778.5538541666665,5329.26,3764.48,96,2017,8,Summer,1,0
2017-08-23,17.764023,22.501648,13.947998,1.9944506,3113036.5,0.00012715659,0.0,0.0,4823.913125,5366.94,3843.87,96,2017,8,Summer,2,0
2017-08-24,19.580002,26.769135,12.440857,2.0534253,3451878.5,0.0,0.0,1.5800018,4871.990520833334,5432.22,3812.33,96,2017,8,Summer,3,0
2017-08-25,23.695702,29.258148,19.295776,1.3995459,3302451.2,0.002638499,0.0,5.6957016,5006.27625,5607.58,3878.64,96,2017,8,Summer,4,0
2017-08-26,24.958824,32.335205,18.833496,2.0392191,3335155.2,0.0047365823,0.0,6.958824,4649.4695833333335,5210.52,3844.68,96,2017,8,Summer,5,1
2017-08-27,24.957855,33.26007,20.214386,1.7303646,3278907.8,0.054677326,0.0,6.957855,4468.486770833333,5155.79,3644.48,96,2017,8,Summer,6,1
2017-08-28,21.469719,25.057129,19.126556,2.6177144,2291212.8,0.0,0.0,3.469719,4954.246354166667,5558.96,3707.84,96,2017,8,Summer,0,0
2017-08-29,18.88527,24.820862,14.863098,1.5203705,3053111.5,0.0,0.0,0.88526917,4967.120729166667,5513.52,3918.44,96,2017,8,Summer,1,0
2017-08-30,20.446655,27.367249,14.130829,3.4449015,3322415.0,0.0,0.0,2.4466553,4996.298437500001,5593.56,3882.27,96,2017,8,Summer,2,0
2017-08-31,22.997536,29.977478,17.301971,3.3690135,3226107.8,0.0,0.0,4.9975357,5085.6075,5715.66,3942.57,96,2017,8,Summer,3,0
2017-09-01,21.99337,26.588348,19.413422,2.939601,2795673.8,1.9535382,0.0,3.99337,5043.993541666667,5672.63,3974.05,96,2017,9,Autumn,4,0
2017-09-02,16.713821,20.008331,14.614838,4.4471884,2087411.1,0.16336441,0.0,0.0,4436.8925,4932.18,3626.01,96,2017,9,Autumn,5,1
2017-09-03,13.791641,15.03009,12.832214,5.536066,546973.9,4.1557627,1.7083588,0.0,4150.565729166667,4775.6,3451.46,96,2017,9,Autumn,6,1
2017-09-04,15.526764,20.270264,12.88031,3.5993013,2774882.0,0.009568533,0.0,0.0,4723.624583333333,5387.52,3436.79,96,2017,9,Autumn,0,0
2017-09-05,16.498726,22.338684,11.534363,2.6920762,2534259.2,0.0020345054,0.0,0.0,4837.066979166667,5493.35,3774.19,96,2017,9,Autumn,1,0
2017-09-06,18.06977,23.04544,14.981537,2.695649,1450594.1,0.10048549,0.0,0.06977081,4901.7121875,5612.69,3836.35,96,2017,9,Autumn,2,0
2017-09-07,17.149368,19.217957,15.623352,3.2664475,1800153.6,0.053946175,0.0,0.0,4943.4646875,5514.34,3885.13,96,2017,9,Autumn,3,0
2017-09-08,15.628967,22.094604,11.21225,2.691214,2882645.2,0.0,0.0,0.0,4848.28625,5388.43,3862.61,96,2017,9,Autumn,4,0
2017-09-09,18.64293,24.861694,13.481842,4.6840887,2726758.2,0.0037829082,0.0,0.6429291,4424.128229166667,5027.57,3635.81,96,2017,9,Autumn,5,1
2017-09-10,20.904083,26.009186,17.656067,3.2792995,2661781.5,0.001780192,0.0,2.9040833,4272.910520833333,5030.3,3482.68,96,2017,9,Autumn,6,1
2017-09-11,19.425201,22.47528,16.93039,2.1885097,1522479.0,0.99020004,0.0,1.4252014,4990.431875,5784.37,3574.04,96,2017,9,Autumn,0,0
2017-09-12,15.50309,17.814514,14.67041,4.8383827,1436872.5,2.3145356,0.0,0.0,4948.319166666667,5540.39,3957.92,96,2017,9,Autumn,1,0
2017-09-13,16.680382,21.580017,12.680695,4.6272273,2888998.5,0.0068028765,0.0,0.0,4889.062083333333,5617.51,3824.53,96,2017,9,Autumn,2,0
2017-09-14,18.66594,25.677002,15.8479,6.3894577,2817058.0,0.38162866,0.0,0.66593933,4967.27125,5688.05,3907.37,96,2017,9,Autumn,3,0
2017-09-15,13.562195,16.727478,11.892273,2.5917175,1626461.9,0.34939447,1.9378052,0.0,4890.0503125000005,5496.77,3871.18,96,2017,9,Autumn,4,0
2017-09-16,14.966698,18.907623,12.326019,2.2712834,1751159.5,2.9122353,0.5333023,0.0,4462.730729166667,5058.73,3652.35,96,2017,9,Autumn,5,1
2017-09-17,13.412102,15.006073,12.620148,2.4018273,267084.8,5.4319696,2.0878983,0.0,4298.381354166667,4983.56,3518.38,96,2017,9,Autumn,6,1
2017-09-18,12.861893,18.2099,8.92749,1.3178372,1681988.2,0.10032654,2.6381073,0.0,4788.560208333333,5574.09,3501.83,96,2017,9,Autumn,0,0
2017-09-19,12.350395,12.829163,11.653046,3.0380535,437657.62,3.2170615,3.1496048,0.0,5023.3497916666665,5724.43,3859.51,96,2017,9,Autumn,1,0
2017-09-20,12.042122,13.130737,11.4314575,5.8982725,408529.06,1.5487034,3.457878,0.0,5050.9279166666665,5721.7,3897.29,96,2017,9,Autumn,2,0
2017-09-21,12.410973,13.034851,11.455505,6.803129,919586.1,0.8438747,3.0890274,0.0,5167.531875,5816.95,3925.45,96,2017,9,Autumn,3,0
2017-09-22,13.657539,17.396454,11.757751,4.0207686,1890952.5,0.3873189,1.8424606,0.0,4973.226979166667,5600.22,3960.25,96,2017,9,Autumn,4,0
2017-09-23,12.384125,15.315033,10.1474,3.1389668,1460198.5,0.11434555,3.1158752,0.0,4537.998437499999,5189.75,3615.99,96,2017,9,Autumn,5,1
2017-09-24,12.957352,16.00473,11.370575,1.5565019,1106112.0,0.27097067,2.5426483,0.0,4289.906458333334,5073.64,3496.87,96,2017,9,Autumn,6,1
2017-09-25,13.623482,17.44397,11.219574,1.347886,1676326.4,0.08888244,1.8765182,0.0,4906.602083333333,5703.93,3556.79,96,2017,9,Autumn,0,0
2017-09-26,15.633163,20.32788,12.96347,2.0461342,2265506.2,0.2679189,0.0,0.0,4979.806875,5730.6,3899.9,96,2017,9,Autumn,1,0
2017-09-27,15.160507,19.646118,12.280365,1.6636304,1769284.2,0.035063427,0.3394928,0.0,4998.1634375,5746.65,3917.79,96,2017,9,Autumn,2,0
2017-09-28,14.811897,19.929108,11.87381,2.0672717,2034624.0,0.043646496,0.6881027,0.0,4993.012291666667,5706.15,3922.71,96,2017,9,Autumn,3,0
2017-09-29,13.173157,18.80664,9.739929,2.290264,2018743.5,0.023682913,2.3268433,0.0,4948.661145833333,5613.08,3934.5,96,2017,9,Autumn,4,0
2017-09-30,11.58371,17.315308,8.528076,2.920731,1548945.0,0.0006993612,3.9162903,0.0,4526.5590624999995,5234.77,3677.24,96,2017,9,Autumn,5,1
2017-10-01,10.520828,17.774353,7.1960754,2.79479,2365969.0,0.0,4.9791718,0.0,4266.103958333333,5162.15,3530.87,96,2017,10,Autumn,6,1
2017-10-02,10.146332,18.015533,5.3302,2.8279166,2242560.0,0.0,5.353668,0.0,4885.983229166667,5765.2,3602.65,96,2017,10,Autumn,0,0
2017-10-03,12.208191,15.231903,9.885773,3.776864,766865.06,0.40111542,3.291809,0.0,5062.000416666667,5839.98,3934.53,96,2017,10,Autumn,1,0
2017-10-04,12.833595,18.036438,8.845917,3.233642,2141930.8,0.00050862634,2.6664047,0.0,5032.741770833333,5798.75,3944.14,96,2017,10,Autumn,2,0
2017-10-05,15.205811,19.473694,11.428711,3.3316636,2028322.1,0.0,0.29418945,0.0,5107.469479166667,5804.39,3981.53,96,2017,10,Autumn,3,0
2017-10-06,12.20472,14.433533,10.162872,5.7400928,1706094.9,0.10210673,3.2952805,0.0,5063.949479166667,5709.8,3991.08,96,2017,10,Autumn,4,0
2017-10-07,10.551651,14.192474,9.102844,4.367378,1069303.5,0.028038027,4.948349,0.0,4534.337291666667,5180.84,3721.05,96,2017,10,Autumn,5,1
2017-10-08,10.356026,14.011108,6.3313904,3.4426923,852731.75,0.04622142,5.1439743,0.0,4354.2794791666665,5118.22,3553.05,96,2017,10,Autumn,6,1
2017-10-09,10.783112,14.22467,7.9063416,3.2619872,1769083.6,0.091552734,4.7168884,0.0,4963.446041666667,5811.81,3565.9,96,2017,10,Autumn,0,0
2017-10-10,11.72657,16.3526,8.293915,2.6570096,1602436.2,0.07921855,3.7734299,0.0,5072.914791666667,5814.68,3955.81,96,2017,10,Autumn,1,0
2017-10-11,14.355331,19.795685,11.335022,2.9710557,1856076.8,0.020694733,1.1446686,0.0,5062.300520833333,5810.11,3966.58,96,2017,10,Autumn,2,0
2017-10-12,13.917946,21.05899,8.019653,2.0442169,1977352.5,0.00012715659,1.5820541,0.0,5043.79125,5790.47,4016.74,96,2017,10,Autumn,3,0
2017-10-13,15.04911,19.49997,12.260681,3.1362717,1524804.2,0.0,0.4508896,0.0,4985.474999999999,5660.33,3949.05,96,2017,10,Autumn,4,0
2017-10-14,13.214218,19.419952,10.103973,2.0652952,1728106.8,0.0,2.2857819,0.0,4558.0798958333335,5256.21,3712.45,96,2017,10,Autumn,5,1
2017-10-15,13.394188,21.308685,8.557404,1.3537589,1857937.1,0.0,2.105812,0.0,4300.9262499999995,5133.91,3541.1,96,2017,10,Autumn,6,1
2017-10-16,14.355652,22.017303,9.747162,2.213863,1859874.1,0.0,1.1443481,0.0,4938.906041666666,5770.19,3600.26,96,2017,10,Autumn,0,0
2017-10-17,13.7851715,21.216553,8.4053955,1.6637619,1836189.9,0.00041325888,1.7148285,0.0,4995.618645833333,5793.8,3905.44,96,2017,10,Autumn,1,0
2017-10-18,14.761581,21.35788,11.303986,3.070444,1623475.1,0.0,0.7384186,0.0,5018.884895833334,5779.72,3905.75,96,2017,10,Autumn,2,0
2017-10-19,11.708031,16.742737,8.883789,1.525798,1764650.6,0.0,3.7919693,0.0,5030.9040625,5766.34,3944.51,96,2017,10,Autumn,3,0
2017-10-20,9.924332,14.406982,7.004822,1.1095948,1560580.2,0.017007193,5.5756683,0.0,5027.731354166667,5714.76,3946.83,96,2017,10,Autumn,4,0
2017-10-21,10.470268,12.734314,8.441406,0.71274227,607953.06,0.048923492,5.0297318,0.0,4592.634270833333,5221.64,3691.76,96,2017,10,Autumn,5,1
2017-10-22,10.583595,11.676483,9.973999,2.754938,432081.1,2.0404496,4.9164047,0.0,4317.9844791666665,4971.31,3525.36,96,2017,10,Autumn,6,1
2017-10-23,9.336174,9.654205,8.72287,7.9657803,246374.4,4.3418565,6.163826,0.0,4189.730625,4905.18,3383.05,96,2017,10,Autumn,0,0
2017-10-24,11.045685,13.85257,9.794403,7.7962756,1293760.0,0.008646647,4.454315,0.0,4914.802083333333,5760.34,3362.96,96,2017,10,Autumn,1,0
2017-10-25,8.912498,14.26239,3.9736023,2.335316,1376576.0,0.0,6.5875015,0.0,5073.2413541666665,5867.85,3956.56,96,2017,10,Autumn,2,0
2017-10-26,11.16909,17.052246,7.6723022,1.7879933,1270297.6,0.0020345054,4.3309097,0.0,5133.3834375,5846.97,4021.11,96,2017,10,Autumn,3,0
2017-10-27,10.409218,11.193573,9.724335,4.3360877,322107.75,1.2657802,5.090782,0.0,5219.253541666667,5832.34,4038.44,96,2017,10,Autumn,4,0
2017-10-28,10.18721,11.632324,8.7890625,5.768315,788309.3,0.05130768,5.31279,0.0,4690.526979166667,5331.58,3785.15,96,2017,10,Autumn,5,1
2017-10-29,9.713097,11.551056,8.703613,6.7023706,445486.94,1.2516658,5.7869034,0.0,4391.985833333333,5061.94,3478.77,96,2017,10,Autumn,6,1
2017-10-30,6.6726837,8.730164,5.6206055,6.880882,1400396.8,0.07168452,8.827316,0.0,5000.9470833333335,5797.21,3603.01,96,2017,10,Autumn,0,0
2017-10-31,6.0284576,8.648712,4.5414124,2.9165697,958638.9,0.16028085,9.471542,0.0,5112.6915625,5777.8,3949.53,96,2017,10,Autumn,1,0
2017-11-01,6.734192,11.207092,1.4337769,2.2977574,1371212.8,0.0,8.765808,0.0,4206.011979166667,4743.02,3625.43,96,2017,11,Autumn,2,0
2017-11-02,8.627876,13.332245,4.9509583,2.743051,1148215.5,0.0,6.8721237,0.0,4954.556354166666,5836.0,3396.52,96,2017,11,Autumn,3,0
2017-11-03,9.752441,13.15509,6.6950684,2.9311576,1186222.9,0.053215027,5.7475586,0.0,5078.47375,5787.43,3930.57,96,2017,11,Autumn,4,0
2017-11-04,7.2195206,14.118347,2.3250732,4.103625,1456234.6,0.0,8.280479,0.0,4702.22125,5382.4,3943.2,96,2017,11,Autumn,5,1
2017-11-05,9.501862,13.084747,6.885193,5.3959017,1265574.4,3.1789146e-05,5.9981384,0.0,4479.388333333333,5226.68,3633.88,96,2017,11,Autumn,6,1
2017-11-06,7.771286,9.992249,5.0861206,2.378141,531776.0,0.12744269,7.728714,0.0,5070.361666666667,5925.05,3639.75,96,2017,11,Autumn,0,0
2017-11-07,7.539795,12.049683,3.0815125,2.5863435,1336460.8,0.0,7.960205,0.0,5159.045,5957.02,4024.67,96,2017,11,Autumn,1,0
2017-11-08,8.435043,9.16684,8.000824,2.839945,183509.33,0.6726901,7.0649567,0.0,5299.888958333333,6081.45,3951.61,96,2017,11,Autumn,2,0
2017-11-09,8.0887375,9.761719,7.197815,0.9995694,417258.66,0.03856023,7.4112625,0.0,5288.430416666667,6021.42,4054.84,96,2017,11,Autumn,3,0
2017-11-10,8.442863,10.378693,6.984741,2.5391955,1248921.6,0.014305115,7.0571365,0.0,5248.564791666667,5987.14,4040.86,96,2017,11,Autumn,4,0
2017-11-11,7.602478,10.02005,5.5766907,2.5898478,1236893.8,0.2251625,7.897522,0.0,4754.525416666666,5414.43,3904.48,96,2017,11,Autumn,5,1
2017-11-12,7.560005,8.700409,5.902832,3.207285,541201.06,0.9295146,7.939995,0.0,4528.415,5244.86,3620.8,96,2017,11,Autumn,6,1
2017-11-13,6.2066116,8.872742,4.980774,6.254615,274956.8,1.4526049,9.293388,0.0,5231.793333333333,6082.83,3691.35,96,2017,11,Autumn,0,0
2017-11-14,4.55822,7.484619,2.4718628,5.69073,937877.3,0.0005722046,10.94178,0.0,5344.110937500001,6141.73,4072.06,96,2017,11,Autumn,1,0
2017-11-15,1.5068665,6.4352417,-1.7839661,2.0625699,1287599.0,0.0,13.993134,0.0,5329.399479166666,6106.91,4100.48,96,2017,11,Autumn,2,0
2017-11-16,3.5533981,5.4114685,1.5135498,1.0467081,265224.53,0.011030833,11.946602,0.0,5395.291458333333,6186.64,4131.49,96,2017,11,Autumn,3,0
2017-11-17,4.8833694,5.3249817,4.5418396,2.397049,226700.8,0.37736893,10.616631,0.0,5353.149895833333,6136.2,4088.5,96,2017,11,Autumn,4,0
2017-11-18,5.523819,8.014832,3.818695,3.143186,881625.6,0.09215672,9.976181,0.0,4869.79125,5493.9,4031.57,96,2017,11,Autumn,5,1
2017-11-19,4.005417,5.779724,3.0798645,2.4877145,625305.6,0.1601855,11.494583,0.0,4653.476145833333,5355.01,3779.57,96,2017,11,Autumn,6,1
2017-11-20,4.628456,7.9172974,2.5808105,4.516524,1023880.56,0.0673612,10.871544,0.0,5229.501875,6087.15,3793.18,96,2017,11,Autumn,0,0
2017-11-21,4.6520767,5.7273254,3.179657,2.271844,241348.27,0.93701684,10.847923,0.0,5449.4040625,6276.56,4141.86,96,2017,11,Autumn,1,0
2017-11-22,7.412819,11.760223,4.465149,2.3044384,1139148.8,0.09183884,8.087181,0.0,5385.731979166667,6126.23,4180.0,96,2017,11,Autumn,2,0
2017-11-23,4.9979324,10.004608,1.4814758,2.3352883,887522.1,0.00031789148,10.502068,0.0,5419.620104166667,6197.69,4173.49,96,2017,11,Autumn,3,0
2017-11-24,4.9891663,5.4164734,4.7467957,1.5009894,618525.9,0.0027656555,10.510834,0.0,5388.126354166667,6148.49,4142.61,96,2017,11,Autumn,4,0
2017-11-25,7.520012,10.633087,4.4414062,4.5192814,860932.25,0.10035833,7.979988,0.0,4946.725625,5577.53,4081.55,96,2017,11,Autumn,5,1
2017-11-26,5.7502365,6.85791,4.1463623,5.5190167,797777.06,1.3941128,9.7497635,0.0,4727.352291666667,5443.45,3756.17,96,2017,11,Autumn,6,1
2017-11-27,2.3796387,6.0002136,0.5565491,4.325348,897770.7,0.0,13.120361,0.0,5330.841875,6217.94,3847.54,96,2017,11,Autumn,0,0
2017-11-28,1.3945694,5.181488,-1.230835,3.8811634,1062912.0,0.0,14.105431,0.0,5470.045000000001,6307.17,4240.38,96,2017,11,Autumn,1,0
2017-11-29,2.83358,4.3226624,2.1460266,3.6339092,528456.56,1.2005488,12.66642,0.0,5623.4796875,6421.19,4252.74,96,2017,11,Autumn,2,0
2017-11-30,1.3804398,2.2247314,0.4536438,3.5344546,415099.72,2.1352131,14.11956,0.0,5634.743125,6384.71,4337.92,96,2017,11,Autumn,3,0
2017-12-01,-0.051948547,3.006958,-2.0274048,1.3569905,902323.2,0.0003496806,15.551949,0.0,5478.918333333334,6264.33,4278.02,96,2017,12,Winter,4,0
2017-12-02,-2.0461655,0.012054443,-3.8013306,3.2504067,1020390.4,9.536743e-05,17.546165,0.0,5085.499270833333,5744.79,4218.13,96,2017,12,Winter,5,1
2017-12-03,-0.7246628,0.89038086,-2.7631836,4.691125,424021.34,0.075276695,16.224663,0.0,4824.871875,5529.87,3860.42,96,2017,12,Winter,6,1
2017-12-04,0.19735718,1.8708496,-1.6069641,3.1999636,462967.47,0.11088054,15.302643,0.0,5489.772604166667,6318.01,3993.47,96,2017,12,Winter,0,0
2017-12-05,2.6921768,3.8796997,1.3284607,3.7910318,220748.8,0.6047567,12.807823,0.0,5563.769791666667,6342.83,4352.31,96,2017,12,Winter,1,0
2017-12-06,4.230606,6.7158813,2.0108337,3.8977869,899827.2,6.357829e-05,11.269394,0.0,5545.094791666666,6311.33,4307.1,96,2017,12,Winter,2,0
2017-12-07,0.07316589,3.0019531,-2.2415466,2.0381925,827063.44,0.0,15.426834,0.0,5572.3228125,6352.98,4312.76,96,2017,12,Winter,3,0
2017-12-08,1.6662292,4.2554016,-1.0487671,2.6568494,780134.4,1.3758978,13.833771,0.0,5562.0235416666665,6333.29,4373.72,96,2017,12,Winter,4,0
2017-12-09,1.9326477,3.064087,1.1217651,5.069723,765047.44,0.42502084,13.567352,0.0,5103.4061458333335,5710.87,4206.55,96,2017,12,Winter,5,1
2017-12-10,0.6851959,3.6828918,-3.358612,5.7684703,1065548.8,0.025685627,14.814804,0.0,4861.3271875,5590.41,3932.93,96,2017,12,Winter,6,1
2017-12-11,8.844711,12.063904,4.9721985,8.533153,555127.44,0.034300487,6.6552887,0.0,5493.27,6325.76,4019.04,96,2017,12,Winter,0,0
2017-12-12,10.214546,13.739349,5.905365,5.841371,177143.47,0.77521,5.285454,0.0,5515.739583333333,6298.14,4182.27,96,2017,12,Winter,1,0
2017-12-13,3.3982925,5.392639,1.5830078,2.8831248,1001156.25,0.23298265,12.101707,0.0,5531.380937499999,6320.71,4262.33,96,2017,12,Winter,2,0
2017-12-14,4.350769,6.3592834,1.7591248,4.5937757,565734.4,0.17277399,11.149231,0.0,5571.165208333333,6318.66,4291.87,96,2017,12,Winter,3,0
2017-12-15,5.387398,7.0371704,4.1381836,2.9633553,218705.06,0.5077998,10.112602,0.0,5425.973333333333,6186.49,4180.62,96,2017,12,Winter,4,0
2017-12-16,3.4499207,5.4770203,1.6547241,2.9134765,918459.75,0.09988149,12.050079,0.0,4967.657916666666,5642.45,4045.75,96,2017,12,Winter,5,1
2017-12-17,1.1017609,4.0127563,-0.36090088,2.5568838,907549.9,0.0045776367,14.398239,0.0,4805.255520833333,5530.25,3841.73,96,2017,12,Winter,6,1
2017-12-18,-0.066848755,1.8349915,-2.0112305,3.2753854,758314.7,0.0071207685,15.566849,0.0,5402.587083333333,6228.65,3972.27,96,2017,12,Winter,0,0
2017-12-19,-1.7766342,0.7871094,-3.9899902,3.390414,992115.2,0.00050862634,17.276634,0.0,5465.689062500001,6266.43,4239.29,96,2017,12,Winter,1,0
2017-12-20,-1.3558731,0.3918152,-2.8555908,1.6816657,579511.44,0.026257835,16.855873,0.0,5432.621979166667,6169.07,4215.67,96,2017,12,Winter,2,0
2017-12-21,0.3945694,2.3320007,-1.5095825,2.3824925,382267.72,0.6951968,15.105431,0.0,5363.681041666667,6099.86,4198.34,96,2017,12,Winter,3,0
2017-12-22,4.6699905,5.972229,3.36969,3.4939144,387763.2,0.011189779,10.830009,0.0,5051.306354166666,5794.12,4001.77,96,2017,12,Winter,4,0
2017-12-23,6.015785,7.720581,4.097748,4.464461,510293.34,0.025749207,9.484215,0.0,4725.1476041666665,5546.78,3723.81,96,2017,12,Winter,5,1
2017-12-24,7.7389297,10.963959,5.85907,3.7887397,878924.8,0.009028116,7.7610703,0.0,4225.5178125,4868.91,3408.07,96,2017,12,Winter,6,1
2017-12-25,3.3727493,7.76416,0.6607361,2.0752084,994764.8,0.0,12.127251,0.0,3991.8698958333334,4481.46,3226.68,96,2017,12,Winter,0,0
2017-12-26,4.100113,7.3397827,1.4826965,2.4686701,586581.3,0.0031153362,11.399887,0.0,4040.7564583333333,4571.62,3284.86,96,2017,12,Winter,1,0
2017-12-27,6.430336,10.901062,2.2452393,4.726878,983206.4,0.24048488,9.069664,0.0,4381.666666666667,5147.49,3300.7,96,2017,12,Winter,2,0
2017-12-28,6.173111,9.202911,3.3437805,4.591685,419891.2,1.2410482,9.326889,0.0,4471.609166666666,5211.85,3373.9,96,2017,12,Winter,3,0
2017-12-29,1.513916,3.7282104,-0.5996704,6.2744102,881130.7,1.4630318,13.986084,0.0,4513.5382291666665,5247.4,3481.06,96,2017,12,Winter,4,0
2017-12-30,0.2781906,2.1366272,-3.1397095,3.778553,523733.34,0.03925959,15.221809,0.0,4461.611666666667,5187.85,3490.93,96,2017,12,Winter,5,1
2017-12-31,4.130623,6.732605,2.2592468,3.6359377,561177.6,1.0919889,11.369377,0.0,4322.349999999999,5075.15,3394.18,96,2017,12,Winter,6,1
2018-01-01,4.9385223,5.5273743,4.216675,2.2307854,368025.6,0.08160274,10.561478,0.0,4004.0044791666664,4614.84,3353.67,96,2018,1,Winter,0,0
2018-01-02,4.5285416,6.9182434,2.5639954,2.5099816,618845.9,0.2948125,10.971458,0.0,4862.9705208333335,5722.5,3278.41,96,2018,1,Winter,1,0
2018-01-03,3.0420532,5.227844,-0.35049438,4.599065,214033.06,0.59900284,12.457947,0.0,5173.804166666667,6038.39,3904.6,96,2018,1,Winter,2,0
2018-01-04,5.1523514,8.837402,2.706665,3.1214826,969766.4,0.040690105,10.347649,0.0,5220.6709375,5997.48,4002.42,96,2018,1,Winter,3,0
2018-01-05,6.5285416,8.409515,4.322998,3.662342,916586.7,0.745074,8.971458,0.0,5227.5559375,5976.11,4031.68,96,2018,1,Winter,4,0
2018-01-06,9.40834,12.774475,6.3750916,3.8440413,794990.94,0.0037829082,6.0916595,0.0,4808.6172916666665,5425.74,3940.1,96,2018,1,Winter,5,1
2018-01-07,7.1885834,8.539307,5.336334,1.6962532,459413.34,0.003528595,8.311417,0.0,4563.835,5282.32,3654.0,96,2018,1,Winter,6,1
2018-01-08,6.732956,8.18515,5.7775574,1.8784187,685230.94,0.009091695,8.767044,0.0,5184.863333333334,5961.01,3701.6,96,2018,1,Winter,0,0
2018-01-09,6.3588257,7.323059,5.4104614,4.157151,427426.12,0.007470449,9.141174,0.0,5325.741875,6057.83,4067.27,96,2018,1,Winter,1,0
2018-01-10,4.3997116,5.232788,4.0625,3.0923421,171797.33,1.3380369,11.100288,0.0,5401.978125000001,6157.05,4068.19,96,2018,1,Winter,2,0
2018-01-11,4.756378,6.081909,3.7460938,1.830822,291694.94,0.062115986,10.743622,0.0,5416.749375,6125.24,4137.75,96,2018,1,Winter,3,0
2018-01-12,4.473221,5.0515137,4.0908813,2.2773237,224068.27,0.701046,11.026779,0.0,5414.959791666667,6126.8,4144.34,96,2018,1,Winter,4,0
2018-01-13,2.736374,4.067505,1.6633911,2.4443288,244364.8,0.5082448,12.763626,0.0,5039.108125,5783.14,4088.05,96,2018,1,Winter,5,1
2018-01-14,0.64388275,1.3343811,-0.33395386,3.5832002,691008.0,0.2602577,14.856117,0.0,4820.6525,5525.89,3828.27,96,2018,1,Winter,6,1
2018-01-15,-1.1258011,-0.35891724,-1.8500061,3.2907186,610248.56,0.03302892,16.625801,0.0,5574.162395833333,6359.54,3997.65,96,2018,1,Winter,0,0
2018-01-16,0.36557007,2.289978,-1.5112,4.7281313,965546.7,0.442791,15.13443,0.0,5706.833125,6381.63,4395.92,96,2018,1,Winter,1,0
2018-01-17,2.2118149,3.9485168,0.7732239,3.1209714,628757.3,0.39787295,13.288185,0.0,5671.3594791666665,6342.51,4415.31,96,2018,1,Winter,2,0
2018-01-18,3.3781738,5.8804626,1.1493835,4.863155,544166.4,0.15172958,12.121826,0.0,5552.84875,6261.06,4375.1,96,2018,1,Winter,3,0
2018-01-19,3.808548,5.5007935,2.472351,2.2055058,401032.53,0.6573995,11.691452,0.0,5504.064166666667,6196.27,4257.08,96,2018,1,Winter,4,0
2018-01-20,2.0604858,5.118561,-0.11566162,2.857736,1012040.56,0.12683868,13.439514,0.0,5009.835520833333,5618.18,4149.2,96,2018,1,Winter,5,1
2018-01-21,1.8966446,2.6502686,1.2044067,4.6451683,520469.34,0.5604744,13.603355,0.0,4841.895625,5518.91,3848.02,96,2018,1,Winter,6,1
2018-01-22,0.38757324,2.2287292,-1.9132996,3.356452,1280960.0,0.013160706,15.112427,0.0,5462.452291666667,6249.65,3996.81,96,2018,1,Winter,0,0
2018-01-23,1.6774445,2.5881653,0.66934204,1.7149469,788966.4,0.41179654,13.822556,0.0,5568.332395833334,6240.4,4301.29,96,2018,1,Winter,1,0
2018-01-24,4.0227356,5.9445496,1.91922,3.3799658,362163.2,0.017293293,11.477264,0.0,5590.917395833333,6240.9,4331.8,96,2018,1,Winter,2,0
2018-01-25,2.9827347,5.6385803,0.74664307,4.5843077,1279074.1,0.0,12.517265,0.0,5539.913020833334,6229.27,4391.95,96,2018,1,Winter,3,0
2018-01-26,3.3710861,4.9599,2.2490234,2.354686,718775.44,0.006898244,12.128914,0.0,5567.333854166667,6202.51,4352.96,96,2018,1,Winter,4,0
2018-01-27,1.8966675,2.6734009,1.1208801,1.4401457,427827.2,0.0058809915,13.6033325,0.0,5053.590104166667,5652.25,4191.92,96,2018,1,Winter,5,1
2018-01-28,3.1708298,5.916321,0.56951904,2.8803408,1169941.4,9.536744e-05,12.32917,0.0,4800.334791666667,5460.25,3898.56,96,2018,1,Winter,6,1
2018-01-29,6.748947,13.2127075,2.7816162,2.6710467,1233510.4,3.1789146e-05,8.751053,0.0,5304.857083333333,6018.05,3887.91,96,2018,1,Winter,0,0
2018-01-30,6.6362534,9.490265,3.7490845,4.0246525,1385309.9,0.0048319497,8.863747,0.0,5382.670833333334,6082.04,4200.38,96,2018,1,Winter,1,0
2018-01-31,3.5555801,6.484619,0.49694824,2.4492602,711654.4,0.0008583069,11.94442,0.0,5468.4415625,6123.26,4271.06,96,2018,1,Winter,2,0
2018-02-01,7.7417297,10.970184,4.4508667,5.073632,1078037.4,0.019900005,7.7582703,0.0,5450.186979166667,6058.85,4255.85,96,2018,2,Winter,3,0
2018-02-02,3.463173,4.213623,2.7470093,2.206864,295249.06,1.251316,12.036827,0.0,5425.028229166667,6061.58,4174.54,96,2018,2,Winter,4,0
2018-02-03,2.1254807,3.0301208,1.4081726,3.21881,460565.34,0.2061208,13.374519,0.0,5037.2496875,5808.0,4120.7,96,2018,2,Winter,5,1
2018-02-04,1.7709961,5.0601196,0.06201172,2.8395348,1398156.8,0.064977005,13.729004,0.0,4728.918229166667,5422.21,3841.63,96,2018,2,Winter,6,1
2018-02-05,-0.44644165,3.357544,-3.7769775,1.8306743,1499750.4,0.0029881797,15.946442,0.0,5396.556666666666,6107.35,3977.61,96,2018,2,Winter,0,0
2018-02-06,0.04573059,1.8061829,-1.6713562,2.4493744,630609.06,0.0075022383,15.454269,0.0,5631.742812500001,6292.8,4329.66,96,2018,2,Winter,1,0
2018-02-07,0.52760315,1.8322144,-0.23355103,3.2792935,314709.34,1.0191599,14.972397,0.0,5655.598958333333,6278.98,4381.22,96,2018,2,Winter,2,0
2018-02-08,1.2007217,1.405365,0.9793396,4.919835,505531.72,1.8373809,14.299278,0.0,5678.315833333333,6372.51,4389.7,96,2018,2,Winter,3,0
2018-02-09,0.5209961,2.4255676,-0.8497009,2.7620618,1581572.2,0.0004132589,14.979004,0.0,5527.8478125,6077.12,4393.33,96,2018,2,Winter,4,0
2018-02-10,0.47942352,1.6149902,-0.6185913,1.8053824,885832.56,0.02082189,15.0205765,0.0,5066.759895833334,5733.38,4196.59,96,2018,2,Winter,5,1
2018-02-11,0.5423889,4.0255737,-2.3856506,1.8320482,1493666.1,0.00025431317,14.957611,0.0,4768.194791666667,5462.9,3926.61,96,2018,2,Winter,6,1
2018-02-12,2.1505814,4.0730286,1.2176819,2.255374,708718.94,0.4556656,13.349419,0.0,5440.181770833334,6147.12,3952.51,96,2018,2,Winter,0,0
2018-02-13,1.0328217,1.5379639,0.6630249,3.317363,419046.4,0.89985526,14.467178,0.0,5649.2903125,6324.6,4257.95,96,2018,2,Winter,1,0
2018-02-14,1.0832443,2.329956,0.0054626465,3.8943372,928627.2,0.50640106,14.416756,0.0,5634.7978125,6225.14,4400.4,96,2018,2,Winter,2,0
2018-02-15,0.3899536,3.3504333,-1.7337952,2.587369,1148518.4,0.0017484028,15.110046,0.0,5559.156458333334,6195.41,4391.31,96,2018,2,Winter,3,0
2018-02-16,1.0802383,2.6758728,-0.50476074,2.9825757,737587.25,0.0023206074,14.419762,0.0,5562.176875,6150.92,4348.71,96,2018,2,Winter,4,0
2018-02-17,0.5694809,2.5091858,-1.8822021,2.7084904,1046250.7,0.1467387,14.930519,0.0,5109.729791666667,5739.4,4245.21,96,2018,2,Winter,5,1
2018-02-18,1.5425949,3.7315674,0.25842285,3.2766361,1144145.0,0.6155332,13.957405,0.0,4813.341875,5499.13,3911.07,96,2018,2,Winter,6,1
2018-02-19,-0.25524902,3.1193848,-3.2848206,1.8167083,1525815.4,0.0006993612,15.755249,0.0,5383.846770833333,6086.02,3992.84,96,2018,2,Winter,0,0
2018-02-20,-0.1642685,0.023071289,-0.60131836,2.9188719,508049.06,1.496156,15.6642685,0.0,5660.3107291666665,6303.23,4334.8,96,2018,2,Winter,1,0
2018-02-21,0.6266022,1.131897,0.18389893,3.2611232,1001975.5,0.5750021,14.873398,0.0,5634.901875,6244.62,4388.12,96,2018,2,Winter,2,0
2018-02-22,0.37129974,1.0640259,-0.08325195,3.0082755,593523.25,0.8268357,15.1287,0.0,5663.853125000001,6297.27,4427.71,96,2018,2,Winter,3,0
2018-02-23,-0.028709412,0.55078125,-0.8043518,2.6748445,511961.6,0.44247308,15.528709,0.0,5625.883854166666,6207.82,4413.72,96,2018,2,Winter,4,0
2018-02-24,-1.6583405,0.064331055,-3.1760254,4.967145,1767662.9,0.021489462,17.15834,0.0,5151.1790625,5726.13,4268.1,96,2018,2,Winter,5,1
2018-02-25,-6.365242,-3.7521057,-9.461945,3.8964143,1891208.5,0.008265178,21.865242,0.0,4955.987708333333,5717.63,4093.69,96,2018,2,Winter,6,1
2018-02-26,-7.482956,-5.02005,-10.249329,3.8130097,1100851.2,0.038687386,22.982956,0.0,5691.9075,6407.24,4283.38,96,2018,2,Winter,0,0
2018-02-27,-7.479103,-6.727661,-8.576721,4.195711,1202786.1,0.38938522,22.979103,0.0,5877.603437500001,6489.6,4640.94,96,2018,2,Winter,1,0
2018-02-28,-9.221397,-6.78006,-10.741577,3.1901112,1800917.4,0.072956085,24.721397,0.0,5895.060624999999,6562.83,4690.44,96,2018,2,Winter,2,0
2018-03-01,-9.826057,-5.254059,-14.141602,3.768952,1400204.8,0.028642017,25.326057,0.0,5926.507395833333,6554.39,4777.84,96,2018,3,Spring,3,0
2018-03-02,-5.3937073,-4.623749,-6.1209106,3.3789148,624802.2,0.21355946,20.893707,0.0,5915.019270833333,6591.94,4740.83,96,2018,3,Spring,4,0
2018-03-03,-2.7467804,-0.39785767,-4.908386,2.0673196,1954402.1,0.020694733,18.24678,0.0,5325.000729166667,5971.65,4495.73,96,2018,3,Spring,5,1
2018-03-04,-1.1115875,0.9053345,-3.0986023,2.2796757,1791202.1,0.021457672,16.611588,0.0,5007.823020833333,5673.39,4149.96,96,2018,3,Spring,6,1
2018-03-05,-1.343132,0.31869507,-3.60849,3.595083,1501529.6,0.102837875,16.843132,0.0,5566.5696875,6243.56,4236.55,96,2018,3,Spring,0,0
2018-03-06,1.2987823,2.1159363,0.37490845,2.9280307,972928.0,0.36093393,14.201218,0.0,5679.147708333334,6263.63,4464.18,96,2018,3,Spring,1,0
2018-03-07,3.5988998,7.2402344,1.5730896,2.277255,2030574.9,0.034395855,11.9011,0.0,5503.6329166666665,6113.85,4399.05,96,2018,3,Spring,2,0
2018-03-08,4.8637924,9.088593,1.2111511,2.2824469,1360614.4,1.2200038,10.636208,0.0,5551.791979166667,6109.78,4416.11,96,2018,3,Spring,3,0
2018-03-09,5.9830933,10.705322,2.527954,2.9999175,1778432.0,0.0,9.516907,0.0,5420.9896875,6003.62,4348.16,96,2018,3,Spring,4,0
2018-03-10,8.556633,14.097748,3.8781738,2.2805862,2185083.5,0.0,6.943367,0.0,5116.708333333333,5581.85,4237.36,96,2018,3,Spring,5,1
2018-03-11,10.15081,15.81015,3.5808716,3.9868226,2140697.5,0.10932286,5.3491898,0.0,4642.1959375,5326.4,3919.76,96,2018,3,Spring,6,1
2018-03-12,13.086586,17.079681,11.392975,5.6402483,2194150.2,0.02190272,2.413414,0.0,5106.588125,5864.13,3840.55,96,2018,3,Spring,0,0
2018-03-13,10.107658,14.869904,6.1891785,2.4730315,2052407.5,0.11666615,5.3923416,0.0,5145.08,5851.19,4108.84,96,2018,3,Spring,1,0
2018-03-14,8.205093,10.61911,6.9097595,3.3392432,1600665.6,0.07661183,7.2949066,0.0,5157.581145833333,5766.46,4076.46,96,2018,3,Spring,2,0
2018-03-15,6.1425323,9.022583,3.40094,2.9631186,1094506.6,0.19540785,9.357468,0.0,4397.6717708333335,4887.01,3752.31,96,2018,3,Spring,3,0
2018-03-16,7.8975677,8.118744,7.4458923,3.3260725,361945.6,2.820492,7.6024323,0.0,4646.8289583333335,5327.17,3520.34,96,2018,3,Spring,4,0
2018-03-17,4.6264343,6.038391,2.9456787,3.036591,618197.4,1.5688579,10.873566,0.0,4729.8983333333335,5379.88,3724.3,96,2018,3,Spring,5,1
2018-03-18,-0.6177826,0.40795898,-2.7207336,3.0772219,1453354.6,0.5706788,16.117783,0.0,4730.855625,5441.63,3797.69,96,2018,3,Spring,6,1
2018-03-19,-1.9597244,-0.6607666,-3.4693604,2.7304864,1505007.0,0.059127808,17.459724,0.0,5467.7404166666665,6172.03,4036.31,96,2018,3,Spring,0,0
2018-03-20,-1.1301041,0.7722473,-2.9813232,4.517061,1673617.0,0.09813309,16.630104,0.0,5603.326249999999,6259.92,4412.51,96,2018,3,Spring,1,0
2018-03-21,0.4643097,3.7984314,-2.1972656,4.125068,1713019.8,0.042279564,15.03569,0.0,5588.328333333334,6287.48,4501.4,96,2018,3,Spring,2,0
2018-03-22,-0.56611633,4.509674,-3.494995,1.4155748,2569642.8,6.357829e-05,16.066116,0.0,5483.470937499999,6199.46,4493.85,96,2018,3,Spring,3,0
2018-03-23,1.8215256,6.2439575,-2.355133,2.96878,1536076.8,0.013478597,13.678474,0.0,5470.1496875,6003.41,4444.69,96,2018,3,Spring,4,0
2018-03-24,3.0533676,7.0314636,-0.3821106,2.7913344,2094600.5,6.357829e-05,12.446632,0.0,5063.112604166667,5616.78,4291.08,96,2018,3,Spring,5,1
2018-03-25,2.3371735,5.0989075,-0.060699463,3.1722035,1240405.4,0.000222524,13.162827,0.0,4778.504791666667,5451.13,4040.44,96,2018,3,Spring,6,1
2018-03-26,4.642868,8.177185,1.4069214,1.3500819,1678110.0,0.053755447,10.857132,0.0,5347.1225,5946.64,4016.4,96,2018,3,Spring,0,0
2018-03-27,5.7671127,9.259277,3.6040955,2.708688,2611596.8,0.06310145,9.732887,0.0,5359.4225,5984.2,4332.25,96,2018,3,Spring,1,0
2018-03-28,5.3229675,10.3396,0.5713501,2.6106822,1659682.1,0.023969015,10.177032,0.0,5320.6544791666665,5887.88,4329.88,96,2018,3,Spring,2,0
2018-03-29,8.878685,9.590271,8.55954,2.5622997,462459.75,1.315244,6.621315,0.0,5333.2101041666665,5923.37,4283.3,96,2018,3,Spring,3,0
2018-03-30,8.8497925,11.463165,6.266449,2.6812594,920145.06,0.8103053,6.6502075,0.0,4393.377291666667,4909.01,3681.22,96,2018,3,Spring,4,0
2018-03-31,11.527214,13.02002,10.171234,5.0021625,1051950.9,0.8194288,3.972786,0.0,4405.937916666667,5006.3,3499.03,96,2018,3,Spring,5,1
2018-04-01,9.144371,11.419159,7.397522,5.7229595,1797418.8,0.41446686,6.355629,0.0,4091.5803125,4623.1,3409.34,96,2018,4,Spring,6,1
2018-04-02,9.057724,12.52298,6.367676,3.8690581,1581171.2,0.046952564,6.442276,0.0,3931.50625,4684.91,3344.19,96,2018,4,Spring,0,0
2018-04-03,13.560883,18.813965,8.93454,4.77065,3018867.2,0.0,1.9391174,0.0,4902.8665625,5641.76,3484.47,96,2018,4,Spring,1,0
2018-04-04,14.709282,16.638,13.0078125,7.0368166,2184605.8,0.0010490417,0.7907181,0.0,5073.883541666667,5696.13,4045.05,96,2018,4,Spring,2,0
2018-04-05,13.536354,16.993439,11.275909,3.702942,2436552.5,0.0045776367,1.9636459,0.0,5047.092291666667,5691.54,4079.4,96,2018,4,Spring,3,0
2018-04-06,10.766396,13.391693,8.4861145,5.0749187,2898969.8,0.0023206077,4.7336044,0.0,5066.714479166667,5589.46,4064.93,96,2018,4,Spring,4,0
2018-04-07,8.387611,12.608917,4.212616,2.2306705,1506769.1,0.08802414,7.1123886,0.0,4702.144479166666,5322.64,3889.59,96,2018,4,Spring,5,1
2018-04-08,13.5746155,19.398407,7.586975,4.5373473,3240883.2,3.1789146e-05,1.9253845,0.0,4264.281770833333,5016.64,3667.13,96,2018,4,Spring,6,1
2018-04-09,17.42598,23.394928,13.094543,3.8995867,3267332.5,0.0389417,0.0,0.0,4795.4375,5463.27,3616.22,96,2018,4,Spring,0,0
2018-04-10,14.581169,16.540497,12.541931,4.193343,2154611.2,0.09177526,0.9188309,0.0,4927.904895833333,5510.48,3860.31,96,2018,4,Spring,1,0
2018-04-11,15.288422,19.64209,12.295532,4.183144,2854681.8,0.0,0.21157837,0.0,4895.9679166666665,5531.24,3915.55,96,2018,4,Spring,2,0
2018-04-12,16.979553,23.831177,11.034882,2.3135536,3304196.2,0.009504954,0.0,0.0,4853.601874999999,5461.41,3937.07,96,2018,4,Spring,3,0
2018-04-13,16.675392,20.327911,14.035217,4.188548,2971963.8,2.165254,0.0,0.0,4859.363333333334,5361.84,3876.43,96,2018,4,Spring,4,0
2018-04-14,14.711113,20.517914,9.976288,1.7581397,3431296.0,0.0,0.788887,0.0,4403.599895833334,4923.8,3609.72,96,2018,4,Spring,5,1
2018-04-15,16.809761,21.928192,12.365753,3.7233582,2167611.8,0.11262894,0.0,0.0,4195.872604166667,4939.41,3455.7,96,2018,4,Spring,6,1
2018-04-16,17.277115,19.071045,16.130463,2.703182,1846553.5,1.1707941,0.0,0.0,4861.524166666667,5456.53,3524.41,96,2018,4,Spring,0,0
2018-04-17,16.396507,19.009674,13.782806,4.5570264,1804795.8,0.23441316,0.0,0.0,4918.704583333333,5467.01,3860.58,96,2018,4,Spring,1,0
2018-04-18,16.06417,20.817749,12.378937,3.4980414,3266590.0,0.001335144,0.0,0.0,4876.2071875,5478.86,3873.13,96,2018,4,Spring,2,0
2018-04-19,16.877983,22.844727,11.202606,2.6219015,3626692.2,0.0,0.0,0.0,4903.528229166667,5459.94,3916.16,96,2018,4,Spring,3,0
2018-04-20,19.084412,23.646545,15.209991,2.4887035,3658888.5,0.0,0.0,1.0844116,4841.071458333333,5355.69,3853.14,96,2018,4,Spring,4,0
2018-04-21,17.976006,25.22406,10.952423,2.9591472,3731870.0,0.0,0.0,0.0,4559.964895833334,5019.44,3743.97,96,2018,4,Spring,5,1
2018-04-22,19.166245,25.510315,13.430359,1.4710855,3485359.0,0.0,0.0,1.1662445,4144.173437500001,4903.18,3423.15,96,2018,4,Spring,6,1
2018-04-23,19.89283,26.098694,15.6441345,1.1331505,3209852.0,0.6790161,0.0,1.8928299,4772.365624999999,5364.49,3487.58,96,2018,4,Spring,0,0
2018-04-24,18.934326,22.10498,16.89624,2.7709148,2988403.2,0.04199346,0.0,0.9343262,4828.256354166667,5364.16,3817.07,96,2018,4,Spring,1,0
2018-04-25,19.563911,25.811401,13.59906,2.8300452,3517307.8,0.037225086,0.0,1.5639114,4874.2409375,5457.36,3783.4,96,2018,4,Spring,2,0
2018-04-26,14.80555,16.775787,11.633606,3.1254723,1028369.06,1.2747447,0.6944504,0.0,4876.131145833334,5385.87,3893.76,96,2018,4,Spring,3,0
2018-04-27,13.7836075,18.411438,9.40744,2.3527398,3518310.5,0.0048319497,1.7163925,0.0,4744.219895833333,5200.54,3827.75,96,2018,4,Spring,4,0
2018-04-28,18.202507,23.832153,12.26947,3.5530396,3855189.2,0.0,0.0,0.20250702,4293.476875,4855.94,3584.52,96,2018,4,Spring,5,1
2018-04-29,21.799072,27.621307,16.809845,3.5919142,3856716.8,0.008010864,0.0,3.7990723,4081.7516666666666,4660.31,3357.41,96,2018,4,Spring,6,1
2018-04-30,21.778374,26.399963,18.806396,4.943896,3734852.2,6.357829e-05,0.0,3.7783737,4069.8541666666665,4623.74,3356.65,96,2018,4,Spring,0,0
2018-05-01,18.652275,23.678253,15.186615,4.145491,3898035.2,0.0,0.0,0.6522751,3759.0967708333333,4475.96,3103.3,96,2018,5,Spring,1,0
2018-05-02,20.411354,26.38086,15.455017,2.9814918,3765815.5,0.14632542,0.0,2.411354,4714.1615625,5418.84,3185.18,96,2018,5,Spring,2,0
2018-05-03,20.76487,26.563171,16.539825,2.1790605,3978573.0,0.00031789145,0.0,2.7648697,4880.398125000001,5458.38,3815.63,96,2018,5,Spring,3,0
2018-05-04,20.48359,25.326538,16.426361,2.6716409,3145314.0,0.012397766,0.0,2.4835892,4891.426666666667,5390.68,3799.64,96,2018,5,Spring,4,0
2018-05-05,20.242577,24.628906,17.095337,4.120008,3523097.8,0.010395049,0.0,2.2425766,4457.188229166667,4968.53,3635.86,96,2018,5,Spring,5,1
2018-05-06,18.636963,23.12442,15.064087,4.171506,4091178.8,0.0,0.0,0.6369629,4121.575,4796.62,3390.29,96,2018,5,Spring,6,1
2018-05-07,18.810776,23.430115,14.625793,2.003879,4113177.8,0.0,0.0,0.81077576,4735.106145833333,5368.7,3446.79,96,2018,5,Spring,0,0
2018-05-08,17.56224,22.643341,14.019836,2.3211346,3911513.8,0.25138855,0.0,0.0,4844.017604166666,5332.85,3836.38,96,2018,5,Spring,1,0
2018-05-09,18.345955,23.48523,12.539276,1.483813,3409540.2,0.2169609,0.0,0.3459549,4920.923020833333,5429.24,3880.7,96,2018,5,Spring,2,0
2018-05-10,19.145119,24.491608,14.93222,2.1084487,3627959.2,1.1375109,0.0,1.1451187,4927.058854166667,5455.13,3876.73,96,2018,5,Spring,3,0
2018-05-11,19.296928,23.24823,16.279724,1.4275818,2894020.5,2.3404756,0.0,1.2969284,4931.260208333333,5449.04,3889.47,96,2018,5,Spring,4,0
2018-05-12,19.560913,25.161377,14.360199,1.0014951,3729190.2,0.052070618,0.0,1.5609131,4404.712395833333,4886.57,3598.25,96,2018,5,Spring,5,1
2018-05-13,19.283524,23.599426,15.170532,2.2325256,3494873.5,0.20230612,0.0,1.2835236,4118.5313541666665,4764.25,3351.68,96,2018,5,Spring,6,1
2018-05-14,16.649612,19.112122,13.937592,2.7647605,2700061.8,0.011189778,0.0,0.0,4702.220833333334,5247.4,3479.6,96,2018,5,Spring,0,0
2018-05-15,13.661285,15.003815,11.5017395,2.1131895,1491272.5,1.9866308,1.8387146,0.0,4866.998854166667,5455.65,3791.33,96,2018,5,Spring,1,0
2018-05-16,13.464554,17.694458,9.043457,1.7957394,2788582.5,0.12280147,2.0354462,0.0,4859.883958333333,5342.35,3838.92,96,2018,5,Spring,2,0
2018-05-17,14.918915,17.892212,11.949158,2.2268038,2912759.5,0.15643439,0.5810852,0.0,4843.8653125,5330.12,3869.96,96,2018,5,Spring,3,0
2018-05-18,17.21334,20.244171,14.3003845,3.538346,2932962.0,0.22471745,0.0,0.0,4802.100416666667,5266.2,3875.05,96,2018,5,Spring,4,0
2018-05-19,17.20478,21.492096,13.393433,2.8667753,3917231.0,0.05928676,0.0,0.0,4290.968958333334,4741.71,3506.7,96,2018,5,Spring,5,1
2018-05-20,17.725868,22.432495,12.732941,1.2559102,3686826.5,0.03401438,0.0,0.0,3773.2764583333333,4309.99,3188.09,96,2018,5,Spring,6,1
2018-05-21,18.577309,22.746765,14.38559,2.1143181,3885948.0,0.0060399375,0.0,0.57730865,3750.1863541666667,4441.83,3015.19,96,2018,5,Spring,0,0
2018-05-22,18.706635,24.404877,13.157196,2.6893022,3410551.5,1.7039299,0.0,0.7066345,4701.409895833333,5281.47,3255.42,96,2018,5,Spring,1,0
2018-05-23,20.789291,25.508148,15.843964,2.2698593,3770287.0,0.30368167,0.0,2.7892914,4921.3853125,5424.06,3862.39,96,2018,5,Spring,2,0
2018-05-24,21.055977,24.898224,18.08612,1.6991299,3105975.2,1.1449177,0.0,3.0559769,5017.548854166666,5620.9,3941.59,96,2018,5,Spring,3,0
2018-05-25,18.818863,20.089264,17.582367,1.5800202,2639701.5,0.36195117,0.0,0.8188629,4931.7909375,5536.35,3962.24,96,2018,5,Spring,4,0
2018-05-26,20.33165,24.615204,15.530304,0.9800447,3428650.5,0.012016295,0.0,2.3316498,4448.832708333333,4960.49,3681.47,96,2018,5,Spring,5,1
2018-05-27,22.210503,26.88913,16.595306,1.3386366,3860565.2,0.058873493,0.0,4.2105026,4234.351354166666,4850.5,3416.22,96,2018,5,Spring,6,1
2018-05-28,23.099564,27.93396,17.328339,1.5744647,4131046.5,0.06306966,0.0,5.0995636,5055.345833333334,6027.9,3593.38,96,2018,5,Spring,0,0
2018-05-29,23.509735,28.117493,19.433716,3.173921,4227507.0,0.0054677324,0.0,5.509735,5061.021041666667,5662.72,3945.7,96,2018,5,Spring,1,0
2018-05-30,22.227165,25.94217,19.189392,2.8854194,3226713.8,0.094381966,0.0,4.227165,5096.275000000001,5642.42,3984.93,96,2018,5,Spring,2,0
2018-05-31,23.452919,29.451965,16.461395,2.290827,4138799.0,0.0,0.0,5.452919,5218.038333333333,5855.34,4047.04,96,2018,5,Spring,3,0
2018-06-01,23.099571,28.496155,18.639679,1.6876665,3871270.5,0.022697449,0.0,5.099571,5173.9461458333335,5828.09,4086.38,96,2018,6,Summer,4,0
2018-06-02,22.517563,27.046356,18.921814,2.8082347,4201450.5,0.15618007,0.0,4.517563,4608.138020833333,5162.8,3795.59,96,2018,6,Summer,5,1
2018-06-03,22.731903,26.707764,19.078156,2.911661,4042799.0,0.01150767,0.0,4.731903,4342.1606249999995,4885.56,3512.33,96,2018,6,Summer,6,1
2018-06-04,22.71605,27.57373,17.72284,1.3131181,4221184.0,0.04447301,0.0,4.716049,5047.900000000001,5624.81,3612.65,96,2018,6,Summer,0,0
2018-06-05,22.466408,27.117126,17.51178,0.7685455,3764966.2,0.3290176,0.0,4.466408,5144.6975,5760.39,4009.37,96,2018,6,Summer,1,0
2018-06-06,21.290031,24.960846,18.631409,2.1287107,3057472.2,7.047558,0.0,3.2900314,5092.935520833334,5676.13,4066.85,96,2018,6,Summer,2,0
2018-06-07,21.03878,23.880219,18.065521,2.2895894,3115652.2,1.7379444,0.0,3.0387802,4988.7940625,5490.52,3961.34,96,2018,6,Summer,3,0
2018-06-08,23.22432,27.78064,18.611725,2.2963316,3965380.2,0.06926855,0.0,5.2243195,5027.3438541666665,5613.87,3903.61,96,2018,6,Summer,4,0
2018-06-09,20.80767,23.685242,18.506073,1.9067993,2704546.0,2.971554,0.0,2.8076706,4487.229375,5065.47,3671.23,96,2018,6,Summer,5,1
2018-06-10,23.311317,27.782501,18.565948,1.0833905,4061337.5,0.0398318,0.0,5.3113174,4309.837500000001,4940.28,3425.74,96,2018,6,Summer,6,1
2018-06-11,25.08258,29.618073,19.833008,1.4965523,4158434.2,0.016625723,0.0,7.0825806,5133.364791666667,5812.0,3684.76,96,2018,6,Summer,0,0
2018-06-12,24.466675,28.378479,22.35147,2.3926485,4020450.2,0.009250641,0.0,6.466675,5339.142291666667,5996.89,4204.22,96,2018,6,Summer,1,0
2018-06-13,19.98259,22.820648,17.88742,1.8988127,2389538.0,2.0120304,0.0,1.9825897,5111.018854166667,5675.55,4067.15,96,2018,6,Summer,2,0
2018-06-14,15.925369,16.901306,14.694916,5.9639883,982963.2,2.3002942,0.0,0.0,5037.9725,5630.29,4072.96,96,2018,6,Summer,3,0
2018-06-15,18.603912,21.974548,15.409363,4.9865913,2557487.0,0.2798398,0.0,0.60391235,4928.8862500000005,5423.28,3974.67,96,2018,6,Summer,4,0
2018-06-16,21.500809,25.790314,18.244507,3.1903288,3581743.0,0.022220612,0.0,3.5008087,4495.726354166666,4961.86,3744.73,96,2018,6,Summer,5,1
2018-06-17,22.767517,27.349915,18.971039,2.1334817,4095594.8,0.0047365827,0.0,4.767517,4306.801354166667,4921.6,3499.7,96,2018,6,Summer,6,1
2018-06-18,22.401817,25.563324,19.334259,4.890653,3680665.5,0.0032107034,0.0,4.4018173,4963.080208333334,5616.15,3689.41,96,2018,6,Summer,0,0
2018-06-19,23.597641,27.185242,20.228851,4.780437,4067285.5,0.01373291,0.0,5.597641,5112.452395833333,5711.38,3988.95,96,2018,6,Summer,1,0
2018-06-20,24.195526,28.306213,19.60559,1.9271462,4181845.2,0.0075022383,0.0,6.195526,5318.258541666667,5960.66,4097.35,96,2018,6,Summer,2,0
2018-06-21,25.25698,30.357391,19.87854,2.8472636,3930291.2,0.42552948,0.0,7.256981,5434.528541666667,6124.22,4220.56,96,2018,6,Summer,3,0
2018-06-22,16.624054,18.938446,14.772003,4.9393945,1642440.5,0.14168422,0.0,0.0,4961.566145833333,5576.19,4020.96,96,2018,6,Summer,4,0
2018-06-23,15.453728,18.302826,11.646606,4.688131,3747084.5,0.048542023,0.046272278,0.0,4320.1809375,4766.05,3631.74,96,2018,6,Summer,5,1
2018-06-24,16.364548,19.031647,13.151947,2.8299246,3753403.5,0.022951763,0.0,0.0,4122.199270833334,4671.65,3371.39,96,2018,6,Summer,6,1
2018-06-25,16.87539,19.572144,14.264282,2.7100086,3415244.8,0.128301,0.0,0.0,4783.731145833333,5341.29,3530.4,96,2018,6,Summer,0,0
2018-06-26,18.099014,22.684906,13.480347,2.5543466,4258018.0,0.020122528,0.0,0.09901428,4910.692395833333,5434.29,3903.83,96,2018,6,Summer,1,0
2018-06-27,17.627228,21.870972,14.399445,4.1453404,3310937.5,0.009218852,0.0,0.0,4949.852916666667,5538.64,3945.32,96,2018,6,Summer,2,0
2018-06-28,18.899765,22.918945,15.210724,3.8808224,2492740.2,1.7335892,0.0,0.899765,4999.938125,5529.96,3985.74,96,2018,6,Summer,3,0
2018-06-29,22.22673,25.678925,18.454895,4.284253,2967820.8,0.24054846,0.0,4.2267303,5015.0575,5603.53,3998.99,96,2018,6,Summer,4,0
2018-06-30,20.98745,22.583618,19.205872,5.2871327,4531490.0,0.0,0.0,2.9874496,4368.6525,4922.13,3526.89,96,2018,6,Summer,5,1
2018-07-01,16.842018,20.80017,12.233887,3.4644842,3946257.0,0.0,0.0,0.0,4065.7203125,4597.31,3314.74,96,2018,7,Summer,6,1
2018-07-02,17.360176,22.368073,10.791412,1.562494,3970274.0,0.0,0.0,0.0,4735.106666666667,5303.49,3479.08,96,2018,7,Summer,0,0
2018-07-03,20.544685,26.224426,12.536987,1.3917319,4166382.8,0.0,0.0,2.5446854,4917.490208333334,5439.49,3899.93,96,2018,7,Summer,1,0
2018-07-04,22.07817,28.202606,15.287598,2.2139277,3543859.2,0.014813742,0.0,4.078171,5011.905833333333,5610.81,3891.73,96,2018,7,Summer,2,0
2018-07-05,23.940598,30.468567,18.294525,3.0451584,4373231.0,0.065008804,0.0,5.9405975,5111.171666666666,5694.86,4007.17,96,2018,7,Summer,3,0
2018-07-06,20.604095,22.700745,18.595062,2.4728217,2103671.5,2.5403023,0.0,2.6040955,5062.65125,5743.59,4022.35,96,2018,7,Summer,4,0
2018-07-07,21.564735,24.825928,18.31369,4.702605,3640938.8,0.30644736,0.0,3.5647354,4444.774166666667,4984.13,3685.69,96,2018,7,Summer,5,1
2018-07-08,20.713852,24.18808,17.246124,3.4937675,3774788.2,0.00015894572,0.0,2.713852,4184.1309375,4686.99,3431.26,96,2018,7,Summer,6,1
2018-07-09,22.203781,27.099213,17.00595,3.1506982,3745693.8,0.00015894572,0.0,4.203781,4898.092083333334,5549.14,3568.87,96,2018,7,Summer,0,0
2018-07-10,22.014175,27.087921,19.03833,1.7213774,4073275.8,0.19162497,0.0,4.0141754,5014.575520833333,5642.06,3927.53,96,2018,7,Summer,1,0
2018-07-11,17.690376,18.661346,17.088745,1.800045,1160776.5,2.9431026,0.0,0.0,4986.1170833333335,5609.29,3940.7,96,2018,7,Summer,2,0
2018-07-12,19.912926,23.751312,15.1875,1.9721448,3653845.2,0.042502087,0.0,1.9129257,4916.298958333334,5439.88,3904.45,96,2018,7,Summer,3,0
2018-07-13,21.63678,26.468994,16.241882,2.6087782,3534476.8,0.0027338662,0.0,3.6367798,4860.935208333333,5431.62,3856.75,96,2018,7,Summer,4,0
2018-07-14,22.55439,27.803833,17.698273,2.3611531,3922398.0,0.004800161,0.0,4.55439,4331.016979166667,4760.52,3587.66,96,2018,7,Summer,5,1
2018-07-15,22.386726,26.955353,18.036316,2.596687,3882487.5,0.0010808309,0.0,4.3867264,4110.038125,4734.88,3316.11,96,2018,7,Summer,6,1
2018-07-16,22.101715,27.814056,16.776855,1.3927773,4006788.2,0.008646647,0.0,4.101715,4830.581458333333,5448.92,3491.8,96,2018,7,Summer,0,0
2018-07-17,22.269684,27.338013,18.397736,4.1188416,3950455.8,0.00076293945,0.0,4.269684,4911.7084375,5562.23,3886.23,96,2018,7,Summer,1,0
2018-07-18,22.178886,26.704468,18.814209,5.630441,2735309.0,0.06567637,0.0,4.1788864,4833.914374999999,5385.44,3855.66,96,2018,7,Summer,2,0
2018-07-19,23.36515,26.152802,20.26117,4.562629,3221060.0,0.00445048,0.0,5.3651505,4889.092604166667,5472.43,3829.24,96,2018,7,Summer,3,0
2018-07-20,22.911156,27.503998,17.796204,2.8912442,3823198.0,0.0374794,0.0,4.9111557,4876.9513541666665,5459.5,3841.9,96,2018,7,Summer,4,0
2018-07-21,22.891983,29.330841,17.618988,1.9403204,3475469.0,0.9565671,0.0,4.891983,4420.7996875,4973.44,3609.13,96,2018,7,Summer,5,1
2018-07-22,21.304832,26.003815,18.663055,2.1910927,3072234.5,2.1323524,0.0,3.3048325,4075.30125,4645.6,3348.19,96,2018,7,Summer,6,1
2018-07-23,21.215233,24.836792,18.56192,4.6216474,2225245.8,0.7045746,0.0,3.2152328,4658.906666666667,5317.15,3451.66,96,2018,7,Summer,0,0
2018-07-24,24.206367,28.875,20.04956,4.2624764,3835515.8,0.0,0.0,6.2063675,4718.096145833333,5297.59,3679.86,96,2018,7,Summer,1,0
2018-07-25,24.041527,28.83612,19.376984,3.4264877,3584281.5,0.0014623005,0.0,6.041527,4794.6909375000005,5352.79,3717.78,96,2018,7,Summer,2,0
2018-07-26,23.619705,28.658234,19.925781,3.007248,3576123.5,0.016148884,0.0,5.619705,4887.556354166666,5512.88,3793.82,96,2018,7,Summer,3,0
2018-07-27,24.052872,28.293549,19.432526,1.6590331,3392989.8,0.29608408,0.0,6.0528717,4856.348229166667,5485.45,3801.64,96,2018,7,Summer,4,0
2018-07-28,24.368286,28.019592,20.555756,1.6473681,2955955.2,0.076516464,0.0,6.368286,4390.895104166667,4844.49,3608.33,96,2018,7,Summer,5,1
2018-07-29,26.660805,31.624115,21.328583,3.2992973,3933811.2,0.0020980833,0.0,8.660805,4291.376875,4998.89,3385.08,96,2018,7,Summer,6,1
2018-07-30,26.52243,31.821472,22.437408,2.3907905,3458026.5,0.0014623005,0.0,8.52243,4976.955520833333,5689.75,3598.16,96,2018,7,Summer,0,0
2018-07-31,26.45639,31.743896,21.495789,1.8676859,3618069.5,0.0010172527,0.0,8.45639,5055.0915625,5730.17,3893.29,96,2018,7,Summer,1,0
2018-08-01,25.648643,29.53653,22.505096,1.458851,2599010.0,1.2278239,0.0,7.6486435,5094.052708333334,5787.39,3931.28,96,2018,8,Summer,2,0
2018-08-02,24.562439,28.281097,21.371033,1.5326581,3163021.0,0.20109811,0.0,6.562439,5057.280625,5720.92,3949.41,96,2018,8,Summer,3,0
2018-08-03,25.245705,30.296204,20.750244,1.3025563,3114142.0,0.06942749,0.0,7.2457047,5048.084374999999,5772.37,3967.96,96,2018,8,Summer,4,0
2018-08-04,25.830444,31.362518,21.615631,1.3024299,3583816.8,0.0,0.0,7.8304443,4510.8507291666665,5061.83,3730.04,96,2018,8,Summer,5,1
2018-08-05,25.521736,33.019836,20.703949,2.0276864,3790489.5,0.10458628,0.0,7.521736,4331.584583333333,4916.68,3494.9,96,2018,8,Summer,6,1
2018-08-06,24.741692,29.824493,19.737701,1.4161596,3548796.0,0.015163422,0.0,6.7416916,4999.600625,5744.64,3555.48,96,2018,8,Summer,0,0
2018-08-07,25.117142,31.049133,20.743164,2.1010818,3239496.5,0.01748403,0.0,7.1171417,5108.492499999999,5813.09,3911.99,96,2018,8,Summer,1,0
2018-08-08,26.929115,32.57892,22.048706,3.3132036,3762846.0,3.1789146e-05,0.0,8.929115,5210.628645833333,5910.61,3961.82,96,2018,8,Summer,2,0
2018-08-09,27.795135,33.332092,22.833588,3.027507,3785826.0,0.00667572,0.0,9.7951355,5318.933854166667,6032.86,4053.55,96,2018,8,Summer,3,0
2018-08-10,25.699127,30.19577,23.681091,2.4614031,3315959.5,1.575915,0.0,7.699127,5213.120104166667,5896.17,4090.77,96,2018,8,Summer,4,0
2018-08-11,20.878342,24.033905,17.641083,2.746088,1744571.6,1.9274077,0.0,2.8783417,4482.782604166667,4970.32,3672.68,96,2018,8,Summer,5,1
2018-08-12,22.511711,27.84082,17.799072,1.9484807,3871206.5,0.0,0.0,4.511711,4237.9366666666665,4956.28,3445.41,96,2018,8,Summer,6,1
2018-08-13,24.714226,30.476685,19.051697,3.1878877,3444335.0,0.005086263,0.0,6.714226,5005.962291666667,5754.97,3561.07,96,2018,8,Summer,0,0
2018-08-14,22.784218,25.838226,21.410736,3.0805345,2918737.0,0.32637915,0.0,4.784218,5079.629895833333,5832.42,3945.37,96,2018,8,Summer,1,0
2018-08-15,22.50164,26.370148,19.496338,3.5340455,2715874.0,0.0,0.0,4.5016403,4975.744375,5569.34,3950.95,96,2018,8,Summer,2,0
2018-08-16,22.175545,27.409576,17.712677,1.9458811,3136964.2,0.0006357829,0.0,4.1755447,4975.105833333333,5530.69,3931.7,96,2018,8,Summer,3,0
2018-08-17,22.673065,28.665833,17.14981,1.6108363,3004569.5,0.017960867,0.0,4.673065,4982.649895833333,5592.63,3956.86,96,2018,8,Summer,4,0
2018-08-18,23.71653,30.361786,18.18164,0.89861715,3028992.0,0.002892812,0.0,5.71653,4565.0408333333335,5137.34,3787.04,96,2018,8,Summer,5,1
2018-08-19,24.901741,31.544067,19.88855,1.1304297,3474436.2,0.011253357,0.0,6.901741,4307.9346875,4943.72,3575.81,96,2018,8,Summer,6,1
2018-08-20,25.317703,32.342224,19.817139,1.3507948,3415995.8,0.013128916,0.0,7.3177032,4105.2246875,4765.96,3353.69,96,2018,8,Summer,0,0
2018-08-21,25.729889,31.629364,21.6109,2.7069569,3356795.8,0.004895528,0.0,7.729889,4994.9915625,5784.51,3437.47,96,2018,8,Summer,1,0
2018-08-22,25.054718,31.013275,20.479858,1.7165971,3261214.0,0.0003496806,0.0,7.054718,5210.939791666667,5879.76,4005.27,96,2018,8,Summer,2,0
2018-08-23,25.132927,30.890656,19.93045,2.8247633,3059379.2,0.93428296,0.0,7.132927,5230.102083333333,5986.46,4079.17,96,2018,8,Summer,3,0
2018-08-24,23.098724,27.915955,20.871338,2.3665705,2919168.0,0.9198825,0.0,5.0987244,5147.929270833333,5824.3,4077.59,96,2018,8,Summer,4,0
2018-08-25,19.434692,21.28061,18.515625,3.4221883,2654088.5,0.43532056,0.0,1.4346924,4484.229583333333,4995.31,3665.74,96,2018,8,Summer,5,1
2018-08-26,14.900459,15.86377,13.154083,5.991602,831436.8,2.8107326,0.5995407,0.0,4138.6570833333335,4693.84,3525.97,96,2018,8,Summer,6,1
2018-08-27,16.408676,21.478058,13.10788,2.69208,3240665.5,0.0,0.0,0.0,4696.579479166667,5330.98,3464.17,96,2018,8,Summer,0,0
2018-08-28,19.070198,26.176208,12.021393,1.6597393,3059063.5,0.0,0.0,1.070198,4846.212916666666,5456.29,3838.05,96,2018,8,Summer,1,0
2018-08-29,20.128944,27.267792,15.223358,1.9066272,3075494.5,0.0,0.0,2.1289444,4929.552291666667,5524.42,3912.06,96,2018,8,Summer,2,0
2018-08-30,20.958824,27.229889,16.697968,2.6813521,2364249.8,0.028355917,0.0,2.9588242,4936.417291666667,5529.16,3908.2,96,2018,8,Summer,3,0
2018-08-31,20.558449,25.622925,17.407104,2.2501082,2805823.8,0.019931793,0.0,2.5584488,4922.785833333333,5443.07,3930.86,96,2018,8,Summer,4,0
2018-09-01,19.692291,23.6109,18.178558,2.600443,2342882.2,0.79539615,0.0,1.6922913,4462.770520833333,5001.93,3651.94,96,2018,9,Autumn,5,1
2018-09-02,18.63469,21.53006,16.94577,2.6727526,1659631.0,0.8659998,0.0,0.63468933,4262.736666666667,4971.48,3508.34,96,2018,9,Autumn,6,1
2018-09-03,19.016678,21.520142,17.465149,1.7503482,1732433.0,3.969574,0.0,1.0166779,4924.869791666667,5565.51,3642.09,96,2018,9,Autumn,0,0
2018-09-04,17.931305,19.23462,16.928558,1.7128602,803801.6,2.2029877,0.0,0.0,5015.653541666667,5586.67,3929.65,96,2018,9,Autumn,1,0
2018-09-05,20.107643,24.751892,17.039246,3.2052135,2483724.8,0.037733715,0.0,2.1076431,4969.320000000001,5637.92,3912.43,96,2018,9,Autumn,2,0
2018-09-06,19.045906,24.766113,15.932312,2.4554098,2937817.5,6.357829e-05,0.0,1.0459061,4997.700416666667,5601.73,3967.38,96,2018,9,Autumn,3,0
2018-09-07,19.049904,24.874023,15.364014,0.9690519,2679658.5,0.056711826,0.0,1.0499039,4932.495,5484.87,3976.62,96,2018,9,Autumn,4,0
2018-09-08,20.10247,24.516418,17.950775,3.4092817,2771882.5,0.00025431317,0.0,2.1024704,4455.7190625,5005.12,3662.52,96,2018,9,Autumn,5,1
2018-09-09,18.398079,24.726685,14.371307,2.114814,2922726.2,0.0,0.0,0.39807892,4198.350625,4938.57,3530.87,96,2018,9,Autumn,6,1
2018-09-10,18.715378,25.298431,14.431854,1.3935028,2931353.8,0.0,0.0,0.7153778,4782.076770833333,5537.53,3547.64,96,2018,9,Autumn,0,0
2018-09-11,20.176117,26.479095,15.637634,1.6081846,2030762.6,0.0319163,0.0,2.176117,4971.1876041666665,5648.2,3896.0,96,2018,9,Autumn,1,0
2018-09-12,20.993202,28.325409,16.89621,1.4610378,2888947.2,0.0,0.0,2.9932022,4956.419375,5590.24,3948.1,96,2018,9,Autumn,2,0
2018-09-13,20.636696,27.658478,16.490143,1.64219,2435076.2,0.011444092,0.0,2.6366959,4975.448229166666,5645.15,3885.01,96,2018,9,Autumn,3,0
2018-09-14,19.91066,25.128632,16.085297,2.1360683,2102481.0,0.031757355,0.0,1.9106598,4966.434270833333,5581.28,3902.8,96,2018,9,Autumn,4,0
2018-09-15,18.97403,23.811768,16.343323,3.1092484,2705246.0,0.013065338,0.0,0.97402954,4406.533854166667,4976.28,3610.43,96,2018,9,Autumn,5,1
2018-09-16,18.265266,23.27124,15.130737,1.7863433,2076637.9,0.003083547,0.0,0.26526642,4149.551041666667,4876.11,3457.46,96,2018,9,Autumn,6,1
2018-09-17,19.876595,25.632263,16.049438,3.1053393,2343983.0,0.0,0.0,1.8765945,4823.620416666667,5580.03,3530.88,96,2018,9,Autumn,0,0
2018-09-18,19.84793,26.243439,16.422607,3.282228,2550080.0,0.0,0.0,1.8479309,4920.576145833334,5582.47,3850.38,96,2018,9,Autumn,1,0
2018-09-19,19.312698,25.99585,14.455994,1.3955395,2339319.5,0.0,0.0,1.3126984,4947.306250000001,5674.2,3827.46,96,2018,9,Autumn,2,0
2018-09-20,19.593697,26.760925,15.309357,1.1138237,2324808.5,0.012302399,0.0,1.5936966,4978.712916666666,5662.43,3907.16,96,2018,9,Autumn,3,0
2018-09-21,19.683495,27.497833,14.529663,2.9344125,2607253.2,0.0,0.0,1.6834946,4915.4396875,5530.78,3861.52,96,2018,9,Autumn,4,0
2018-09-22,15.165169,17.986938,13.714813,3.695619,549751.44,0.26954016,0.33483124,0.0,4396.515416666666,5017.19,3496.36,96,2018,9,Autumn,5,1
2018-09-23,14.702187,17.293976,12.274384,3.8893237,610875.75,0.0047365827,0.7978134,0.0,4125.093020833333,4859.39,3383.85,96,2018,9,Autumn,6,1
2018-09-24,12.931641,16.314331,10.509552,5.8628464,1561570.1,1.42924,2.5683594,0.0,4799.658333333334,5510.79,3500.15,96,2018,9,Autumn,0,0
2018-09-25,9.578033,12.751282,8.294006,4.347607,2119360.0,0.036271412,5.9219666,0.0,4846.858125,5650.65,3797.83,96,2018,9,Autumn,1,0
2018-09-26,8.520531,15.044891,3.9309998,2.2298899,2506487.5,0.0,6.9794693,0.0,4893.5173958333335,5667.35,3877.01,96,2018,9,Autumn,2,0
2018-09-27,11.415642,18.940033,6.216217,2.2954059,2258517.2,0.0,4.084358,0.0,4941.260416666667,5719.84,3929.29,96,2018,9,Autumn,3,0
2018-09-28,13.535782,21.052643,9.54422,2.650251,2420270.8,0.0,1.9642181,0.0,4852.924479166667,5562.88,3925.46,96,2018,9,Autumn,4,0
2018-09-29,12.615425,15.554779,10.565399,5.0662513,1795383.5,0.0011444092,2.884575,0.0,4450.8665625,5081.82,3605.75,96,2018,9,Autumn,5,1
2018-09-30,9.488197,16.284515,5.081299,2.1089847,2401318.2,0.0,6.0118027,0.0,4187.398854166667,5056.92,3482.15,96,2018,9,Autumn,6,1
2018-10-01,10.44973,15.562256,6.081299,2.2154953,1823799.4,0.022443134,5.05027,0.0,4914.174166666667,5737.22,3501.52,96,2018,10,Autumn,0,0
2018-10-02,10.141258,12.258026,8.444397,3.9798248,1709990.4,0.48287714,5.3587418,0.0,5074.602604166666,5791.39,3849.56,96,2018,10,Autumn,1,0
2018-10-03,12.063492,16.696472,9.044525,4.278965,1427298.1,0.09975434,3.4365082,0.0,5045.360416666666,5799.38,3964.46,96,2018,10,Autumn,2,0
2018-10-04,11.035065,16.785095,7.4931335,2.0168455,1721519.0,0.008201599,4.4649353,0.0,4995.009791666666,5775.03,3967.68,96,2018,10,Autumn,3,0
2018-10-05,11.413879,19.298584,6.567749,3.2624881,2215449.5,0.0,4.0861206,0.0,4956.970625,5637.21,3991.36,96,2018,10,Autumn,4,0
2018-10-06,14.416382,21.460022,9.43335,4.272804,2120260.2,0.0,1.0836182,0.0,4441.226041666667,5142.41,3612.32,96,2018,10,Autumn,5,1
2018-10-07,16.37307,20.35968,13.545929,1.9651327,1777740.9,0.15643437,0.0,0.0,4221.481354166667,5081.37,3458.59,96,2018,10,Autumn,6,1
2018-10-08,15.883942,20.250793,13.245972,2.0690126,1727778.1,0.3640493,0.0,0.0,4867.904687499999,5683.49,3560.64,96,2018,10,Autumn,0,0
2018-10-09,14.373138,21.814331,9.645752,0.93370414,1966528.0,0.035095215,1.1268616,0.0,4918.776770833333,5679.01,3905.18,96,2018,10,Autumn,1,0
2018-10-10,14.424545,22.799377,9.610779,2.092285,2031035.8,0.00012715659,1.0754547,0.0,4945.728020833333,5695.22,3883.24,96,2018,10,Autumn,2,0
2018-10-11,14.66774,22.916351,9.304901,2.1389718,2011417.6,0.0,0.83226013,0.0,4937.019895833333,5665.03,3898.07,96,2018,10,Autumn,3,0
2018-10-12,14.476425,21.698639,9.82016,2.6865149,1998190.9,0.0,1.0235748,0.0,4904.866770833333,5598.7,3899.56,96,2018,10,Autumn,4,0
2018-10-13,13.429024,22.013428,8.268555,2.0421479,1954120.6,0.0,2.0709763,0.0,4635.393333333333,5221.01,3762.09,96,2018,10,Autumn,5,1
2018-10-14,13.426109,21.24591,9.016785,2.873421,1969949.9,0.0,2.0738907,0.0,4207.745729166667,5051.15,3520.92,96,2018,10,Autumn,6,1
2018-10-15,12.813377,19.709503,9.018616,3.0039346,1874991.0,0.0,2.6866226,0.0,4827.7508333333335,5656.37,3513.3,96,2018,10,Autumn,0,0
2018-10-16,13.17765,18.901917,9.841278,2.7564006,1537122.1,0.0,2.3223495,0.0,4988.689375,5771.75,3926.87,96,2018,10,Autumn,1,0
2018-10-17,14.111221,19.896118,10.4028015,2.0429373,1522112.0,0.026321411,1.3887787,0.0,4992.010625,5790.5,3951.48,96,2018,10,Autumn,2,0
2018-10-18,14.286072,19.428741,11.543884,1.1632638,1537024.0,0.09463628,1.2139282,0.0,5044.9871875,5777.03,3933.88,96,2018,10,Autumn,3,0
2018-10-19,13.177582,18.691406,9.718231,2.2422457,1720917.4,0.08827845,2.3224182,0.0,5041.701562499999,5659.39,3969.52,96,2018,10,Autumn,4,0
2018-10-20,12.339737,17.547882,8.366608,3.8307621,1306781.9,0.0018119812,3.160263,0.0,4493.343229166667,5147.25,3679.2,96,2018,10,Autumn,5,1
2018-10-21,10.33567,12.423309,7.6921387,5.4262924,742771.2,0.018056234,5.1643295,0.0,4280.152083333333,4895.3,3480.49,96,2018,10,Autumn,6,1
2018-10-22,10.620651,13.619141,9.146942,2.556242,1321130.6,0.02005895,4.8793488,0.0,4225.020416666667,4917.75,3430.44,96,2018,10,Autumn,0,0
2018-10-23,11.635437,14.452698,9.709869,4.1959105,927923.25,0.0248909,3.864563,0.0,4044.6330208333334,4879.53,3327.53,96,2018,10,Autumn,1,0
2018-10-24,10.873016,13.182526,8.6475525,7.075544,223918.92,0.79123175,4.6269836,0.0,4991.987708333333,5778.19,3408.89,96,2018,10,Autumn,2,0
2018-10-25,10.412308,14.245056,7.0470886,4.143036,1114585.6,0.33086142,5.0876923,0.0,5208.481145833333,5889.55,4034.24,96,2018,10,Autumn,3,0
2018-10-26,12.04763,15.194031,8.751312,3.333589,1068087.5,0.0,3.4523697,0.0,5112.634791666666,5742.25,4045.13,96,2018,10,Autumn,4,0
2018-10-27,10.896408,11.523651,9.580933,2.9053028,420736.0,0.7139842,4.603592,0.0,4688.143854166667,5310.42,3723.6,96,2018,10,Autumn,5,1
2018-10-28,13.213242,18.187866,8.792511,3.3761487,1402786.1,0.06748835,2.2867584,0.0,4384.29375,5105.34,3531.04,96,2018,10,Autumn,6,1
2018-10-29,17.51242,21.701843,14.085968,5.4134345,1096644.2,0.7925352,0.0,0.0,4944.808645833334,5770.7,3594.88,96,2018,10,Autumn,0,0
2018-10-30,17.672066,19.582794,15.793152,7.2568502,1544635.6,0.19222896,0.0,0.0,5037.9262499999995,5700.25,3862.83,96,2018,10,Autumn,1,0
2018-10-31,13.3685,18.745636,9.386719,4.5998774,1516654.9,0.0,2.1315002,0.0,4910.1721875,5646.06,3896.11,96,2018,10,Autumn,2,0
2018-11-01,13.681931,17.665558,9.761078,4.0295916,1104849.0,0.0,1.8180695,0.0,4070.3347916666667,4576.12,3567.53,96,2018,11,Autumn,3,0
2018-11-02,15.637665,19.287567,11.50946,3.2349305,1194261.2,1.6755104,0.0,0.0,4312.770833333333,5048.22,3274.88,96,2018,11,Autumn,4,0
2018-11-03,14.542686,16.558777,12.472687,1.7399004,964125.9,0.096035,0.95731354,0.0,4322.927395833333,5038.51,3470.82,96,2018,11,Autumn,5,1
2018-11-04,12.43174,15.938293,11.029419,2.1320665,1274602.8,0.0014305115,3.0682602,0.0,4229.534791666667,5033.34,3399.18,96,2018,11,Autumn,6,1
2018-11-05,10.927788,14.900452,8.39328,2.8577633,1216622.9,9.536744e-05,4.572212,0.0,4925.969375,5782.24,3542.04,96,2018,11,Autumn,0,0
2018-11-06,11.299164,15.877808,8.095062,3.6697783,1368089.6,0.0,4.200836,0.0,5079.456979166666,5878.04,3946.29,96,2018,11,Autumn,1,0
2018-11-07,10.890976,14.9158325,7.470764,3.7477057,1294993.0,0.0,4.609024,0.0,5094.89625,5889.44,3976.63,96,2018,11,Autumn,2,0
2018-11-08,10.605583,14.532318,7.3127136,1.9026408,1172381.9,0.00015894572,4.894417,0.0,5130.33625,5904.05,3995.1,96,2018,11,Autumn,3,0
2018-11-09,9.241661,13.624939,6.1169434,2.7470012,1218402.2,0.00054041547,6.258339,0.0,5174.137395833333,5917.29,4040.32,96,2018,11,Autumn,4,0
2018-11-10,9.27639,12.391022,6.562958,4.1343746,798391.44,0.0048319497,6.22361,0.0,4982.109583333334,5671.86,4025.36,96,2018,11,Autumn,5,1
2018-11-11,10.583275,15.394165,8.45282,3.4313254,1079394.1,0.0015576681,4.916725,0.0,4526.8055208333335,5250.01,3708.88,96,2018,11,Autumn,6,1
2018-11-12,11.186981,16.336731,6.8134766,3.64528,852113.06,0.00050862634,4.313019,0.0,5091.340520833333,5913.9,3715.68,96,2018,11,Autumn,0,0
2018-11-13,10.797424,13.018738,8.641022,2.551218,587933.9,0.019423166,4.7025757,0.0,5164.301666666667,5937.68,4040.24,96,2018,11,Autumn,1,0
2018-11-14,9.111267,13.361542,6.6256714,3.3594446,1247001.6,0.0,6.388733,0.0,5200.9887499999995,6041.28,3999.22,96,2018,11,Autumn,2,0
2018-11-15,5.1294937,10.701294,1.4848328,1.4390439,1073907.1,0.0,10.370506,0.0,5299.1296875,6093.03,4106.52,96,2018,11,Autumn,3,0
2018-11-16,4.8144608,10.331665,1.2540894,2.1392386,1242534.4,0.00019073486,10.685539,0.0,5261.004895833334,6067.92,4154.93,96,2018,11,Autumn,4,0
2018-11-17,2.043274,6.685486,-1.249939,2.3428,1150668.8,0.0,13.456726,0.0,4886.20625,5579.12,4092.52,96,2018,11,Autumn,5,1
2018-11-18,2.4289093,4.949066,0.32513428,1.8663977,932774.4,0.0011126201,13.071091,0.0,4633.238541666667,5381.36,3736.43,96,2018,11,Autumn,6,1
2018-11-19,1.7020187,2.0437012,1.0843811,2.1462104,364817.06,0.56060153,13.797981,0.0,5427.682916666667,6254.71,3810.49,96,2018,11,Autumn,0,0
2018-11-20,2.789795,3.5457764,1.775238,3.21081,133572.27,1.4632542,12.710205,0.0,5554.488229166666,6313.65,4215.16,96,2018,11,Autumn,1,0
2018-11-21,4.8064423,5.4873962,4.050415,1.4686016,147340.8,0.03821055,10.693558,0.0,5531.2186458333335,6300.48,4237.9,96,2018,11,Autumn,2,0
2018-11-22,4.9855804,5.328888,4.5743103,1.7367465,98350.93,0.20732878,10.51442,0.0,5545.935937499999,6278.57,4247.47,96,2018,11,Autumn,3,0
2018-11-23,5.968857,6.864685,5.2854614,3.3667254,323084.8,0.007915497,9.531143,0.0,5440.351875,6198.5,4197.6,96,2018,11,Autumn,4,0
2018-11-24,6.0950546,6.5243835,5.381592,4.434393,457736.53,0.16946793,9.404945,0.0,5050.26625,5653.34,4080.34,96,2018,11,Autumn,5,1
2018-11-25,6.0854797,6.8973083,4.9162292,1.6776631,314982.4,0.66817605,9.41452,0.0,4883.26625,5568.61,3997.9,96,2018,11,Autumn,6,1
2018-11-26,7.051544,7.957855,6.4411316,3.5740795,69789.87,3.4323058,8.448456,0.0,5486.083125,6319.83,3935.49,96,2018,11,Autumn,0,0
2018-11-27,2.2718124,4.6467896,0.9187622,5.562046,280524.8,1.1818569,13.228188,0.0,5619.753229166668,6398.18,4234.84,96,2018,11,Autumn,1,0
2018-11-28,0.36811066,3.4777222,-1.1628418,4.390427,997448.56,0.013923645,15.131889,0.0,5566.568854166667,6393.92,4313.71,96,2018,11,Autumn,2,0
2018-11-29,-3.1013336,0.8300781,-6.6005554,2.7160535,1139076.2,0.00031789145,18.601334,0.0,5729.4659375,6546.83,4420.08,96,2018,11,Autumn,3,0
2018-11-30,-2.7869263,-0.60928345,-4.3511353,4.626687,893730.1,0.00015894574,18.286926,0.0,5723.396041666667,6541.54,4460.39,96,2018,11,Autumn,4,0
2018-12-01,-1.9830246,-0.5298462,-3.420227,2.6702714,523161.6,0.041739147,17.483025,0.0,5561.272083333333,6230.72,4577.99,96,2018,12,Winter,5,1
2018-12-02,-0.009727478,1.8854675,-1.8562927,4.0262856,871675.75,0.0008583069,15.5097275,0.0,5046.499479166667,5716.49,4163.88,96,2018,12,Winter,6,1
2018-12-03,3.0480118,3.9653625,2.2448425,2.094645,209390.94,0.32135645,12.451988,0.0,5629.113333333334,6465.13,4155.87,96,2018,12,Winter,0,0
2018-12-04,6.4827423,10.992523,3.6203613,3.087763,766446.94,0.24976732,9.017258,0.0,5626.889062499999,6342.3,4408.25,96,2018,12,Winter,1,0
2018-12-05,3.029663,6.30719,0.2619934,3.7553625,1080567.5,0.0,12.470337,0.0,5625.4783333333335,6422.1,4412.71,96,2018,12,Winter,2,0
2018-12-06,0.15947723,3.0932922,-3.8335571,3.0934875,562086.4,0.0010172527,15.340523,0.0,5740.883645833333,6573.09,4493.52,96,2018,12,Winter,3,0
2018-12-07,4.0061417,6.324463,2.2160034,3.1864214,523498.66,0.0047365823,11.493858,0.0,5765.701562499999,6512.69,4512.23,96,2018,12,Winter,4,0
2018-12-08,5.773102,8.084015,3.4170837,3.3149853,540778.7,0.94547266,9.726898,0.0,5201.084791666667,5820.67,4347.21,96,2018,12,Winter,5,1
2018-12-09,5.0610886,6.9352417,3.8855896,4.190619,669917.9,0.42788187,10.438911,0.0,4916.566458333334,5579.24,3958.53,96,2018,12,Winter,6,1
2018-12-10,5.6480103,7.7650757,3.8276367,4.805862,806186.7,0.24875005,9.85199,0.0,5510.0278125,6367.81,4011.41,96,2018,12,Winter,0,0
2018-12-11,2.2596512,3.6935425,0.88494873,3.7188277,526067.2,0.49025214,13.240349,0.0,5669.9875,6452.53,4389.59,96,2018,12,Winter,1,0
2018-12-12,1.7417831,3.352417,0.35101318,3.21677,625433.6,0.24166106,13.758217,0.0,5689.942083333334,6462.74,4429.66,96,2018,12,Winter,2,0
2018-12-13,-1.4546432,-0.03753662,-2.1932983,0.8222728,573376.0,0.022729238,16.954643,0.0,5749.8096875,6527.45,4496.7,96,2018,12,Winter,3,0
2018-12-14,-1.7820435,-0.73083496,-3.14563,2.3117476,541265.06,0.10124842,17.282043,0.0,5786.132395833333,6547.78,4537.03,96,2018,12,Winter,4,0
2018-12-15,-1.0770721,-0.5941162,-1.6098328,3.8809984,322184.53,0.81841147,16.577072,0.0,5484.703645833334,6141.86,4457.56,96,2018,12,Winter,5,1
2018-12-16,-1.7359695,0.1395874,-2.8096008,2.8647654,961028.25,0.0063578286,17.23597,0.0,5086.506145833334,5753.79,4163.55,96,2018,12,Winter,6,1
2018-12-17,-2.93219,-1.3457031,-4.1189575,1.3915001,615552.0,0.00015894572,18.43219,0.0,5722.976875,6509.03,4245.01,96,2018,12,Winter,0,0
2018-12-18,-1.5775833,1.7868042,-3.3394165,1.1889379,701755.75,0.009600321,17.077583,0.0,5746.6248958333335,6449.58,4516.97,96,2018,12,Winter,1,0
2018-12-19,-0.9101715,0.9713745,-2.2775269,3.84619,895863.44,0.0010808309,16.410172,0.0,5802.818437499999,6572.15,4510.48,96,2018,12,Winter,2,0
2018-12-20,-2.6746368,-1.7229309,-3.5415344,3.8232236,445555.2,0.22996268,18.174637,0.0,5743.5384375,6441.26,4553.35,96,2018,12,Winter,3,0
2018-12-21,-0.07927704,2.1854248,-2.0741882,3.5661979,794999.44,0.011857351,15.579277,0.0,5340.8740625,6034.79,4337.54,96,2018,12,Winter,4,0
2018-12-22,4.4661636,6.2193604,2.6983032,4.051467,261585.06,0.5379677,11.033836,0.0,4891.675104166667,5644.72,3995.22,96,2018,12,Winter,5,1
2018-12-23,6.895668,9.693176,5.2073975,2.9804213,748224.0,0.15652974,8.604332,0.0,4604.399895833333,5439.54,3649.88,96,2018,12,Winter,6,1
2018-12-24,5.1347656,6.2841187,3.607727,5.3243484,621691.75,1.4135361,10.365234,0.0,4350.96375,5053.95,3432.55,96,2018,12,Winter,0,0
2018-12-25,2.5966797,3.734314,1.2958984,5.332345,358613.34,0.25256476,12.90332,0.0,4142.268333333333,4603.0,3320.92,96,2018,12,Winter,1,0
2018-12-26,3.8329163,5.5220947,2.857544,4.72109,884023.44,0.0002861023,11.667084,0.0,4147.4375,4740.67,3323.93,96,2018,12,Winter,2,0
2018-12-27,4.8116455,7.49881,3.5909424,2.9104996,277256.53,0.2673149,10.6883545,0.0,4501.549895833333,5226.34,3424.91,96,2018,12,Winter,3,0
2018-12-28,4.7804794,7.9441833,1.7747803,3.0884948,821000.56,0.09412765,10.719521,0.0,4548.55375,5224.41,3548.5,96,2018,12,Winter,4,0
2018-12-29,5.2521744,6.686798,3.7428894,4.8041754,480955.72,0.012429556,10.247826,0.0,4443.791666666667,5157.62,3553.79,96,2018,12,Winter,5,1
2018-12-30,3.9691849,5.296112,2.3129578,3.4403906,337083.72,0.64770377,11.530815,0.0,4441.190625,5145.27,3525.84,96,2018,12,Winter,6,1
2018-12-31,4.5854416,6.120117,3.0446777,5.7505107,722048.0,0.14483134,10.914558,0.0,4344.319583333333,5123.47,3404.62,96,2018,12,Winter,0,0
2019-01-01,1.126442,3.4024658,-1.203949,3.098805,256375.47,0.17490387,14.373558,0.0,4137.1953125,4796.89,3481.48,96,2019,1,Winter,1,0
2019-01-02,3.0856323,4.17334,1.8858337,7.175304,973013.3,0.47375363,12.414368,0.0,5014.526458333333,5910.5,3516.14,96,2019,1,Winter,2,0
2019-01-03,-0.85611725,0.51553345,-1.927124,6.8496246,883609.6,0.17801921,16.356117,0.0,5407.788333333333,6211.4,4104.1,96,2019,1,Winter,3,0
2019-01-04,-1.7596817,0.06375122,-2.872345,4.862779,747852.8,0.213782,17.259682,0.0,5537.939895833333,6264.8,4316.83,96,2019,1,Winter,4,0
2019-01-05,0.4467163,3.049347,-1.4902649,4.6326675,177821.86,2.080981,15.053284,0.0,5318.396874999999,6135.01,4434.81,96,2019,1,Winter,5,1
2019-01-06,1.6840515,2.4902039,0.60787964,7.050383,748040.56,0.19098918,13.8159485,0.0,4965.421458333333,5676.09,4004.47,96,2019,1,Winter,6,1
2019-01-07,-2.6690598,-1.1620483,-4.243408,2.5142376,1066773.4,0.021203361,18.16906,0.0,5654.826041666667,6478.91,4138.09,96,2019,1,Winter,0,0
2019-01-08,-1.8160629,-0.6473999,-2.893036,3.3133245,209467.73,0.91724396,17.316063,0.0,5905.9646875,6601.07,4570.74,96,2019,1,Winter,1,0
2019-01-09,1.0669098,2.9736328,0.31106567,2.8972242,1086165.4,0.19222896,14.43309,0.0,5826.913333333334,6533.18,4604.66,96,2019,1,Winter,2,0
2019-01-10,0.128479,1.7670898,-1.0404968,3.5455337,818278.4,0.1177152,15.371521,0.0,5819.877395833333,6525.81,4573.47,96,2019,1,Winter,3,0
2019-01-11,-0.6676483,1.07901,-2.7973633,5.3023095,1066871.5,0.033283234,16.167648,0.0,5803.4246875,6533.11,4581.35,96,2019,1,Winter,4,0
2019-01-12,1.5837708,4.4449463,-1.9016418,4.3881507,598485.3,0.35066605,13.916229,0.0,5347.776354166666,6013.95,4477.76,96,2019,1,Winter,5,1
2019-01-13,3.830635,6.9819336,1.5461731,3.3139033,1021521.06,0.7563909,11.669365,0.0,5015.8040625,5643.95,4109.85,96,2019,1,Winter,6,1
2019-01-14,4.7052155,6.47464,3.6562195,6.279935,1140334.9,0.36296844,10.794785,0.0,5577.958958333334,6362.8,4171.17,96,2019,1,Winter,0,0
2019-01-15,1.942009,3.998108,-0.29769897,4.9547634,915182.94,0.06551743,13.557991,0.0,5740.430729166666,6483.55,4508.92,96,2019,1,Winter,1,0
2019-01-16,4.830513,8.137817,3.0083008,3.3828034,1110587.8,0.013923645,10.669487,0.0,5706.721458333333,6364.85,4504.05,96,2019,1,Winter,2,0
2019-01-17,5.102455,10.033997,1.1820068,3.4517303,1052416.0,0.029945374,10.397545,0.0,5606.972708333334,6290.12,4448.72,96,2019,1,Winter,3,0
2019-01-18,3.7015686,5.5681763,0.8833618,3.373757,569446.4,0.56095123,11.798431,0.0,5661.2420833333335,6312.72,4384.49,96,2019,1,Winter,4,0
2019-01-19,-2.0906067,0.5337219,-5.491272,1.9724855,825898.7,0.0036239624,17.590607,0.0,5204.0893750000005,5808.42,4353.0,96,2019,1,Winter,5,1
2019-01-20,-0.3585434,1.1690063,-1.4632568,1.5176394,634969.6,0.031884514,15.858543,0.0,5034.275000000001,5709.5,4083.34,96,2019,1,Winter,6,1
2019-01-21,-3.17202,0.53344727,-5.769562,1.5461173,1273527.5,6.357829e-05,18.67202,0.0,5676.5060416666665,6483.69,4209.84,96,2019,1,Winter,0,0
2019-01-22,-4.512169,-1.9223022,-6.1082153,1.5496199,834973.9,0.00044504806,20.012169,0.0,5894.333958333334,6564.45,4613.71,96,2019,1,Winter,1,0
2019-01-23,-4.3517303,-2.5785522,-6.258789,1.7260976,670643.2,0.48716864,19.85173,0.0,5996.071666666667,6696.78,4690.02,96,2019,1,Winter,2,0
2019-01-24,-1.8200607,-0.48825073,-2.305542,4.284237,1071193.6,0.12420018,17.32006,0.0,5933.693645833333,6559.01,4770.21,96,2019,1,Winter,3,0
2019-01-25,-2.7835617,-0.63900757,-4.4411926,6.014701,1095125.4,0.013192495,18.283562,0.0,5893.4409375,6511.6,4669.38,96,2019,1,Winter,4,0
2019-01-26,-2.4786072,-0.5980835,-5.0026855,4.027037,720435.2,0.1578013,17.978607,0.0,5315.037916666667,5902.79,4467.87,96,2019,1,Winter,5,1
2019-01-27,0.2939682,2.74057,-3.2225647,3.692237,1121382.4,0.065644585,15.206032,0.0,4972.924270833333,5635.54,4060.29,96,2019,1,Winter,6,1
2019-01-28,1.6930313,2.4570923,0.9291687,2.7400124,724296.56,2.4720511,13.806969,0.0,5653.612604166668,6441.34,4111.1,96,2019,1,Winter,0,0
2019-01-29,0.9560089,4.840393,-0.89538574,2.6196861,1246604.8,0.0012079874,14.543991,0.0,5622.811874999999,6288.88,4457.64,96,2019,1,Winter,1,0
2019-01-30,-0.58031464,2.0870056,-3.713745,1.921903,1169305.6,0.025717419,16.080315,0.0,5774.109895833334,6548.06,4478.46,96,2019,1,Winter,2,0
2019-01-31,-0.47177887,0.6591797,-1.9475403,2.0150633,809250.1,0.035508476,15.971779,0.0,5757.0486458333335,6391.41,4570.49,96,2019,1,Winter,3,0
2019-02-01,2.8315964,5.207428,0.034423828,5.451466,901828.25,0.09641648,12.668404,0.0,5707.867916666666,6284.73,4526.76,96,2019,2,Winter,4,0
2019-02-02,9.881165,13.229309,7.5723877,5.810337,1034658.1,0.25574365,5.6188354,0.0,5089.020625,5793.82,4270.64,96,2019,2,Winter,5,1
2019-02-03,7.640373,9.791595,3.7134094,4.0944777,498457.6,1.458931,7.859627,0.0,4836.9279166666665,5497.3,3891.64,96,2019,2,Winter,6,1
2019-02-04,2.6329575,4.515167,1.5133057,4.8020544,1149670.4,0.0029881797,12.867043,0.0,5488.428854166667,6198.66,4025.98,96,2019,2,Winter,0,0
2019-02-05,-0.75478363,2.1436768,-2.6769104,1.5295355,936452.25,9.536744e-05,16.254784,0.0,5669.433333333333,6264.84,4398.03,96,2019,2,Winter,1,0
2019-02-06,-0.5000839,3.9004211,-2.4184265,3.1072507,1563656.5,0.0,16.000084,0.0,5580.089895833334,6275.01,4486.25,96,2019,2,Winter,2,0
2019-02-07,-0.7846222,4.6319275,-4.6422424,3.1396883,1601902.9,0.0,16.284622,0.0,5638.288854166666,6305.73,4555.78,96,2019,2,Winter,3,0
2019-02-08,1.2100906,5.641968,-1.3715515,1.3529744,1355042.1,0.002861023,14.289909,0.0,5610.586770833333,6192.51,4517.8,96,2019,2,Winter,4,0
2019-02-09,1.6955261,4.595825,-0.51794434,3.822845,1291968.0,0.0002861023,13.804474,0.0,5155.940416666666,5761.79,4359.65,96,2019,2,Winter,5,1
2019-02-10,3.8022919,8.645966,-0.6196594,4.9840198,1478600.5,0.0,11.697708,0.0,4911.743229166666,5567.65,4063.83,96,2019,2,Winter,6,1
2019-02-11,6.63221,7.6737976,5.441437,5.4934826,1096034.1,1.2147905,8.86779,0.0,5545.407083333333,6219.24,4074.64,96,2019,2,Winter,0,0
2019-02-12,3.7379837,4.7140503,2.517273,7.6698904,1239296.0,0.11227926,11.762016,0.0,5589.354583333334,6288.54,4391.5,96,2019,2,Winter,1,0
2019-02-13,3.4179764,6.0540466,1.0747375,3.4154432,886976.0,0.046443935,12.082024,0.0,5616.719479166666,6293.81,4468.39,96,2019,2,Winter,2,0
2019-02-14,6.7307663,10.281769,4.410095,4.1591806,768878.94,0.00025431317,8.769234,0.0,5518.246666666667,6160.37,4454.05,96,2019,2,Winter,3,0
2019-02-15,5.081848,8.462341,2.7729187,2.1535907,1033105.06,0.00019073488,10.418152,0.0,5459.4121875,6065.04,4371.88,96,2019,2,Winter,4,0
2019-02-16,3.5155487,10.705536,-1.2843018,1.6502016,1698935.5,0.0,11.984451,0.0,4939.8680208333335,5501.0,4290.68,96,2019,2,Winter,5,1
2019-02-17,3.2284393,11.251495,-2.333252,1.8647867,1772151.5,0.0,12.271561,0.0,4673.807708333333,5434.97,3967.19,96,2019,2,Winter,6,1
2019-02-18,4.106415,11.9296875,-1.7433472,1.9736481,1766045.9,0.0,11.393585,0.0,5290.0509375,6073.43,4034.74,96,2019,2,Winter,0,0
2019-02-19,5.3032074,12.300751,0.09466553,1.9007776,1812808.6,0.0,10.196793,0.0,5329.273958333333,6028.95,4321.26,96,2019,2,Winter,1,0
2019-02-20,6.0366516,10.708313,3.5112915,2.5141082,1619037.9,0.0015258789,9.463348,0.0,5422.5178125,6134.55,4286.95,96,2019,2,Winter,2,0
2019-02-21,6.1781845,12.471588,0.98846436,1.994864,1644411.8,0.006389618,9.3218155,0.0,5402.969062499999,6067.91,4362.83,96,2019,2,Winter,3,0
2019-02-22,6.6367493,9.286865,1.8392029,6.680807,1265817.6,0.7027626,8.863251,0.0,5458.758020833334,6075.47,4272.36,96,2019,2,Winter,4,0
2019-02-23,-1.9290924,1.5151672,-5.3406982,3.668119,1916352.0,0.0,17.429092,0.0,5035.3751041666665,5649.25,4349.12,96,2019,2,Winter,5,1
2019-02-24,-1.7514801,2.1067505,-5.640869,1.3664533,1263509.2,0.0003496806,17.25148,0.0,4908.258854166666,5609.73,4058.92,96,2019,2,Winter,6,1
2019-02-25,4.234329,9.509399,-0.053131104,1.7623134,1559402.6,0.0,11.265671,0.0,5408.839583333333,6141.6,4063.44,96,2019,2,Winter,0,0
2019-02-26,9.851456,14.916382,6.2099,5.577455,1868731.8,0.0,5.6485443,0.0,5397.005208333333,6077.39,4363.92,96,2019,2,Winter,1,0
2019-02-27,7.9898605,12.156128,4.613678,4.6572742,1971848.6,0.0,7.5101395,0.0,5317.840520833333,6059.49,4336.94,96,2019,2,Winter,2,0
2019-02-28,9.585426,19.382019,1.2037354,3.7435465,2018466.1,0.0,5.9145737,0.0,5243.861666666667,5953.45,4301.32,96,2019,2,Winter,3,0
2019-03-01,11.827324,13.940704,10.196228,4.554631,1215445.4,0.10639826,3.672676,0.0,5260.9584375,5871.76,4167.73,96,2019,3,Spring,4,0
2019-03-02,6.4407883,8.360168,4.9796143,2.839483,1053969.1,0.14432271,9.059212,0.0,4804.464270833333,5404.73,4091.29,96,2019,3,Spring,5,1
2019-03-03,7.9588013,12.589294,4.503113,2.5850427,1639778.1,0.082937874,7.5411987,0.0,4605.551354166667,5339.39,3795.53,96,2019,3,Spring,6,1
2019-03-04,11.136101,16.968964,6.4941406,5.0141296,2069670.4,0.0,4.363899,0.0,5086.443020833333,5868.13,3836.66,96,2019,3,Spring,0,0
2019-03-05,8.908058,12.955353,5.095337,3.5189874,2053486.9,0.08144379,6.591942,0.0,5112.78,5883.74,4092.68,96,2019,3,Spring,1,0
2019-03-06,8.4040985,12.765076,3.4034119,3.5463142,2124800.0,0.11517207,7.0959015,0.0,5090.465,5873.37,4091.12,96,2019,3,Spring,2,0
2019-03-07,13.637283,16.719421,10.666443,7.234067,1378474.6,0.0,1.8627167,0.0,5258.3829166666665,5914.48,4141.44,96,2019,3,Spring,3,0
2019-03-08,9.872978,12.080963,7.1996155,1.1605644,560972.8,0.08595785,5.627022,0.0,5172.965520833333,5732.99,4121.84,96,2019,3,Spring,4,0
2019-03-09,9.170059,13.36499,5.664673,3.3118734,1788057.6,0.02447764,6.329941,0.0,4679.2586458333335,5282.39,4023.82,96,2019,3,Spring,5,1
2019-03-10,10.428452,13.451935,6.1911926,4.058788,593646.94,0.17957687,5.0715485,0.0,4517.428020833334,5273.95,3717.92,96,2019,3,Spring,6,1
2019-03-11,8.254784,10.574768,5.223877,4.5953484,2071266.1,0.051498417,7.2452164,0.0,5129.225833333333,5964.24,3750.6,96,2019,3,Spring,0,0
2019-03-12,5.0744324,8.575928,3.077118,3.8090925,2003921.0,0.0007947286,10.425568,0.0,5191.8282291666665,5966.73,4166.1,96,2019,3,Spring,1,0
2019-03-13,4.7346573,8.4644165,1.4159546,4.2196746,1272610.1,0.11202495,10.765343,0.0,5386.084583333333,6076.29,4307.58,96,2019,3,Spring,2,0
2019-03-14,5.9250717,10.853363,2.065155,3.2436764,2115396.2,0.08970897,9.574928,0.0,5265.7646875,5846.3,4296.05,96,2019,3,Spring,3,0
2019-03-15,8.374619,12.074127,5.873749,4.198298,2128610.0,1.2024244,7.1253815,0.0,4431.767604166666,4991.01,3835.88,96,2019,3,Spring,4,0
2019-03-16,7.869545,8.039856,7.380951,2.972037,502523.72,0.7453601,7.630455,0.0,4483.3446875,5150.62,3588.54,96,2019,3,Spring,5,1
2019-03-17,11.73365,18.509216,4.890442,4.610079,2530205.8,0.0,3.7663498,0.0,4342.606979166667,5263.86,3668.89,96,2019,3,Spring,6,1
2019-03-18,8.536964,11.661835,6.9567566,4.5890393,756027.75,0.18199286,6.9630356,0.0,5162.9159375,5928.45,3726.96,96,2019,3,Spring,0,0
2019-03-19,6.5107803,8.964111,4.4609375,3.1339376,1610137.6,0.0,8.98922,0.0,5283.6784375,5979.43,4171.94,96,2019,3,Spring,1,0
2019-03-20,4.816475,10.263794,1.0612793,2.8835247,2325350.5,0.0,10.683525,0.0,5166.371458333333,5975.36,4192.75,96,2019,3,Spring,2,0
2019-03-21,5.4226227,12.332275,-0.28826904,1.3975062,2653849.5,0.0,10.077377,0.0,5215.6528124999995,6010.55,4272.8,96,2019,3,Spring,3,0
2019-03-22,8.198639,16.125763,1.7914734,1.2402273,2601267.2,0.0,7.301361,0.0,5147.740520833334,5857.97,4264.33,96,2019,3,Spring,4,0
2019-03-23,10.133736,17.643463,3.922882,1.1205992,2658863.0,0.0,5.3662643,0.0,4599.380625,5334.94,4035.99,96,2019,3,Spring,5,1
2019-03-24,11.423286,19.718506,5.3252563,1.2526499,2707793.0,0.0007947286,4.0767136,0.0,4353.717083333334,5237.93,3723.9,96,2019,3,Spring,6,1
2019-03-25,10.306198,13.196838,8.511688,4.244,2331788.8,0.03964106,5.193802,0.0,5138.918645833333,5980.92,3778.03,96,2019,3,Spring,0,0
2019-03-26,7.087822,9.665863,4.8974,4.946188,2032132.2,0.00022252402,8.412178,0.0,5171.281770833333,5982.27,4176.7,96,2019,3,Spring,1,0
2019-03-27,7.6640396,10.41452,5.906189,3.8607926,2283443.2,0.012461345,7.8359604,0.0,5167.901041666667,6001.65,4228.14,96,2019,3,Spring,2,0
2019-03-28,7.590744,13.096588,3.1882324,2.876972,1705740.8,0.070889786,7.909256,0.0,5173.331458333333,5970.56,4231.56,96,2019,3,Spring,3,0
2019-03-29,8.696388,14.549377,4.195801,1.7406309,2791517.8,0.0,6.8036118,0.0,5084.319895833333,5797.98,4228.09,96,2019,3,Spring,4,0
2019-03-30,9.021111,16.935791,3.1868896,1.7344005,2916719.2,0.0,6.4788895,0.0,4585.924375,5319.21,3952.67,96,2019,3,Spring,5,1
2019-03-31,10.705818,19.315308,4.5139465,1.9520793,2999923.2,0.0,4.794182,0.0,4308.145416666667,5216.07,3757.91,96,2019,3,Spring,6,1
2019-04-01,12.305229,17.784485,8.579315,3.0871153,2889843.2,0.0,3.1947708,0.0,4937.159583333333,5725.23,3743.89,96,2019,4,Spring,0,0
2019-04-02,11.407387,17.293884,6.1645813,3.1108527,3047317.2,0.0,4.092613,0.0,4993.0090625,5738.9,4083.47,96,2019,4,Spring,1,0
2019-04-03,13.239578,18.067871,8.870209,4.747078,3014988.8,0.031344093,2.2604218,0.0,5089.059166666667,5773.26,4097.88,96,2019,4,Spring,2,0
2019-04-04,13.944008,18.722015,10.145264,4.8036103,2620492.8,0.013955434,1.5559921,0.0,5072.849479166666,5764.84,4144.03,96,2019,4,Spring,3,0
2019-04-05,11.881065,14.7439575,10.775391,3.8489137,1522282.6,1.2618383,3.6189346,0.0,5075.892604166666,5635.33,4051.74,96,2019,4,Spring,4,0
2019-04-06,9.765892,12.834015,7.4198303,2.3213415,2020394.8,0.6170591,5.734108,0.0,4607.2534375000005,5161.86,3841.59,96,2019,4,Spring,5,1
2019-04-07,11.906082,17.48761,6.717163,2.710887,1956987.8,0.0016530355,3.5939178,0.0,4311.793333333333,5159.13,3646.94,96,2019,4,Spring,6,1
2019-04-08,13.706764,20.179962,9.107452,2.737742,3072196.2,0.0488917,1.7932358,0.0,4897.849166666667,5645.03,3674.17,96,2019,4,Spring,0,0
2019-04-09,14.6228485,19.824432,11.165222,2.4786167,2898359.5,0.03671646,0.8771515,0.0,4967.844375,5674.93,4012.49,96,2019,4,Spring,1,0
2019-04-10,12.396492,14.638214,10.870178,2.8939943,1806195.2,0.56972504,3.103508,0.0,4973.1975,5627.19,4053.4,96,2019,4,Spring,2,0
2019-04-11,8.836624,10.046814,7.0725403,5.220969,949691.75,1.0663986,6.663376,0.0,5113.682291666667,5752.43,4054.97,96,2019,4,Spring,3,0
2019-04-12,7.5857697,9.577515,5.782318,5.523068,1214429.9,0.13961792,7.9142303,0.0,5181.223229166667,5685.78,4087.62,96,2019,4,Spring,4,0
2019-04-13,6.4708023,7.7674866,5.0426025,4.1132464,992038.4,0.2802531,9.029198,0.0,4731.387395833333,5246.34,3902.68,96,2019,4,Spring,5,1
2019-04-14,7.370697,9.751251,5.0040283,2.556755,1273634.1,1.1288325,8.129303,0.0,4449.472916666667,5159.63,3725.44,96,2019,4,Spring,6,1
2019-04-15,10.609245,15.34317,7.424347,2.551581,3393540.2,0.0063578286,4.8907547,0.0,4948.166875,5689.4,3761.06,96,2019,4,Spring,0,0
2019-04-16,10.018723,15.774994,4.79718,1.0055212,3633331.0,0.0,5.4812775,0.0,4992.2675,5711.15,4097.73,96,2019,4,Spring,1,0
2019-04-17,10.621788,15.882233,5.2444763,2.4699025,3202939.8,0.000445048,4.878212,0.0,5096.503958333334,5747.76,4147.56,96,2019,4,Spring,2,0
2019-04-18,13.249573,18.226624,9.171875,2.1104333,2945322.8,0.032774605,2.2504272,0.0,4973.023229166666,5524.38,4129.83,96,2019,4,Spring,3,0
2019-04-19,14.5035095,21.163696,9.179749,1.649665,3269969.0,0.0,0.9964905,0.0,4121.006354166667,4782.06,3577.46,96,2019,4,Spring,4,0
2019-04-20,14.125092,20.87207,8.937958,1.7034463,3800409.5,0.0,1.3749084,0.0,4019.1666666666665,4730.7,3397.12,96,2019,4,Spring,5,1
2019-04-21,14.793716,21.706787,9.624725,2.0396786,3775296.0,0.0,0.70628357,0.0,3730.8248958333334,4443.56,3266.29,96,2019,4,Spring,6,1
2019-04-22,14.494484,21.455078,7.599365,3.1099606,3630118.5,0.0,1.005516,0.0,3756.938020833333,4523.19,3175.05,96,2019,4,Spring,0,0
2019-04-23,11.801987,12.23764,11.315826,6.4240503,1410436.2,0.6004651,3.6980133,0.0,4925.412395833334,5599.58,3337.16,96,2019,4,Spring,1,0
2019-04-24,16.011902,21.442627,10.591339,5.194111,2557231.0,0.075022385,0.0,0.0,4949.26375,5558.8,3989.01,96,2019,4,Spring,2,0
2019-04-25,20.390831,25.312073,16.061646,5.9766464,3722129.0,0.0,0.0,2.390831,4923.049166666667,5562.46,4023.59,96,2019,4,Spring,3,0
2019-04-26,21.160828,25.600159,18.424194,5.918503,3601903.0,0.0,0.0,3.1608276,4914.1484375,5419.36,3991.11,96,2019,4,Spring,4,0
2019-04-27,13.881355,17.202972,11.622833,4.2545075,2246016.0,0.20186105,1.6186447,0.0,4503.262708333333,5015.79,3707.31,96,2019,4,Spring,5,1
2019-04-28,13.070259,16.776459,10.089966,5.6868687,3289489.0,6.357829e-05,2.429741,0.0,4254.274375,4941.51,3491.54,96,2019,4,Spring,6,1
2019-04-29,10.458054,11.256317,9.266022,4.957453,1435528.5,0.5715688,5.0419464,0.0,4904.104270833333,5511.39,3597.67,96,2019,4,Spring,0,0
2019-04-30,11.075073,12.337097,9.72821,5.098496,1388910.9,0.3693263,4.4249268,0.0,4937.2209375,5422.3,3959.87,96,2019,4,Spring,1,0
2019-05-01,14.70977,18.642883,11.606628,6.1245956,3884249.8,0.05683899,0.7902298,0.0,4062.3561458333334,4753.43,3547.68,96,2019,5,Spring,2,0
2019-05-02,16.659264,22.473389,11.434387,2.2363968,3601664.0,0.005276998,0.0,0.0,4767.2665625,5442.67,3463.75,96,2019,5,Spring,3,0
2019-05-03,13.786041,15.797058,12.335175,2.4970882,2762043.8,0.13354619,1.7139587,0.0,4841.5378125,5317.1,3944.01,96,2019,5,Spring,4,0
2019-05-04,11.8632965,12.935303,10.670319,1.5830983,1225574.4,0.8100192,3.6367035,0.0,4507.0626041666665,4987.68,3784.49,96,2019,5,Spring,5,1
2019-05-05,6.451866,9.962128,5.0523376,6.8980694,627673.56,3.7500067,9.048134,0.0,4413.393229166667,5009.49,3592.91,96,2019,5,Spring,6,1
2019-05-06,6.723854,8.240143,5.1773376,6.918618,807176.56,2.0816486,8.776146,0.0,5170.144895833333,5877.98,3650.4,96,2019,5,Spring,0,0
2019-05-07,9.740456,12.914398,7.55896,4.140797,3100667.8,0.003496806,5.7595444,0.0,5046.7978125,5583.41,4082.32,96,2019,5,Spring,1,0
2019-05-08,11.474464,17.304626,4.176239,3.9967813,3766609.0,0.0,4.0255356,0.0,4940.221458333333,5599.03,4062.32,96,2019,5,Spring,2,0
2019-05-09,12.217239,12.728485,11.885315,3.7766578,1143458.1,0.7591566,3.2827606,0.0,5224.127708333333,5852.11,4047.06,96,2019,5,Spring,3,0
2019-05-10,13.642899,17.946045,8.717987,2.4592576,2709901.0,0.26178363,1.8571014,0.0,4983.678124999999,5449.07,4103.9,96,2019,5,Spring,4,0
2019-05-11,15.108078,21.338165,8.855072,2.234002,3669606.5,0.43884915,0.391922,0.0,4384.663854166666,4933.03,3771.9,96,2019,5,Spring,5,1
2019-05-12,12.969978,16.103546,11.792877,5.129689,2770222.8,2.0585694,2.5300217,0.0,4217.453333333334,4950.82,3535.88,96,2019,5,Spring,6,1
2019-05-13,10.333069,12.717529,8.936371,8.322994,2749982.0,0.38394928,5.166931,0.0,4877.699583333333,5484.71,3655.48,96,2019,5,Spring,0,0
2019-05-14,7.3953857,8.346283,6.472473,7.05607,1187626.6,1.205921,8.104614,0.0,5189.549583333333,5787.2,4005.61,96,2019,5,Spring,1,0
2019-05-15,7.7609634,8.692413,6.746826,5.5373373,411972.28,1.9221623,7.7390366,0.0,5270.347291666667,5898.86,4131.27,96,2019,5,Spring,2,0
2019-05-16,9.5074005,11.806549,7.3010864,1.6501751,1052480.0,0.4617055,5.9925995,0.0,5125.459479166667,5581.9,4126.24,96,2019,5,Spring,3,0
2019-05-17,11.308388,14.622925,8.0008545,2.5777428,1683443.4,0.013542175,4.1916122,0.0,5009.317916666667,5475.24,4116.33,96,2019,5,Spring,4,0
2019-05-18,14.837753,19.52716,8.555725,1.959786,2927739.8,0.033632915,0.6622467,0.0,4398.748437499999,4915.78,3787.34,96,2019,5,Spring,5,1
2019-05-19,15.863045,20.472137,11.511841,1.6064739,3132339.2,0.26423135,0.0,0.0,4205.222604166666,4858.83,3528.48,96,2019,5,Spring,6,1
2019-05-20,15.93927,19.482605,13.875458,3.9428744,3344247.8,0.96038175,0.0,0.0,4838.514166666667,5381.02,3626.66,96,2019,5,Spring,0,0
2019-05-21,15.369308,18.951569,12.046753,3.75368,3191748.0,0.14966328,0.13069153,0.0,4914.041875,5395.92,3994.81,96,2019,5,Spring,1,0
2019-05-22,14.937538,16.33728,14.041412,4.1674933,1721386.8,1.7965634,0.56246185,0.0,5028.1475,5536.55,3967.18,96,2019,5,Spring,2,0
2019-05-23,14.236031,15.11264,13.266113,5.8406034,1251703.4,0.3212293,1.2639694,0.0,4991.391875,5466.06,4011.38,96,2019,5,Spring,3,0
2019-05-24,16.15226,20.176483,11.697754,3.4285557,3391590.2,0.014877319,0.0,0.0,4886.760625,5303.56,3978.17,96,2019,5,Spring,4,0
2019-05-25,17.727348,23.41034,10.723236,1.3985658,4343211.0,0.0,0.0,0.0,4313.270416666667,4783.22,3695.72,96,2019,5,Spring,5,1
2019-05-26,19.413422,24.75769,14.015503,1.3271258,4159423.8,0.0014623007,0.0,1.4134216,4119.9148958333335,4815.7,3448.66,96,2019,5,Spring,6,1
2019-05-27,17.413727,19.896515,15.603943,2.19867,1996475.8,0.26823682,0.0,0.0,4873.118125,5468.77,3559.72,96,2019,5,Spring,0,0
2019-05-28,16.661278,18.878265,13.836395,2.7259912,1825740.8,1.5842438,0.0,0.0,4917.047187499999,5376.36,3902.71,96,2019,5,Spring,1,0
2019-05-29,14.627068,15.781067,13.706146,4.6610694,983368.5,1.4959972,0.87293243,0.0,5090.146354166666,5956.59,3927.29,96,2019,5,Spring,2,0
2019-05-30,11.60817,12.929047,10.684784,5.282084,803891.25,4.782963,3.8918304,0.0,5074.464583333333,5665.38,4014.63,96,2019,5,Spring,3,0
2019-05-31,15.740105,20.016815,10.470581,3.010525,2964399.0,0.1042048,0.0,0.0,4822.387916666667,5222.94,3971.28,96,2019,5,Spring,4,0
2019-06-01,19.489883,24.766602,13.779846,2.9524698,4189435.8,0.008614859,0.0,1.4898834,4286.2577083333335,4752.64,3663.24,96,2019,6,Summer,5,1
2019-06-02,21.019844,25.376007,16.622406,1.9461244,3972348.0,0.04603068,0.0,3.019844,4166.532291666666,4852.85,3417.81,96,2019,6,Summer,6,1
2019-06-03,21.401855,27.005066,15.262238,1.7870138,4266918.5,0.0071525574,0.0,3.4018555,4831.26375,5359.16,3604.98,96,2019,6,Summer,0,0
2019-06-04,22.161858,26.622894,17.327515,1.2402581,3924352.0,0.019963583,0.0,4.1618576,4931.495833333333,5384.55,3939.49,96,2019,6,Summer,1,0
2019-06-05,21.371582,26.135803,16.674286,1.8760965,3768524.8,0.1654307,0.0,3.371582,4973.05375,5438.2,3959.68,96,2019,6,Summer,2,0
2019-06-06,20.144814,23.096497,16.852448,3.279382,2349760.0,0.24073918,0.0,2.1448135,4973.050208333333,5431.56,3980.84,96,2019,6,Summer,3,0
2019-06-07,21.85051,25.175842,17.968445,2.479161,3074888.5,0.18587111,0.0,3.8505096,4932.5534375,5329.21,3995.56,96,2019,6,Summer,4,0
2019-06-08,21.530266,24.758606,18.249634,4.3774343,4243294.0,0.0,0.0,3.5302658,4333.6334375,4800.8,3616.45,96,2019,6,Summer,5,1
2019-06-09,22.267136,27.079437,17.051605,1.9202793,4325986.0,0.029118855,0.0,4.2671356,3935.1964583333333,4578.76,3279.9,96,2019,6,Summer,6,1
2019-06-10,24.585533,29.67987,18.06247,3.2736347,4410735.0,0.0,0.0,6.585533,4051.9439583333333,4822.07,3305.38,96,2019,6,Summer,0,0
2019-06-11,25.854507,30.555084,20.732147,3.3640904,4246084.5,0.017611187,0.0,7.8545074,5092.223854166667,5760.29,3478.61,96,2019,6,Summer,1,0
2019-06-12,25.78405,29.928162,21.759155,3.94594,4346389.0,0.0,0.0,7.78405,5368.742708333333,5957.79,4189.04,96,2019,6,Summer,2,0
2019-06-13,26.696526,30.95578,22.028198,3.2592647,4466786.0,0.058809917,0.0,8.696526,5537.846354166667,6162.97,4335.03,96,2019,6,Summer,3,0
2019-06-14,25.971008,30.83554,21.388397,2.2850733,4678093.0,0.0,0.0,7.9710083,5523.696875000001,6141.11,4381.23,96,2019,6,Summer,4,0
2019-06-15,26.317558,31.737366,20.249329,3.207554,4297032.5,0.0,0.0,8.317558,4981.446875000001,5504.07,4157.8,96,2019,6,Summer,5,1
2019-06-16,24.564163,28.2948,22.480072,3.504335,3405209.5,0.014972688,0.0,6.564163,4666.609791666667,5211.57,3869.03,96,2019,6,Summer,6,1
2019-06-17,22.749481,25.957947,20.060394,3.614129,2603349.2,0.15821457,0.0,4.749481,5122.326041666666,5771.21,3830.38,96,2019,6,Summer,0,0
2019-06-18,23.10157,26.875732,18.59372,1.3701591,3444254.0,0.055408478,0.0,5.10157,5197.696979166666,5753.96,4094.73,96,2019,6,Summer,1,0
2019-06-19,23.029274,28.216583,19.037292,1.8929472,3816192.0,2.4692855,0.0,5.029274,5319.10625,6035.86,4203.18,96,2019,6,Summer,2,0
2019-06-20,23.15599,27.170105,18.970673,1.3943243,3755072.0,0.6038984,0.0,5.1559906,5279.498125,5849.67,4179.88,96,2019,6,Summer,3,0
2019-06-21,23.431358,27.465302,19.079681,2.3608687,3900454.5,0.12470881,0.0,5.4313583,5208.172083333334,5767.57,4180.48,96,2019,6,Summer,4,0
2019-06-22,21.233032,24.623291,19.609375,1.6346467,2534041.8,4.020691,0.0,3.2330322,4666.89625,5113.68,3879.0,96,2019,6,Summer,5,1
2019-06-23,20.297668,23.259613,18.098206,2.1618927,2648157.8,3.5596848,0.0,2.2976685,4393.473333333333,4929.02,3623.11,96,2019,6,Summer,6,1
2019-06-24,23.45993,27.255371,19.008911,2.6447496,3559146.8,0.6369591,0.0,5.4599304,5109.971354166667,5697.85,3768.0,96,2019,6,Summer,0,0
2019-06-25,25.839813,30.123444,20.84372,1.8796616,4171592.5,0.022315979,0.0,7.839813,5350.3553125,5967.4,4120.23,96,2019,6,Summer,1,0
2019-06-26,27.406906,32.310944,21.217468,2.3493981,4611644.0,0.0,0.0,9.406906,5559.275312500001,6164.36,4320.52,96,2019,6,Summer,2,0
2019-06-27,27.995216,33.50293,23.321075,3.6533208,3389610.5,0.0,0.0,9.995216,5607.934166666667,6346.13,4398.98,96,2019,6,Summer,3,0
2019-06-28,22.69526,25.698273,19.940887,4.158416,4744068.5,0.0,0.0,4.695259,5132.457395833333,5598.4,4208.27,96,2019,6,Summer,4,0
2019-06-29,21.78418,26.516052,15.671295,1.1155931,4699277.0,0.0,0.0,3.7841797,4557.331458333333,5049.57,3873.64,96,2019,6,Summer,5,1
2019-06-30,24.21872,30.38144,16.334076,3.8060207,4686741.0,0.0,0.0,6.2187195,4449.552083333333,5150.3,3613.15,96,2019,6,Summer,6,1
2019-07-01,26.757355,33.9469,21.255096,3.2606251,4482517.5,0.0,0.0,8.757355,5392.0665625,6117.6,3864.19,96,2019,7,Summer,0,0
2019-07-02,24.53643,27.906006,21.108337,2.6464696,3601642.8,0.18618901,0.0,6.5364304,5484.8096875,6107.75,4350.75,96,2019,7,Summer,1,0
2019-07-03,22.73996,27.455841,18.807434,2.7046192,4218564.5,0.0,0.0,4.7399597,5324.758020833334,5888.98,4282.08,96,2019,7,Summer,2,0
2019-07-04,22.00727,26.26123,17.686646,1.3563384,4426107.5,0.010077159,0.0,4.007271,5145.735416666666,5612.68,4189.66,96,2019,7,Summer,3,0
2019-07-05,22.978828,28.939056,16.455994,2.6847453,4305579.0,6.357829e-05,0.0,4.9788284,5128.423958333334,5648.78,4110.21,96,2019,7,Summer,4,0
2019-07-06,24.937912,30.717255,17.626678,2.0925417,4173222.5,0.53971606,0.0,6.937912,4670.138645833334,5220.66,3950.21,96,2019,7,Summer,5,1
2019-07-07,24.064789,28.901611,21.67331,3.1692414,3772437.2,0.36169687,0.0,6.064789,4426.569375,4815.6,3760.62,96,2019,7,Summer,6,1
2019-07-08,19.697624,22.458008,17.182251,3.144987,3750839.5,0.0118255615,0.0,1.6976242,4877.123437499999,5336.38,3703.08,96,2019,7,Summer,0,0
2019-07-09,19.077904,22.672058,15.424103,1.9793023,3208832.0,0.0,0.0,1.0779037,4885.848333333333,5326.43,3972.59,96,2019,7,Summer,1,0
2019-07-10,18.404099,21.064575,15.494659,4.179144,2820727.2,0.00031789145,0.0,0.4040985,4824.549479166667,5258.75,3942.33,96,2019,7,Summer,2,0
2019-07-11,19.351837,24.573547,12.291718,2.5842488,4087044.2,0.0017166138,0.0,1.3518372,4868.3471875000005,5280.61,3951.55,96,2019,7,Summer,3,0
2019-07-12,18.570847,20.286804,17.12976,1.6608248,1510493.9,0.22738774,0.0,0.57084656,4841.088645833333,5332.31,3970.14,96,2019,7,Summer,4,0
2019-07-13,17.704811,20.125275,15.955597,2.6309528,3071522.2,1.557382,0.0,0.0,4334.477083333333,4804.16,3581.96,96,2019,7,Summer,5,1
2019-07-14,19.281036,23.523499,16.05307,4.3395143,3541320.5,0.03970464,0.0,1.2810364,4038.618958333333,4624.99,3356.25,96,2019,7,Summer,6,1
2019-07-15,19.867035,24.680359,14.995453,2.7487354,4148770.2,6.357829e-05,0.0,1.8670349,4619.400625,5123.16,3478.24,96,2019,7,Summer,0,0
2019-07-16,20.820663,26.271454,14.601288,1.8237178,3905497.5,0.01004537,0.0,2.8206635,4723.875416666667,5166.65,3790.33,96,2019,7,Summer,1,0
2019-07-17,21.03601,25.819458,15.456512,2.377514,4167198.0,0.0,0.0,3.0360107,4764.297187499999,5237.12,3837.94,96,2019,7,Summer,2,0
2019-07-18,20.886292,24.189758,17.201172,1.3279635,2888072.5,1.0574659,0.0,2.8862915,4816.676354166667,5279.36,3875.52,96,2019,7,Summer,3,0
2019-07-19,22.519394,28.79123,16.17517,1.9437077,3903436.8,0.00445048,0.0,4.519394,4812.550625,5284.44,3831.67,96,2019,7,Summer,4,0
2019-07-20,24.744995,31.0708,18.438568,2.8410714,4070660.2,0.022347767,0.0,6.744995,4400.585520833333,4892.9,3729.12,96,2019,7,Summer,5,1
2019-07-21,24.68634,28.519745,21.61914,3.2036295,3139737.5,1.9043605,0.0,6.6863403,4243.431979166667,4872.53,3470.4,96,2019,7,Summer,6,1
2019-07-22,24.472122,29.622894,19.429688,1.7043173,3738031.0,0.002861023,0.0,6.472122,4880.5451041666665,5516.66,3579.9,96,2019,7,Summer,0,0
2019-07-23,25.753082,30.541016,20.292328,2.8709426,3634526.0,0.0,0.0,7.7530823,5006.911458333333,5600.91,3899.6,96,2019,7,Summer,1,0
2019-07-24,25.497002,30.767365,19.709991,1.4006389,4191010.0,0.0,0.0,7.4970016,4980.804895833334,5512.07,3886.61,96,2019,7,Summer,2,0
2019-07-25,26.55513,32.49411,20.027802,1.9997451,4234547.0,0.0,0.0,8.55513,5058.407604166667,5599.32,3945.55,96,2019,7,Summer,3,0
2019-07-26,26.716751,31.892792,22.38919,2.7460997,3709329.0,0.45455298,0.0,8.716751,5055.683645833334,5776.98,3998.15,96,2019,7,Summer,4,0
2019-07-27,23.073929,26.47641,20.700256,3.548547,3322056.5,0.1382192,0.0,5.073929,4421.5378125,4952.8,3638.91,96,2019,7,Summer,5,1
2019-07-28,22.223152,25.11673,19.223755,3.1822681,2783155.2,2.450053,0.0,4.223152,4184.250208333334,4675.01,3433.74,96,2019,7,Summer,6,1
2019-07-29,22.816963,25.745087,19.818573,2.8637047,2688115.0,0.48891702,0.0,4.816963,4770.3028125,5303.29,3519.69,96,2019,7,Summer,0,0
2019-07-30,24.6363,29.241241,20.489258,3.7135806,3834350.8,0.003560384,0.0,6.636299,4956.307291666667,5587.16,3817.43,96,2019,7,Summer,1,0
2019-07-31,25.820885,30.612091,23.032135,3.1468258,3466137.8,0.021680197,0.0,7.8208847,5099.533645833333,5721.05,4011.49,96,2019,7,Summer,2,0
2019-08-01,23.743958,28.348999,19.871552,3.477875,3968213.5,0.0013669331,0.0,5.7439575,4946.155,5513.46,3932.85,96,2019,8,Summer,3,0
2019-08-02,20.619652,21.256165,19.845978,0.9737447,1056640.0,4.493554,0.0,2.6196518,4810.403333333333,5482.97,3848.25,96,2019,8,Summer,4,0
2019-08-03,20.120995,23.504456,18.050354,3.8805752,3216665.5,0.024255117,0.0,2.1209946,4197.933854166667,4612.56,3436.81,96,2019,8,Summer,5,1
2019-08-04,20.676521,25.126587,16.164368,3.0013747,3489292.8,0.011571248,0.0,2.6765213,3936.865208333333,4648.79,3263.06,96,2019,8,Summer,6,1
2019-08-05,21.873177,27.631958,15.680786,2.3286767,2906662.5,0.006612142,0.0,3.8731766,4653.723854166667,5254.75,3389.14,96,2019,8,Summer,0,0
2019-08-06,23.669823,27.645386,20.694183,1.6854408,3013004.8,0.0023523965,0.0,5.6698227,4869.9783333333335,5457.22,3826.75,96,2019,8,Summer,1,0
2019-08-07,25.359016,29.82129,20.832458,2.4220576,3680473.5,0.20650227,0.0,7.3590164,4966.879166666667,5573.85,3813.57,96,2019,8,Summer,2,0
2019-08-08,22.281357,25.177307,20.029053,1.7646871,2821205.2,1.0327975,0.0,4.281357,4897.671145833333,5419.29,3940.3,96,2019,8,Summer,3,0
2019-08-09,23.647804,29.52301,17.573273,1.9421483,3866466.2,0.0006357829,0.0,5.6478043,4926.96125,5466.85,3837.68,96,2019,8,Summer,4,0
2019-08-10,26.961067,32.810028,21.612976,2.8254802,3515562.8,0.002002716,0.0,8.961067,4756.232291666666,5295.24,3865.89,96,2019,8,Summer,5,1
2019-08-11,24.19999,28.234009,20.874237,2.913564,2444134.5,0.6613413,0.0,6.1999893,4395.445833333333,5159.3,3596.13,96,2019,8,Summer,6,1
2019-08-12,25.964294,31.257751,21.647522,2.0066102,3687206.2,0.0,0.0,7.9642944,5193.892604166666,5938.94,3687.94,96,2019,8,Summer,0,0
2019-08-13,21.221916,22.36731,19.964722,5.184469,2307605.5,0.54782236,0.0,3.2219162,5022.810416666666,5633.24,4013.42,96,2019,8,Summer,1,0
2019-08-14,18.957588,22.40799,15.55719,4.558638,2181794.2,1.1413256,0.0,0.9575882,4799.0060416666665,5385.1,3891.81,96,2019,8,Summer,2,0
2019-08-15,18.528908,24.175537,14.213135,1.3575015,3274521.5,0.0,0.0,0.5289078,4699.315833333333,5232.44,3798.96,96,2019,8,Summer,3,0
2019-08-16,19.646889,23.632141,16.075562,2.6768806,2718754.2,0.044981636,0.0,1.6468887,4694.779687499999,5170.96,3769.31,96,2019,8,Summer,4,0
2019-08-17,19.940132,25.676025,14.046936,2.2012882,3066073.5,0.0,0.0,1.9401321,4220.062916666667,4808.02,3598.55,96,2019,8,Summer,5,1
2019-08-18,24.337166,30.110931,19.22876,3.795566,3181661.8,0.0,0.0,6.337166,4069.6514583333333,4768.54,3399.01,96,2019,8,Summer,6,1
2019-08-19,25.557465,30.768494,21.103516,2.2096727,3364467.2,0.0,0.0,7.5574646,4167.556145833333,4910.07,3410.83,96,2019,8,Summer,0,0
2019-08-20,25.663895,31.02951,21.190186,1.6183163,3238698.5,0.0135103855,0.0,7.6638947,4061.785520833333,4845.54,3270.29,96,2019,8,Summer,1,0
2019-08-21,21.382706,23.535217,19.858032,5.7519383,2912341.2,0.008360545,0.0,3.3827057,4844.2584375,5512.27,3466.56,96,2019,8,Summer,2,0
2019-08-22,18.97107,22.531677,15.843536,2.196303,2159530.8,2.531306,0.0,0.97106934,4979.599999999999,5694.69,3862.44,96,2019,8,Summer,3,0
2019-08-23,22.395775,26.547821,19.24945,1.8131948,2475200.0,0.4650434,0.0,4.395775,5093.820624999999,5704.92,4013.6,96,2019,8,Summer,4,0
2019-08-24,23.487022,29.42926,19.33075,1.5182033,2782869.5,0.016244253,0.0,5.4870224,4716.238333333334,5318.57,3925.51,96,2019,8,Summer,5,1
2019-08-25,22.220818,25.649536,19.875275,1.8855472,2471479.5,0.72778064,0.0,4.2208176,4494.5545833333335,5234.46,3683.0,96,2019,8,Summer,6,1
2019-08-26,21.907715,24.770844,19.832825,1.377906,2916599.5,0.3353755,0.0,3.9077148,5145.217083333334,5827.95,3765.65,96,2019,8,Summer,0,0
2019-08-27,23.368896,29.069092,18.60254,1.7414913,2847616.0,0.06891887,0.0,5.3688965,5285.451979166667,5928.14,4100.58,96,2019,8,Summer,1,0
2019-08-28,24.559807,30.351196,20.086273,2.14911,3119688.5,0.0028292339,0.0,6.559807,5367.963854166666,6052.55,4178.17,96,2019,8,Summer,2,0
2019-08-29,24.743706,30.982971,20.752289,1.7861371,2868620.8,0.002861023,0.0,6.7437057,5411.742499999999,6159.5,4213.76,96,2019,8,Summer,3,0
2019-08-30,24.225845,29.652405,20.53543,2.4507132,3037397.2,6.357829e-05,0.0,6.2258453,5346.70375,6084.62,4191.03,96,2019,8,Summer,4,0
2019-08-31,23.839256,30.506775,19.354126,0.8016776,3108782.8,0.006262461,0.0,5.8392563,4709.721979166667,5318.22,3826.82,96,2019,8,Summer,5,1
2019-09-01,23.945374,31.3432,19.64798,1.7056069,3105237.5,0.008138021,0.0,5.9453735,4493.581666666667,5308.61,3635.27,96,2019,9,Autumn,6,1
2019-09-02,20.492058,24.157104,18.48056,3.255866,1995110.4,0.29385886,0.0,2.4920578,5105.175625,5809.04,3764.69,96,2019,9,Autumn,0,0
2019-09-03,17.055412,21.834564,14.049591,5.269345,2619089.0,0.5923271,0.0,0.0,4942.0440625,5457.11,3977.1,96,2019,9,Autumn,1,0
2019-09-04,16.175484,23.204132,11.185669,1.4857904,3167509.2,0.0,0.0,0.0,4851.126145833333,5559.75,3893.16,96,2019,9,Autumn,2,0
2019-09-05,18.238693,25.33368,13.144897,2.0509465,3096286.0,0.0,0.0,0.23869324,4913.557083333333,5688.98,3886.52,96,2019,9,Autumn,3,0
2019-09-06,18.889969,22.716125,17.09082,2.9353561,1971822.9,0.1338005,0.0,0.8899689,4899.593541666666,5495.78,3944.73,96,2019,9,Autumn,4,0
2019-09-07,16.658539,18.48935,15.571014,1.6689911,1149132.8,0.8907318,0.0,0.0,4420.1965625,4955.49,3613.36,96,2019,9,Autumn,5,1
2019-09-08,16.284302,19.021362,13.963257,2.3817053,1527432.5,1.6839027,0.0,0.0,4151.571666666667,4894.52,3486.85,96,2019,9,Autumn,6,1
2019-09-09,15.893517,16.786926,14.287689,2.1913953,1207816.5,3.8036346,0.0,0.0,4848.6259375,5555.67,3515.19,96,2019,9,Autumn,0,0
2019-09-10,14.662498,21.081512,10.075989,2.5404174,2338427.5,0.011444092,0.8375015,0.0,4795.919791666666,5536.6,3849.33,96,2019,9,Autumn,1,0
2019-09-11,16.346191,23.214142,11.8237,1.6081377,2923720.5,0.0,0.0,0.0,4868.859895833333,5659.02,3890.02,96,2019,9,Autumn,2,0
2019-09-12,18.226334,24.026459,14.613068,2.2279947,2676454.5,0.0118255615,0.0,0.22633362,4928.474895833334,5607.35,3919.63,96,2019,9,Autumn,3,0
2019-09-13,18.931282,24.988617,14.700439,2.029551,2272230.5,0.0483195,0.0,0.93128204,4884.355416666666,5526.11,3918.41,96,2019,9,Autumn,4,0
2019-09-14,18.68377,23.09143,16.883911,2.8579183,2495816.5,0.0,0.0,0.6837692,4375.187291666666,4990.96,3548.17,96,2019,9,Autumn,5,1
2019-09-15,16.592407,22.890228,12.172333,1.924747,2697591.5,0.0,0.0,0.0,4108.1021875,4969.4,3428.4,96,2019,9,Autumn,6,1
2019-09-16,19.382362,26.519257,14.678406,1.9299203,2498803.2,0.012397766,0.0,1.3823624,4842.10125,5727.79,3541.75,96,2019,9,Autumn,0,0
2019-09-17,18.98259,21.346283,17.822113,2.2750258,1921604.2,0.13837814,0.0,0.9825897,4987.2709375,5626.73,3949.86,96,2019,9,Autumn,1,0
2019-09-18,14.649315,17.311707,12.5937805,3.8140576,2848793.5,0.0,0.8506851,0.0,4827.9690625,5597.62,3889.68,96,2019,9,Autumn,2,0
2019-09-19,11.085609,16.75946,7.444336,2.9505346,2548407.5,0.0,4.4143906,0.0,4894.231145833333,5648.21,3920.48,96,2019,9,Autumn,3,0
2019-09-20,10.725769,16.701752,7.3105164,1.9973195,2707447.5,0.0,4.774231,0.0,4865.8507291666665,5614.6,3953.0,96,2019,9,Autumn,4,0
2019-09-21,11.228142,19.096619,5.5982666,2.3237782,2661926.2,0.0,4.271858,0.0,4343.404791666667,5068.32,3562.71,96,2019,9,Autumn,5,1
2019-09-22,13.920364,21.130096,8.483185,4.138835,2604859.5,0.0,1.5796356,0.0,4060.5236458333334,4977.32,3429.29,96,2019,9,Autumn,6,1
2019-09-23,16.495079,20.786163,14.102753,2.81422,1372390.4,0.06132126,0.0,0.0,4945.794583333333,5765.72,3465.06,96,2019,9,Autumn,0,0
2019-09-24,16.42881,20.554077,14.196991,2.1702714,1351791.0,0.0035921733,0.0,0.0,5008.050729166666,5767.21,3938.74,96,2019,9,Autumn,1,0
2019-09-25,16.104897,20.206757,13.237518,2.0937588,1451626.6,0.045140583,0.0,0.0,5065.215729166667,5788.1,3950.89,96,2019,9,Autumn,2,0
2019-09-26,16.202919,20.541718,13.719055,2.4292567,1847654.4,0.15452704,0.0,0.0,4946.1050000000005,5527.94,3941.72,96,2019,9,Autumn,3,0
2019-09-27,16.283073,22.43216,11.239136,2.7100143,1951543.4,0.006834666,0.0,0.0,4856.0828125,5584.39,3849.62,96,2019,9,Autumn,4,0
2019-09-28,16.056282,18.616608,14.460663,2.2310724,1053009.0,0.07530849,0.0,0.0,4468.275625,5089.29,3646.4,96,2019,9,Autumn,5,1
2019-09-29,16.865517,21.63974,13.693695,4.3732176,2129979.8,0.0013987224,0.0,0.0,4228.428958333333,5088.48,3500.5,96,2019,9,Autumn,6,1
2019-09-30,18.938019,25.01538,15.423706,4.2916884,1477670.4,0.014813741,0.0,0.9380188,4883.663541666667,5708.84,3570.94,96,2019,9,Autumn,0,0
2019-10-01,16.719177,23.431244,11.837982,3.9324436,2177937.0,0.0013987224,0.0,0.0,4908.554375,5725.0,3908.4,96,2019,10,Autumn,1,0
2019-10-02,16.20649,18.826416,13.732269,3.5488071,781930.7,1.4837902,0.0,0.0,5013.589895833334,5820.98,3901.91,96,2019,10,Autumn,2,0
2019-10-03,11.299385,13.726196,9.631165,6.0644035,1300616.5,0.12957254,4.200615,0.0,5081.905729166667,5774.66,4001.15,96,2019,10,Autumn,3,0
2019-10-04,10.382927,14.934479,7.6312866,2.0876145,1488541.9,0.023651123,5.117073,0.0,4973.249270833333,5735.02,4011.18,96,2019,10,Autumn,4,0
2019-10-05,11.742729,14.316193,9.947327,4.0034647,1334779.8,0.5513509,3.7572708,0.0,4630.2659375,5283.01,3795.47,96,2019,10,Autumn,5,1
2019-10-06,9.683998,13.111053,7.8567505,4.665785,1514845.9,0.018310547,5.816002,0.0,4355.294583333333,5266.42,3622.95,96,2019,10,Autumn,6,1
2019-10-07,7.5248413,11.18161,5.8862915,1.5562879,928708.25,0.12292862,7.9751587,0.0,5029.474999999999,5921.3,3634.64,96,2019,10,Autumn,0,0
2019-10-08,7.6054306,14.197052,1.4781189,4.193462,2143296.0,0.0,7.8945694,0.0,5133.6921875,5980.91,4107.72,96,2019,10,Autumn,1,0
2019-10-09,14.056358,18.429504,9.766632,3.657981,1532484.2,0.0060399375,1.4436417,0.0,5126.048333333333,5958.32,4151.16,96,2019,10,Autumn,2,0
2019-10-10,12.6441345,15.621643,11.020264,2.4659162,750041.56,0.8074442,2.8558655,0.0,5232.822708333333,5933.32,4096.37,96,2019,10,Autumn,3,0
2019-10-11,12.020866,18.123627,7.5243225,4.02354,1853047.5,0.0,3.4791336,0.0,5051.218333333333,5790.24,4071.69,96,2019,10,Autumn,4,0
2019-10-12,12.777168,16.79721,10.155243,3.6149778,1930841.6,0.0,2.7228317,0.0,4557.8534375,5292.51,3787.91,96,2019,10,Autumn,5,1
2019-10-13,12.848152,17.82721,9.808136,2.1931958,1630511.0,0.0,2.6518478,0.0,4351.230520833334,5229.27,3630.09,96,2019,10,Autumn,6,1
2019-10-14,15.033752,20.948212,10.607544,3.0948958,1912887.4,0.0,0.46624756,0.0,4977.7259375,5838.59,3678.41,96,2019,10,Autumn,0,0
2019-10-15,17.245667,22.583496,12.993469,5.3322077,1927180.8,6.357829e-05,0.0,0.0,5038.2546875,5855.51,4015.03,96,2019,10,Autumn,1,0
2019-10-16,13.902664,15.56897,12.398254,2.6077456,317742.94,0.036907196,1.5973358,0.0,5129.494166666666,5888.62,4007.16,96,2019,10,Autumn,2,0
2019-10-17,11.886955,19.187683,6.71817,2.6435423,1722965.4,0.0012715658,3.6130447,0.0,5108.786458333333,5922.56,4069.43,96,2019,10,Autumn,3,0
2019-10-18,12.665634,16.930847,10.586914,2.4232848,1104379.8,0.00025431317,2.8343658,0.0,5082.1659375,5808.14,4080.22,96,2019,10,Autumn,4,0
2019-10-19,13.702759,19.223938,8.969635,3.2994194,1674163.1,0.00015894572,1.7972412,0.0,4567.754166666667,5254.23,3758.52,96,2019,10,Autumn,5,1
2019-10-20,17.501076,22.350037,14.23999,5.800102,1720738.1,0.0,0.0,0.0,4319.9930208333335,5184.27,3614.29,96,2019,10,Autumn,6,1
2019-10-21,18.0737,23.660492,14.377075,3.616618,1708804.2,0.0,0.0,0.07369995,4965.778333333333,5842.54,3635.87,96,2019,10,Autumn,0,0
2019-10-22,14.4850235,19.924133,10.500458,1.2688227,1350464.0,0.0,1.0149765,0.0,4980.323229166667,5692.02,3962.77,96,2019,10,Autumn,1,0
2019-10-23,15.423096,22.844849,10.124939,2.769746,1723690.8,0.0027656555,0.0769043,0.0,4170.537083333334,4961.58,3570.92,96,2019,10,Autumn,2,0
2019-10-24,17.25969,24.43097,12.568756,4.216673,1718604.9,0.0,0.0,0.0,4897.105520833334,5768.14,3468.23,96,2019,10,Autumn,3,0
2019-10-25,13.754234,20.81076,8.729431,2.17154,1676731.8,0.0,1.7457657,0.0,5014.564375,5714.17,3960.54,96,2019,10,Autumn,4,0
2019-10-26,12.690437,20.667328,6.739685,2.4201708,1651059.2,0.0,2.8095627,0.0,4547.0824999999995,5259.47,3768.63,96,2019,10,Autumn,5,1
2019-10-27,11.935417,19.065308,6.762024,1.4251708,1617949.9,0.0,3.5645828,0.0,4367.2546875,5207.56,3591.98,96,2019,10,Autumn,6,1
2019-10-28,10.663559,12.158508,9.626862,3.1026194,447573.34,0.25666553,4.836441,0.0,5108.033958333333,5989.59,3671.49,96,2019,10,Autumn,0,0
2019-10-29,7.8675537,8.243103,7.219208,1.6643641,183287.45,0.8875211,7.6324463,0.0,5347.290104166666,6076.87,4071.1,96,2019,10,Autumn,1,0
2019-10-30,6.134384,7.77829,3.8452148,1.8462218,426611.22,0.8308728,9.365616,0.0,5346.56,6090.07,4090.05,96,2019,10,Autumn,2,0
2019-10-31,4.084259,7.199341,2.491211,1.1953889,632721.06,0.014972687,11.415741,0.0,5260.347395833333,5974.92,4172.1,96,2019,10,Autumn,3,0
2019-11-01,5.588806,9.680634,2.1992188,3.4402738,719953.06,0.0025749207,9.911194,0.0,4361.661145833333,4909.07,3790.67,96,2019,11,Autumn,4,0
2019-11-02,9.239883,12.395355,6.616913,4.6836686,948804.25,0.11399587,6.2601166,0.0,4546.537395833334,5245.98,3490.13,96,2019,11,Autumn,5,1
2019-11-03,15.033829,19.52594,11.178162,6.283724,1413730.1,0.0005086263,0.46617126,0.0,4478.0919791666665,5229.85,3573.14,96,2019,11,Autumn,6,1
2019-11-04,12.835808,16.077362,10.413818,3.9991045,411797.34,4.5240088,2.6641922,0.0,5235.464479166667,6034.89,3675.58,96,2019,11,Autumn,0,0
2019-11-05,10.680061,13.900177,9.231659,2.7613184,557934.94,1.4532089,4.8199387,0.0,5353.27875,6135.79,4091.13,96,2019,11,Autumn,1,0
2019-11-06,9.903145,13.440765,8.204071,2.2374136,1358818.1,0.38592023,5.596855,0.0,5292.056041666667,6082.29,4112.37,96,2019,11,Autumn,2,0
2019-11-07,9.36908,11.861847,8.3905945,2.0433083,747174.4,0.70209503,6.1309204,0.0,5364.2265625,6124.77,4105.83,96,2019,11,Autumn,3,0
2019-11-08,9.7892685,12.265167,7.43454,3.9008496,609318.4,0.00816981,5.7107315,0.0,5318.849999999999,6047.56,4104.28,96,2019,11,Autumn,4,0
2019-11-09,9.874649,11.465118,7.821533,2.3905776,747093.3,0.9905497,5.625351,0.0,4813.35625,5480.24,4005.37,96,2019,11,Autumn,5,1
2019-11-10,5.9505386,6.4496765,4.949463,3.4009318,248930.12,0.8506775,9.549461,0.0,4655.508229166667,5351.08,3648.92,96,2019,11,Autumn,6,1
2019-11-11,5.6571274,9.81723,0.5925598,3.408588,939174.4,0.00025431317,9.842873,0.0,5228.351145833333,6153.49,3795.47,96,2019,11,Autumn,0,0
2019-11-12,7.970833,8.880371,6.313843,2.4049032,304635.72,1.2940725,7.529167,0.0,5457.43375,6252.2,4179.36,96,2019,11,Autumn,1,0
2019-11-13,6.650696,8.341492,4.533783,3.1974587,255918.94,1.6165097,8.849304,0.0,5395.800416666667,6173.43,4192.2,96,2019,11,Autumn,2,0
2019-11-14,4.8637085,9.271118,0.77279663,2.0039573,1225122.1,0.0,10.6362915,0.0,5351.413854166666,6140.1,4145.06,96,2019,11,Autumn,3,0
2019-11-15,8.479347,11.584656,5.245514,4.056324,795229.9,0.0046730046,7.020653,0.0,5388.870208333333,6138.52,4145.75,96,2019,11,Autumn,4,0
2019-11-16,11.539963,13.043457,10.659882,4.1726594,384951.47,0.9083112,3.9600372,0.0,4855.9478125,5542.82,4045.86,96,2019,11,Autumn,5,1
2019-11-17,12.161049,15.116516,9.669159,4.6829014,1117184.0,0.11885961,3.338951,0.0,4518.616458333333,5308.0,3686.41,96,2019,11,Autumn,6,1
2019-11-18,11.451927,13.874878,9.377991,4.732849,989623.44,0.39660135,4.048073,0.0,5227.842604166667,6107.83,3743.83,96,2019,11,Autumn,0,0
2019-11-19,9.380325,12.836914,7.2975464,3.5573983,961851.75,0.0,6.1196747,0.0,5305.592187499999,6152.86,4146.25,96,2019,11,Autumn,1,0
2019-11-20,8.87719,10.1519165,7.70459,3.3317752,69768.53,2.0815532,6.6228104,0.0,5450.4503125,6300.56,4136.35,96,2019,11,Autumn,2,0
2019-11-21,10.760513,12.013428,9.8480835,3.8312626,763609.6,0.1493772,4.7394867,0.0,5383.468333333333,6191.45,4189.98,96,2019,11,Autumn,3,0
2019-11-22,9.5961685,10.713837,8.371521,4.3332615,574276.25,0.0030199687,5.9038315,0.0,5344.4853125,6151.8,4141.87,96,2019,11,Autumn,4,0
2019-11-23,6.3060226,8.410706,4.1299744,5.420183,1031825.06,0.0002861023,9.193977,0.0,4886.525729166667,5587.61,4115.74,96,2019,11,Autumn,5,1
2019-11-24,5.9409866,8.869537,3.3651428,3.924564,1096819.2,0.0,9.559013,0.0,4642.4865625,5426.52,3814.96,96,2019,11,Autumn,6,1
2019-11-25,5.1914597,8.164795,2.8169556,2.5236363,643238.4,0.0013669333,10.30854,0.0,5325.867708333333,6242.02,3849.39,96,2019,11,Autumn,0,0
2019-11-26,6.9628983,8.498932,5.2693176,2.0161693,337988.28,0.010140737,8.537102,0.0,5471.018333333333,6275.92,4217.57,96,2019,11,Autumn,1,0
2019-11-27,8.563248,9.417328,7.6690063,4.578267,509981.88,0.08859634,6.9367523,0.0,5527.208854166667,6356.67,4229.66,96,2019,11,Autumn,2,0
2019-11-28,9.072884,10.255371,8.359253,1.4364756,483985.06,0.79412466,6.4271164,0.0,5517.401666666668,6276.96,4205.82,96,2019,11,Autumn,3,0
2019-11-29,8.126831,10.751953,6.949951,2.1773276,621073.06,0.12257894,7.373169,0.0,5401.022916666667,6195.84,4206.13,96,2019,11,Autumn,4,0
2019-11-30,4.277916,5.8563232,1.2886353,4.539407,1081770.6,6.357829e-05,11.222084,0.0,4953.2540625,5660.03,4148.56,96,2019,11,Autumn,5,1
2019-12-01,0.65662384,4.9433594,-3.527832,3.2887616,781021.9,0.0018119812,14.843376,0.0,4812.310833333334,5612.54,3899.34,96,2019,12,Winter,6,1
2019-12-02,1.454628,1.8140259,1.1452332,3.6495023,425233.06,1.0887145,14.045372,0.0,5704.266875,6568.07,4053.98,96,2019,12,Winter,0,0
2019-12-03,1.990242,4.6337585,0.51831055,3.3936086,961297.06,0.0035921733,13.509758,0.0,5752.255937499999,6605.58,4482.98,96,2019,12,Winter,1,0
2019-12-04,-1.8614197,1.2367859,-4.8468933,2.7620215,844757.3,0.0012715658,17.36142,0.0,6005.060624999999,6818.96,4628.07,96,2019,12,Winter,2,0
2019-12-05,-0.61688995,-0.11203003,-1.0866394,4.1500835,469171.2,0.0073750815,16.11689,0.0,6039.704687500001,6823.22,4662.91,96,2019,12,Winter,3,0
2019-12-06,-0.39133453,0.20996094,-0.91677856,2.6663783,692876.8,0.0015258789,15.891335,0.0,5984.4028125,6768.73,4659.45,96,2019,12,Winter,4,0
2019-12-07,1.2008591,1.7103577,0.47439575,2.364038,715127.44,0.0059763594,14.299141,0.0,5579.1928125,6266.13,4591.23,96,2019,12,Winter,5,1
2019-12-08,2.7288284,5.972412,0.14642334,3.3207533,924744.56,0.0021616619,12.771172,0.0,5038.33625,5703.14,4185.07,96,2019,12,Winter,6,1
2019-12-09,3.0247726,4.551056,1.6648865,1.5777289,316181.34,0.093364716,12.475227,0.0,5682.201875,6529.35,4119.18,96,2019,12,Winter,0,0
2019-12-10,4.676193,7.01709,3.1418762,5.0819755,901841.06,0.1577695,10.823807,0.0,5701.466458333333,6540.01,4394.97,96,2019,12,Winter,1,0
2019-12-11,-0.4532547,3.3175964,-3.8607178,2.4209566,1053649.1,0.0,15.953255,0.0,5672.669791666667,6495.21,4404.62,96,2019,12,Winter,2,0
2019-12-12,0.75935364,1.6591797,-0.24737549,1.5761436,178176.0,0.30787784,14.740646,0.0,5794.802708333333,6567.58,4460.31,96,2019,12,Winter,3,0
2019-12-13,2.0428467,3.48172,0.2605896,4.129506,609506.1,0.9924253,13.457153,0.0,5679.214583333333,6411.85,4413.7,96,2019,12,Winter,4,0
2019-12-14,4.332878,7.5612183,1.6479187,2.907027,785011.2,0.37069324,11.167122,0.0,5268.318958333333,5929.75,3977.6,96,2019,12,Winter,5,1
2019-12-15,4.6698837,7.8988953,2.2464905,3.9328125,867575.44,0.0059763594,10.830116,0.0,4887.530104166667,5596.62,4029.44,96,2019,12,Winter,6,1
2019-12-16,7.2629776,11.8906555,2.25885,3.7160625,855078.4,0.00025431317,8.237022,0.0,5404.0890625,6261.91,4007.95,96,2019,12,Winter,0,0
2019-12-17,12.957085,15.317841,10.600494,6.9307995,930457.6,0.00041325888,2.5429153,0.0,5281.6397916666665,6029.62,4155.56,96,2019,12,Winter,1,0
2019-12-18,12.571144,15.87262,8.755157,4.048912,908757.3,0.0,2.928856,0.0,5194.842395833333,5965.95,4049.95,96,2019,12,Winter,2,0
2019-12-19,9.640465,12.545715,8.405731,3.843882,640034.1,0.0003496806,5.859535,0.0,5211.4853125,5954.9,4044.48,96,2019,12,Winter,3,0
2019-12-20,9.839134,13.12973,6.5648193,5.742436,942195.2,0.017738342,5.660866,0.0,4971.340625,5680.17,3989.35,96,2019,12,Winter,4,0
2019-12-21,11.598869,12.898529,10.499695,5.840857,252561.06,2.4318376,3.9011307,0.0,4655.679479166666,5457.03,3708.72,96,2019,12,Winter,5,1
2019-12-22,5.7890015,7.3762817,3.1410828,3.595613,361587.2,2.1976154,9.710999,0.0,4524.082604166667,5334.45,3535.98,96,2019,12,Winter,6,1
2019-12-23,7.052986,8.086731,5.689911,7.872371,216012.8,2.4571102,8.447014,0.0,4639.995833333333,5518.96,3541.84,96,2019,12,Winter,0,0
2019-12-24,6.8870163,9.513916,3.7881165,5.9345093,833280.0,0.03299713,8.612984,0.0,4253.9746875,4896.55,3419.12,96,2019,12,Winter,1,0
2019-12-25,6.6844482,9.86377,4.2385864,3.4412675,751590.4,0.60453415,8.815552,0.0,3984.7617708333332,4454.36,3218.44,96,2019,12,Winter,2,0
2019-12-26,5.3002014,7.079651,3.6948853,4.9612565,616213.3,0.07422765,10.199799,0.0,3983.0387499999997,4543.77,3197.86,96,2019,12,Winter,3,0
2019-12-27,3.5935059,5.8617554,2.3377075,3.643808,960426.7,0.0027656555,11.906494,0.0,4331.4665625,5090.07,3312.23,96,2019,12,Winter,4,0
2019-12-28,2.3555145,3.343628,1.6641846,7.4057665,690376.56,0.010013579,13.144485,0.0,4421.979895833333,5153.76,3454.7,96,2019,12,Winter,5,1
2019-12-29,0.7528839,1.8409424,-0.2750244,5.8647075,659033.6,0.012906393,14.747116,0.0,4436.972604166666,5163.39,3524.48,96,2019,12,Winter,6,1
2019-12-30,-1.9733353,1.2303467,-5.3025208,2.1064923,1014438.4,0.0,17.473335,0.0,4625.117604166667,5446.69,3644.73,96,2019,12,Winter,0,0
2019-12-31,2.2539673,5.8161926,-0.98773193,3.3264303,1022809.6,0.0,13.246033,0.0,4537.571041666667,5325.58,3650.84,96,2019,12,Winter,1,0
2020-01-01,2.3640747,6.0472107,-0.32040405,3.7117803,974519.44,0.0,13.135925,0.0,4107.2752083333335,4785.81,3541.76,96,2020,1,Winter,2,0
2020-01-02,-0.56412506,4.8603516,-4.312561,2.0161076,1048452.25,0.0,16.064125,0.0,4875.3202083333335,5763.29,3571.62,96,2020,1,Winter,3,0
2020-01-03,-2.213768,-0.9711914,-3.436676,1.7389277,975722.7,0.00012715659,17.713768,0.0,5270.2396875,6022.82,4031.64,96,2020,1,Winter,4,0
2020-01-04,1.18116,4.431122,-2.5445251,2.843237,517525.34,0.055472054,14.31884,0.0,5005.8116666666665,5643.17,4141.11,96,2020,1,Winter,5,1
2020-01-05,3.0131454,4.352295,1.0956421,7.1293354,829627.75,0.0447909,12.486855,0.0,4801.1459375,5624.64,3903.19,96,2020,1,Winter,6,1
2020-01-06,-1.4116211,2.700531,-4.5892334,2.0080073,1047296.0,0.0,16.911621,0.0,5498.249166666667,6364.86,4014.69,96,2020,1,Winter,0,0
2020-01-07,-1.8160934,2.1297607,-4.976593,2.4380312,1044928.0,0.0,17.316093,0.0,5679.9378125,6471.85,4488.0,96,2020,1,Winter,1,0
2020-01-08,0.488739,5.051941,-1.9688416,1.9903164,1036949.3,0.0003496806,15.011261,0.0,5754.8434375,6481.29,4515.78,96,2020,1,Winter,2,0
2020-01-09,1.930687,4.3149414,0.7344055,2.6671677,812083.2,0.021457672,13.569313,0.0,5847.478645833333,6556.36,4582.06,96,2020,1,Winter,3,0
2020-01-10,-0.14561462,1.8578796,-1.8937683,1.7294056,931298.1,0.0,15.645615,0.0,5741.8946875,6489.31,4581.95,96,2020,1,Winter,4,0
2020-01-11,2.6599045,7.088806,-1.1225281,3.3501923,858491.75,0.0013987224,12.8400955,0.0,5210.0909375,5836.29,4434.95,96,2020,1,Winter,5,1
2020-01-12,0.35861206,5.358734,-3.9289856,2.5071356,1130001.1,0.0,15.141388,0.0,5010.4913541666665,5689.57,4130.92,96,2020,1,Winter,6,1
2020-01-13,-0.47105408,1.8124695,-2.0246277,2.7689338,627950.94,0.006262461,15.971054,0.0,5870.657812500001,6643.6,4274.4,96,2020,1,Winter,0,0
2020-01-14,-0.9435959,0.12658691,-1.6574707,3.000012,495496.53,0.027879078,16.443596,0.0,5995.936041666667,6708.79,4682.5,96,2020,1,Winter,1,0
2020-01-15,-0.1372757,0.8496094,-1.126709,3.9476495,839193.6,0.00260671,15.637276,0.0,5989.280520833334,6721.62,4660.61,96,2020,1,Winter,2,0
2020-01-16,-0.17861176,0.9715271,-1.0516663,1.1992822,948620.8,0.006135305,15.678612,0.0,5968.558229166666,6670.87,4655.36,96,2020,1,Winter,3,0
2020-01-17,-1.0487747,-0.46090698,-1.6312256,2.868585,460121.6,0.0333786,16.548775,0.0,5957.960104166667,6676.92,4656.6,96,2020,1,Winter,4,0
2020-01-18,-1.1982803,-0.9996033,-1.4985352,1.7041751,455628.8,0.07454555,16.69828,0.0,5433.333854166666,6185.78,4546.23,96,2020,1,Winter,5,1
2020-01-19,0.3477707,1.07547,-1.0157776,1.808327,380475.72,1.1862118,15.152229,0.0,5163.319791666667,5887.34,4157.07,96,2020,1,Winter,6,1
2020-01-20,1.3563843,3.1331787,0.6654663,1.8448244,778914.1,0.12499491,14.143616,0.0,5705.506666666667,6385.5,4203.95,96,2020,1,Winter,0,0
2020-01-21,-1.23629,1.3618164,-2.8511047,1.8364335,997691.75,0.0013669331,16.73629,0.0,5963.858645833334,6647.72,4602.4,96,2020,1,Winter,1,0
2020-01-22,-2.1172256,-1.0187378,-3.4612427,2.1550715,884002.1,0.00089009607,17.617226,0.0,6000.0834375,6691.27,4651.2,96,2020,1,Winter,2,0
2020-01-23,0.35951996,4.066101,-1.5684204,2.506242,950988.8,0.0004132589,15.14048,0.0,5839.450520833333,6546.06,4703.78,96,2020,1,Winter,3,0
2020-01-24,-1.810379,-0.5878296,-2.6791992,2.9926052,901435.75,0.0012397766,17.310379,0.0,5983.5578125,6669.23,4722.83,96,2020,1,Winter,4,0
2020-01-25,-1.8614807,-0.7989502,-3.006958,0.81083804,1015859.2,6.357829e-05,17.36148,0.0,5509.222083333333,6272.59,4624.5,96,2020,1,Winter,5,1
2020-01-26,-1.0235901,0.029815674,-1.829956,1.0086564,358792.53,0.120576225,16.52359,0.0,5234.0678125,5919.63,4274.28,96,2020,1,Winter,6,1
2020-01-27,-0.3544464,-0.12884521,-0.6893616,1.0574583,910361.6,0.019454956,15.854446,0.0,5858.799166666667,6573.88,4304.68,96,2020,1,Winter,0,0
2020-01-28,2.6076508,6.2708435,-0.47375488,3.1877902,746811.75,0.92827475,12.892349,0.0,5942.305729166666,6619.81,4631.35,96,2020,1,Winter,1,0
2020-01-29,2.2538147,3.969818,0.05267334,2.797575,963938.1,0.30981702,13.246185,0.0,5850.740104166667,6516.53,4553.3,96,2020,1,Winter,2,0
2020-01-30,3.8266373,7.5141907,1.4120789,3.9031777,1100322.1,0.13265611,11.673363,0.0,5744.4002083333335,6419.87,4639.97,96,2020,1,Winter,3,0
2020-01-31,6.6850433,10.585358,2.0977478,3.638029,254348.8,0.45426688,8.814957,0.0,5719.045833333334,6345.59,4562.93,96,2020,1,Winter,4,0
2020-02-01,8.379211,13.441284,3.4655762,2.997633,1402171.8,0.0,7.1207886,0.0,4962.533541666667,5567.96,4296.15,96,2020,2,Winter,5,1
2020-02-02,10.22242,14.350647,6.792511,3.2264316,1122888.5,0.34640628,5.2775803,0.0,4708.325416666667,5464.19,3884.09,96,2020,2,Winter,6,1
2020-02-03,9.776184,10.682587,9.052582,4.6536045,565593.6,0.48068365,5.723816,0.0,5449.575729166667,6186.76,3925.61,96,2020,2,Winter,0,0
2020-02-04,7.4889145,8.696777,5.2746887,7.406354,588774.4,0.29331842,8.0110855,0.0,5636.846354166667,6320.79,4296.0,96,2020,2,Winter,1,0
2020-02-05,3.8571548,5.940857,2.1028748,9.23992,1305873.1,0.06914139,11.642845,0.0,5657.327708333333,6329.72,4423.63,96,2020,2,Winter,2,0
2020-02-06,2.1438217,5.365509,-0.97265625,5.6541653,1464558.9,0.0,13.356178,0.0,5670.211354166667,6404.5,4516.94,96,2020,2,Winter,3,0
2020-02-07,4.4286423,7.159363,3.2002258,5.0477347,1106005.4,0.0051498413,11.071358,0.0,5611.043645833332,6249.94,4494.49,96,2020,2,Winter,4,0
2020-02-08,1.6169891,5.545288,-1.2533875,2.9056551,1463044.2,6.357829e-05,13.883011,0.0,5136.882395833333,5746.79,4452.38,96,2020,2,Winter,5,1
2020-02-09,2.4235916,7.214966,-2.2685547,3.450018,1581021.9,0.0,13.076408,0.0,4898.675625,5676.09,4168.74,96,2020,2,Winter,6,1
2020-02-10,9.494652,12.935883,6.332367,7.3849945,1393237.4,0.22563934,6.005348,0.0,5580.463541666667,6257.77,4115.99,96,2020,2,Winter,0,0
2020-02-11,6.860382,9.644409,5.605072,5.6179237,1621401.6,0.051911674,8.639618,0.0,5522.403958333333,6194.09,4376.56,96,2020,2,Winter,1,0
2020-02-12,4.7105103,8.587097,2.1203918,4.2901306,1530961.1,0.029404957,10.78949,0.0,5514.155,6241.06,4401.83,96,2020,2,Winter,2,0
2020-02-13,4.848755,9.128632,0.9330139,3.5830493,1661644.8,0.010108948,10.651245,0.0,5513.3859375,6274.53,4442.5,96,2020,2,Winter,3,0
2020-02-14,8.236061,9.943909,6.1967773,3.6475577,775705.6,0.27221045,7.263939,0.0,5546.421041666667,6106.05,4422.6,96,2020,2,Winter,4,0
2020-02-15,6.1316833,10.626831,2.738739,2.3780558,1643174.4,0.0014940898,9.368317,0.0,4913.931666666666,5561.15,4251.52,96,2020,2,Winter,5,1
2020-02-16,6.575653,11.448364,2.37146,4.887395,1729668.2,0.0,8.924347,0.0,4697.202604166667,5494.88,3946.38,96,2020,2,Winter,6,1
2020-02-17,8.551079,12.632996,5.2541504,2.9972315,1590715.6,0.0,6.948921,0.0,5335.084895833334,6149.97,3998.47,96,2020,2,Winter,0,0
2020-02-18,8.438568,11.661255,5.935028,3.0025878,1188253.9,0.06297429,7.061432,0.0,5444.443020833333,6125.01,4302.58,96,2020,2,Winter,1,0
2020-02-19,4.5830765,8.799713,0.99487305,3.1538887,1135744.0,0.3369331,10.9169235,0.0,5463.3675,6193.91,4310.9,96,2020,2,Winter,2,0
2020-02-20,4.925522,9.170654,2.3996582,3.6181273,1526860.8,0.0,10.574478,0.0,5472.3725,6207.43,4371.03,96,2020,2,Winter,3,0
2020-02-21,5.363617,8.577026,3.449585,5.8054624,1626201.6,0.28292337,10.136383,0.0,5606.009791666666,6152.11,4434.84,96,2020,2,Winter,4,0
2020-02-22,4.376877,9.981842,-1.0559998,3.632911,1102003.2,0.0,11.123123,0.0,4965.551666666667,5574.87,4342.43,96,2020,2,Winter,5,1
2020-02-23,9.648972,11.265411,7.178009,4.352959,609506.1,0.009663899,5.8510284,0.0,4774.549375,5488.14,3934.19,96,2020,2,Winter,6,1
2020-02-24,9.298187,12.326843,7.0778503,4.8625484,1645871.0,0.0058809915,6.2018127,0.0,5279.065833333333,6112.2,3943.88,96,2020,2,Winter,0,0
2020-02-25,8.929596,14.672791,3.4078064,4.507882,1793497.6,0.0019709268,6.570404,0.0,5334.862395833333,6088.58,4331.26,96,2020,2,Winter,1,0
2020-02-26,6.8275146,8.880005,4.67395,2.383034,869073.06,0.79358417,8.672485,0.0,5583.386041666668,6186.6,4265.58,96,2020,2,Winter,2,0
2020-02-27,4.531372,7.772064,2.2060852,4.949412,1590792.5,0.03862381,10.968628,0.0,5441.974999999999,6177.53,4341.61,96,2020,2,Winter,3,0
2020-02-28,4.9424057,7.0816345,3.3124695,7.0844116,1902289.1,0.62300366,10.557594,0.0,5577.421354166666,6193.35,4363.67,96,2020,2,Winter,4,0
2020-02-29,4.9225388,9.610596,-0.9980469,5.26796,1823471.0,0.0,10.577461,0.0,4982.058541666666,5585.32,4266.75,96,2020,2,Winter,5,1
2020-03-01,8.465958,10.584778,6.4490967,4.247048,1018905.6,0.04542669,7.0340424,0.0,4723.4236458333335,5450.94,3902.71,96,2020,3,Spring,6,1
2020-03-02,10.413101,13.840637,7.8100586,4.845287,2032819.1,1.5001932,5.086899,0.0,5253.846041666667,6053.42,3957.33,96,2020,3,Spring,0,0
2020-03-03,9.27076,11.354126,7.2742004,3.8898983,607820.8,1.0179838,6.2292404,0.0,5443.331666666667,6093.71,4210.38,96,2020,3,Spring,1,0
2020-03-04,6.448044,9.417908,5.2899475,5.1927233,1795396.2,0.12397766,9.051956,0.0,5483.501458333333,6145.25,4256.94,96,2020,3,Spring,2,0
2020-03-05,4.496971,10.829132,-1.4573364,3.6739974,2180053.2,0.0,11.003029,0.0,5338.5096875,6169.73,4358.92,96,2020,3,Spring,3,0
2020-03-06,6.366997,6.810852,5.3256836,4.3875465,428125.84,1.2731552,9.133003,0.0,5580.902708333334,6255.0,4361.84,96,2020,3,Spring,4,0
2020-03-07,6.3834686,9.83783,4.221039,3.9913998,1414916.2,0.06786982,9.116531,0.0,4966.9565625000005,5542.69,4254.51,96,2020,3,Spring,5,1
2020-03-08,5.6342773,9.511536,3.4841003,3.6633804,1861294.9,0.0,9.865723,0.0,4693.460729166666,5513.19,3906.98,96,2020,3,Spring,6,1
2020-03-09,3.6194916,10.392426,-0.9020691,2.0695467,2164236.8,0.0,11.880508,0.0,5237.993854166666,6119.28,4001.27,96,2020,3,Spring,0,0
2020-03-10,8.086327,12.719849,5.2254333,3.0369968,2264853.2,0.0077247624,7.4136734,0.0,5287.0242708333335,6155.66,4318.49,96,2020,3,Spring,1,0
2020-03-11,11.91954,17.14914,7.7301636,2.7863982,1227311.0,0.17639796,3.5804596,0.0,5425.2117708333335,6055.79,4329.39,96,2020,3,Spring,2,0
2020-03-12,13.111938,18.463013,8.4114685,2.6772919,2331758.8,0.0,2.3880615,0.0,5174.869791666667,5968.43,4262.53,96,2020,3,Spring,3,0
2020-03-13,9.021698,10.593018,8.057465,2.7495391,610820.25,0.20109811,6.478302,0.0,5407.3346875,6124.74,4199.57,96,2020,3,Spring,4,0
2020-03-14,5.629715,10.592712,1.743988,3.2777781,1600076.8,0.0006357829,9.870285,0.0,4771.9228125,5484.8,4195.59,96,2020,3,Spring,5,1
2020-03-15,3.3042755,8.377502,-1.5592041,2.163873,2578828.8,0.0,12.1957245,0.0,4365.123645833333,5251.57,3824.91,96,2020,3,Spring,6,1
2020-03-16,5.6114197,12.228912,0.59277344,4.293932,2535364.2,0.0,9.88858,0.0,5094.024166666667,5971.61,3827.95,96,2020,3,Spring,0,0
2020-03-17,7.3665237,13.791992,1.0254517,1.6001586,2384563.2,0.0,8.133476,0.0,5173.375625,5889.44,4324.24,96,2020,3,Spring,1,0
2020-03-18,10.965416,17.256256,6.191803,1.7304604,2501772.8,0.0,4.534584,0.0,5103.3637499999995,5875.97,4208.38,96,2020,3,Spring,2,0
2020-03-19,11.006813,18.9758,5.654907,2.61287,2547067.8,0.0,4.493187,0.0,5053.723229166667,5771.57,4209.19,96,2020,3,Spring,3,0
2020-03-20,11.44149,19.88623,5.400116,2.322549,2604659.2,0.0,4.05851,0.0,4929.460208333333,5611.23,4131.7,96,2020,3,Spring,4,0
2020-03-21,7.909775,10.385162,4.658081,4.0588517,1664260.2,0.3912608,7.590225,0.0,4654.017604166666,5313.91,3939.71,96,2020,3,Spring,5,1
2020-03-22,2.5729065,5.2453613,0.81188965,5.033787,2229307.8,0.006930033,12.9270935,0.0,4498.879479166667,5276.84,3712.07,96,2020,3,Spring,6,1
2020-03-23,0.5330429,3.6901245,-1.9342041,5.3276443,1605977.6,0.28889972,14.966957,0.0,5272.810208333333,6044.28,3841.95,96,2020,3,Spring,0,0
2020-03-24,3.0907974,6.230591,0.00048828125,4.6431665,1543338.6,0.09419123,12.409203,0.0,5206.676770833333,5808.85,4235.12,96,2020,3,Spring,1,0
2020-03-25,1.6440506,2.6903381,-0.24179077,3.710157,1299584.0,0.22741953,13.855949,0.0,5320.047083333334,6027.11,4218.47,96,2020,3,Spring,2,0
2020-03-26,5.4923935,9.470306,1.6378784,2.914016,1686276.2,0.010140737,10.0076065,0.0,5110.390104166667,5707.5,4200.73,96,2020,3,Spring,3,0
2020-03-27,8.960007,15.663696,4.7615356,2.1193316,2872047.0,0.0,6.5399933,0.0,4792.4357291666665,5433.93,4072.68,96,2020,3,Spring,4,0
2020-03-28,9.726646,17.73346,4.0819397,1.2868713,2886557.8,0.0,5.7733536,0.0,4325.6315625,5135.28,3851.65,96,2020,3,Spring,5,1
2020-03-29,9.896965,15.129639,6.6640015,4.3426957,2858142.0,0.0008265178,5.603035,0.0,4124.1478125,4976.29,3600.58,96,2020,3,Spring,6,1
2020-03-30,4.2451096,5.5220337,2.1972961,6.3931975,2075170.1,0.02670288,11.25489,0.0,4842.661458333333,5452.59,3568.05,96,2020,3,Spring,0,0
2020-03-31,1.4874344,6.7071533,-2.0439453,1.9589161,2925324.8,0.03261566,14.012566,0.0,4768.124270833333,5408.94,3940.04,96,2020,3,Spring,1,0
2020-04-01,2.3506622,8.1026,-2.3718262,1.538307,3058312.5,0.0,13.149338,0.0,4780.328333333334,5424.8,3991.9,96,2020,4,Spring,2,0
2020-04-02,3.8498535,11.114471,-2.4560547,3.1911595,3205990.5,0.0,11.6501465,0.0,4761.848854166667,5398.28,4026.7,96,2020,4,Spring,3,0
2020-04-03,7.2085648,15.676056,1.5021362,2.7104876,3141013.2,0.0,8.291435,0.0,4670.279270833334,5236.3,3991.52,96,2020,4,Spring,4,0
2020-04-04,8.70565,15.011017,3.9769897,3.1240227,3172258.0,0.0,6.7943497,0.0,4190.436041666667,4960.41,3667.39,96,2020,4,Spring,5,1
2020-04-05,9.742226,17.113098,4.349945,2.614499,3264222.0,0.0,5.7577744,0.0,4014.1,4809.84,3502.25,96,2020,4,Spring,6,1
2020-04-06,11.202087,18.31247,5.518036,3.6119049,3303458.2,0.0,4.2979126,0.0,4485.580625,5239.62,3527.52,96,2020,4,Spring,0,0
2020-04-07,10.745499,18.544647,4.6457825,3.0439196,3446071.5,0.0,4.7545013,0.0,4505.273229166666,5193.65,3790.44,96,2020,4,Spring,1,0
2020-04-08,10.532318,19.977753,2.825714,2.4356823,3420057.8,0.0,4.967682,0.0,4464.12875,5142.31,3705.16,96,2020,4,Spring,2,0
2020-04-09,12.917458,21.772186,5.047241,2.0490236,3457608.5,0.0,2.5825424,0.0,4368.9065625,4962.38,3670.23,96,2020,4,Spring,3,0
2020-04-10,13.733162,19.503479,9.313538,3.3726804,3403306.5,0.0,1.7668381,0.0,3807.6320833333334,4612.81,3324.87,96,2020,4,Spring,4,0
2020-04-11,12.453735,19.508179,6.8762207,1.7954509,3285559.5,0.0,3.0462646,0.0,3821.5579166666666,4643.62,3185.74,96,2020,4,Spring,5,1
2020-04-12,14.204094,21.844208,7.0598145,2.5833783,3279914.8,0.0,1.2959061,0.0,3575.078020833333,4335.95,3115.63,96,2020,4,Spring,6,1
2020-04-13,15.928932,21.89804,12.857605,3.3215437,2697404.0,0.3126462,0.0,0.0,3554.9690625,4377.1,3042.97,96,2020,4,Spring,0,0
2020-04-14,7.5222626,8.714325,5.8078613,6.2468743,2460829.8,0.08687973,7.9777374,0.0,4406.513333333333,5051.06,3092.1,96,2020,4,Spring,1,0
2020-04-15,7.4065475,13.191711,1.4959106,2.2045996,3437034.5,0.0,8.093452,0.0,4508.976041666667,5199.18,3766.41,96,2020,4,Spring,2,0
2020-04-16,12.638863,20.483795,5.4263,3.1876795,3628356.2,0.0,2.8611374,0.0,4428.4998958333335,5101.0,3769.19,96,2020,4,Spring,3,0
2020-04-17,16.850449,24.563232,9.87912,2.3382368,3557960.5,0.0,0.0,0.0,4346.958020833334,4934.02,3629.96,96,2020,4,Spring,4,0
2020-04-18,16.632141,22.06247,12.115112,0.96866775,3019012.2,0.026925405,0.0,0.0,3939.3272916666665,4671.36,3393.04,96,2020,4,Spring,5,1
2020-04-19,15.137314,16.994537,13.710327,1.9756159,2092070.4,0.50595605,0.36268616,0.0,3872.341875,4564.16,3147.55,96,2020,4,Spring,6,1
2020-04-20,11.559006,16.123474,8.254303,2.6153455,3816580.2,0.0,3.9409943,0.0,4308.466145833333,5091.89,3278.66,96,2020,4,Spring,0,0
2020-04-21,11.380852,16.848328,6.098999,3.030347,3872524.8,0.0,4.1191483,0.0,4385.987916666667,5058.77,3634.91,96,2020,4,Spring,1,0
2020-04-22,12.068947,17.647491,7.6703796,2.091982,3882333.8,0.0,3.4310532,0.0,4443.8021875,5155.19,3662.93,96,2020,4,Spring,2,0
2020-04-23,12.259819,19.299835,5.5203247,1.4207882,3343372.8,0.0,3.240181,0.0,4474.3009375,5195.06,3695.89,96,2020,4,Spring,3,0
2020-04-24,14.163612,21.672638,6.08078,2.776479,3868911.0,0.0,1.3363876,0.0,4378.351041666667,4927.68,3717.84,96,2020,4,Spring,4,0
2020-04-25,15.459869,20.185455,11.891388,4.7980514,3405175.5,0.0054041543,0.040130615,0.0,3966.7209375,4642.42,3397.38,96,2020,4,Spring,5,1
2020-04-26,11.711151,16.557373,7.241394,2.0461748,3621738.8,0.00019073486,3.7888489,0.0,3819.4504166666666,4633.75,3173.91,96,2020,4,Spring,6,1
2020-04-27,13.685692,19.625824,6.603485,2.5186527,3154880.0,0.12588501,1.8143082,0.0,4353.183541666666,5028.31,3350.33,96,2020,4,Spring,0,0
2020-04-28,17.048477,22.790588,11.746582,2.7505245,3465429.5,0.3399531,0.0,0.0,4391.808020833333,5004.32,3591.2,96,2020,4,Spring,1,0
2020-04-29,15.489876,17.202942,14.364227,3.6045058,2132040.5,0.92709863,0.010124207,0.0,4410.321979166666,4940.97,3520.71,96,2020,4,Spring,2,0
2020-04-30,16.565376,21.211609,12.856384,2.8902667,3621392.8,0.12270609,0.0,0.0,4271.424583333333,4749.08,3531.47,96,2020,4,Spring,3,0
2020-05-01,15.0993805,17.595734,11.888367,3.199925,2572620.8,0.816377,0.4006195,0.0,3718.3703124999997,4304.95,3130.51,96,2020,5,Spring,4,0
2020-05-02,14.643394,19.262207,10.89386,2.7462397,3273668.2,0.23447672,0.8566055,0.0,3696.361666666667,4420.64,3024.73,96,2020,5,Spring,5,1
2020-05-03,12.848045,15.340057,10.993561,5.486961,3033792.2,0.10897319,2.6519547,0.0,3652.9873958333333,4415.2,3033.6,96,2020,5,Spring,6,1
2020-05-04,12.722382,18.744324,6.5289917,2.1493747,3379767.2,0.00019073486,2.7776184,0.0,4255.680208333333,4947.79,3182.2,96,2020,5,Spring,0,0
2020-05-05,12.983635,14.36499,12.21347,3.1549609,2104123.8,0.36675137,2.516365,0.0,4490.249583333333,5001.51,3514.71,96,2020,5,Spring,1,0
2020-05-06,10.900223,13.923676,7.7026978,5.855713,3361634.0,0.032583874,4.599777,0.0,4461.2584375,5029.0,3609.05,96,2020,5,Spring,2,0
2020-05-07,15.151573,19.687256,10.421753,4.863316,4065668.2,0.0,0.34842682,0.0,4346.8990625,4975.17,3591.24,96,2020,5,Spring,3,0
2020-05-08,15.345306,22.126953,7.6392517,1.80391,4203690.5,0.0,0.1546936,0.0,4289.773020833333,4838.0,3576.98,96,2020,5,Spring,4,0
2020-05-09,18.297188,25.421722,12.03894,1.9060361,3867396.2,0.0,0.0,0.2971878,3891.103958333333,4575.49,3366.62,96,2020,5,Spring,5,1
2020-05-10,19.18319,23.008331,15.00589,4.204562,2833855.8,0.00076293945,0.0,1.1831894,3764.3078124999997,4449.96,3101.19,96,2020,5,Spring,6,1
2020-05-11,18.994408,21.856812,15.598511,6.5448837,2971447.5,0.007756551,0.0,0.99440765,4371.850208333333,4979.94,3196.78,96,2020,5,Spring,0,0
2020-05-12,9.9664,11.236664,6.4172974,5.1827416,2271761.0,0.5376498,5.5336,0.0,4560.516770833333,5116.62,3579.13,96,2020,5,Spring,1,0
2020-05-13,11.286942,17.781921,4.229431,3.580238,2725235.2,0.09247462,4.2130585,0.0,4670.2690625000005,5169.18,3694.58,96,2020,5,Spring,2,0
2020-05-14,13.915367,17.316498,11.232544,4.013344,2890726.5,0.005276998,1.5846329,0.0,4520.352291666667,5034.31,3721.97,96,2020,5,Spring,3,0
2020-05-15,10.917778,12.211182,10.373169,3.151336,1107148.8,1.2253444,4.582222,0.0,4490.5834375,4935.43,3632.79,96,2020,5,Spring,4,0
2020-05-16,13.083603,17.17694,8.471771,1.3769506,3723251.2,0.0,2.416397,0.0,3949.9967708333334,4581.3,3424.69,96,2020,5,Spring,5,1
2020-05-17,15.251816,19.68988,10.678192,1.5747054,2941662.0,0.37988028,0.2481842,0.0,3865.9698958333333,4506.44,3193.62,96,2020,5,Spring,6,1
2020-05-18,17.877716,24.475983,10.638092,1.8870213,3982604.8,0.0,0.0,0.0,4354.3990625,4995.03,3226.41,96,2020,5,Spring,0,0
2020-05-19,18.082642,23.51941,13.627258,1.5306282,3060940.8,0.030263264,0.0,0.0826416,4580.6465625,5057.03,3608.32,96,2020,5,Spring,1,0
2020-05-20,18.010994,20.906342,15.447662,4.3415527,3378875.8,0.049336754,0.0,0.0109939575,4587.983125,5193.96,3659.67,96,2020,5,Spring,2,0
2020-05-21,16.11589,20.300354,12.271484,3.8399534,3841493.2,0.0,0.0,0.0,4433.009375000001,4999.62,3614.8,96,2020,5,Spring,3,0
2020-05-22,15.01725,20.079712,8.684662,1.4937487,4332283.5,0.0,0.48274994,0.0,4337.664583333333,4850.28,3632.1,96,2020,5,Spring,4,0
2020-05-23,15.938538,18.388733,14.055054,2.7516644,1142348.8,0.5092621,0.0,0.0,3978.3621875000003,4532.59,3404.07,96,2020,5,Spring,5,1
2020-05-24,15.121902,18.145477,13.130493,6.109119,4163737.5,1.1287054,0.37809753,0.0,3834.248020833333,4463.61,3206.55,96,2020,5,Spring,6,1
2020-05-25,12.741112,14.399017,11.137299,3.8824096,3215023.0,2.1442413,2.7588882,0.0,4458.788854166666,5006.21,3252.11,96,2020,5,Spring,0,0
2020-05-26,13.1861725,14.771912,10.921631,5.53132,3704746.5,0.27755103,2.3138275,0.0,4518.75125,4998.51,3629.61,96,2020,5,Spring,1,0
2020-05-27,15.597458,19.776978,10.968323,5.1617203,3724637.8,0.06942748,0.0,0.0,4511.833125,4951.92,3652.06,96,2020,5,Spring,2,0
2020-05-28,15.050301,19.264435,11.109497,4.1543274,3213794.0,0.014527638,0.4496994,0.0,4516.031666666667,4985.26,3611.25,96,2020,5,Spring,3,0
2020-05-29,14.709175,18.194305,11.966217,5.368965,3430139.8,0.010553996,0.7908249,0.0,4447.5284375,4893.08,3633.83,96,2020,5,Spring,4,0
2020-05-30,13.742943,16.541412,11.265625,4.4396467,3473804.8,0.10741552,1.7570572,0.0,3916.5617708333334,4448.5,3339.4,96,2020,5,Spring,5,1
2020-05-31,11.705101,12.491577,11.210815,5.2037244,1321587.1,0.9538015,3.794899,0.0,3757.7061458333333,4264.49,3028.02,96,2020,5,Spring,6,1
2020-06-01,16.884232,21.289886,11.496582,4.9043684,3071035.5,0.069459274,0.0,0.0,3598.814375,4340.16,2997.92,96,2020,6,Summer,0,0
2020-06-02,16.874367,20.498383,12.551819,4.3291802,3649796.0,0.026671093,0.0,0.0,4379.465833333333,4945.67,3150.54,96,2020,6,Summer,1,0
2020-06-03,17.026657,21.387451,13.267487,2.725884,3347157.5,0.95450085,0.0,0.0,4527.9321875,5018.66,3663.72,96,2020,6,Summer,2,0
2020-06-04,18.944305,25.108765,12.840912,5.6975164,4227678.0,0.016498566,0.0,0.9443054,4536.440208333333,4992.79,3630.56,96,2020,6,Summer,3,0
2020-06-05,17.157722,18.208588,16.08496,3.0233932,1368166.4,0.7844608,0.0,0.0,4620.414270833334,5168.38,3662.41,96,2020,6,Summer,4,0
2020-06-06,18.84745,23.99411,12.529144,2.8189852,3484787.0,0.09651184,0.0,0.84745026,4080.0558333333333,4619.62,3521.86,96,2020,6,Summer,5,1
2020-06-07,22.364319,26.882202,16.513428,3.0630012,4005162.8,0.18361408,0.0,4.364319,3927.8038541666665,4628.59,3203.33,96,2020,6,Summer,6,1
2020-06-08,16.546104,18.93872,14.68515,4.7600327,2808832.0,0.02829234,0.0,0.0,4526.815833333333,5017.59,3338.09,96,2020,6,Summer,0,0
2020-06-09,17.715889,21.223846,13.460358,1.5868678,2432725.5,0.41341782,0.0,0.0,4605.951562499999,5031.52,3676.59,96,2020,6,Summer,1,0
2020-06-10,17.438454,19.077362,16.109467,0.97235304,1330022.4,1.9628842,0.0,0.0,4655.899895833333,5175.84,3685.76,96,2020,6,Summer,2,0
2020-06-11,18.731316,23.122894,13.446472,1.1355388,3388446.0,0.030930836,0.0,0.7313156,4657.596770833333,5152.26,3702.11,96,2020,6,Summer,3,0
2020-06-12,20.73201,25.987976,14.084106,1.5600219,4015837.8,0.044027966,0.0,2.73201,4607.032812500001,5024.58,3713.96,96,2020,6,Summer,4,0
2020-06-13,22.987564,28.14505,17.195587,0.82249147,4318750.0,0.016276043,0.0,4.987564,4166.542395833333,4719.71,3536.56,96,2020,6,Summer,5,1
2020-06-14,20.96978,25.057373,18.467133,2.7570853,3488320.0,0.68146384,0.0,2.96978,4016.2309375,4553.65,3293.44,96,2020,6,Summer,6,1
2020-06-15,19.391434,21.980042,16.971985,4.17619,1878348.9,1.6860645,0.0,1.3914337,4663.4002083333335,5272.28,3415.16,96,2020,6,Summer,0,0
2020-06-16,19.145782,20.766937,17.744354,4.5463753,2284608.0,0.47626495,0.0,1.1457825,4783.341666666666,5279.83,3807.85,96,2020,6,Summer,1,0
2020-06-17,19.869972,23.094818,17.538757,3.0622535,2572936.5,0.6904602,0.0,1.8699722,4827.400729166667,5308.88,3863.9,96,2020,6,Summer,2,0
2020-06-18,19.22647,20.765198,17.617035,3.6996703,1935249.0,0.8428892,0.0,1.226471,4764.489270833333,5308.31,3808.81,96,2020,6,Summer,3,0
2020-06-19,19.471313,22.37497,16.38733,2.721653,3273224.5,0.21171568,0.0,1.4713135,4622.187708333334,5130.63,3794.29,96,2020,6,Summer,4,0
2020-06-20,16.664635,17.78366,14.820404,5.417439,1479791.0,1.5178999,0.0,0.0,4168.315416666667,4678.18,3489.31,96,2020,6,Summer,5,1
2020-06-21,15.963753,17.194214,14.921692,6.65108,782796.8,3.9152782,0.0,0.0,4022.0328125,4587.85,3240.21,96,2020,6,Summer,6,1
2020-06-22,20.01786,22.348755,17.148865,7.1191435,2793271.2,0.3457069,0.0,2.0178604,4651.6790625,5230.72,3409.81,96,2020,6,Summer,0,0
2020-06-23,21.129059,23.675568,19.151459,6.6056156,4670886.0,0.00012715659,0.0,3.1290588,4662.543333333334,5119.76,3749.25,96,2020,6,Summer,1,0
2020-06-24,19.07125,23.269714,14.635315,3.3359625,4199411.0,3.1789146e-05,0.0,1.0712509,4654.096145833333,5116.72,3792.98,96,2020,6,Summer,2,0
2020-06-25,19.570656,24.582397,14.193939,1.4126507,3815027.2,0.038178764,0.0,1.5706558,4754.6046875,5259.07,3814.81,96,2020,6,Summer,3,0
2020-06-26,21.658249,26.762054,16.352814,3.4645808,3702323.2,1.4690717,0.0,3.658249,4738.815208333333,5205.77,3839.47,96,2020,6,Summer,4,0
2020-06-27,24.698647,29.042236,19.60199,2.0607953,4548851.0,0.010649363,0.0,6.6986465,4267.491666666667,4822.73,3583.24,96,2020,6,Summer,5,1
2020-06-28,25.83229,30.973724,19.815643,1.4025838,4489561.5,0.01894633,0.0,7.8322906,4186.401979166667,4950.0,3314.41,96,2020,6,Summer,6,1
2020-06-29,21.572647,23.72342,18.700684,3.3423052,3250641.0,0.29484433,0.0,3.572647,4889.170520833333,5687.31,3534.63,96,2020,6,Summer,0,0
2020-06-30,21.429283,26.220306,15.316498,2.880152,4241101.0,6.357829e-05,0.0,3.4292831,4836.1009375,5361.83,3799.16,96,2020,6,Summer,1,0
2020-07-01,24.541733,30.692932,17.969696,2.2453332,4225775.0,0.003306071,0.0,6.541733,5098.5721875,5704.53,3978.14,96,2020,7,Summer,2,0
2020-07-02,24.145287,29.046478,20.579285,2.0142581,3925167.0,0.77610016,0.0,6.1452866,5206.8884375,5785.02,4155.14,96,2020,7,Summer,3,0
2020-07-03,21.101631,22.750854,20.26181,3.9129598,1857019.8,0.6580353,0.0,3.1016312,5009.67,5623.38,4040.09,96,2020,7,Summer,4,0
2020-07-04,21.856216,26.507141,16.680786,3.0511916,4091242.8,0.00019073486,0.0,3.8562164,4348.572604166667,4865.78,3676.08,96,2020,7,Summer,5,1
2020-07-05,23.392067,29.030518,15.695679,1.8013804,4558442.5,0.0,0.0,5.392067,4184.993229166666,4994.11,3389.18,96,2020,7,Summer,6,1
2020-07-06,24.824768,31.322357,18.578827,2.8769078,3847607.2,0.0,0.0,6.824768,5030.332916666667,5728.67,3625.44,96,2020,7,Summer,0,0
2020-07-07,18.493172,21.338776,15.885742,5.019564,3142451.2,1.194795,0.0,0.4931717,4736.007604166666,5103.79,3941.6,96,2020,7,Summer,1,0
2020-07-08,19.330376,25.366547,10.798035,2.6902742,3483217.0,0.0,0.0,1.3303757,4762.49,5280.1,3799.37,96,2020,7,Summer,2,0
2020-07-09,23.008759,27.621094,18.017303,1.9040594,3550250.8,0.0,0.0,5.0087585,4947.256458333333,5474.68,3932.79,96,2020,7,Summer,3,0
2020-07-10,26.37613,32.76999,18.801025,3.7622967,4554496.0,0.0,0.0,8.376129,5021.3278125,5564.59,3998.46,96,2020,7,Summer,4,0
2020-07-11,21.474594,25.19278,16.393494,4.52951,3482760.8,0.2893448,0.0,3.474594,4407.013541666666,4814.51,3587.0,96,2020,7,Summer,5,1
2020-07-12,17.874695,22.274445,13.278717,5.163558,3664955.5,0.20958582,0.0,0.0,3974.62125,4578.72,3378.92,96,2020,7,Summer,6,1
2020-07-13,18.623863,23.588348,12.646484,2.4835625,3251349.5,0.0,0.0,0.6238632,4625.868333333333,5173.24,3424.86,96,2020,7,Summer,0,0
2020-07-14,19.141441,23.812958,12.63913,2.1620576,2977950.0,0.0011444092,0.0,1.1414413,4734.977083333333,5212.07,3817.44,96,2020,7,Summer,1,0
2020-07-15,20.274323,26.314972,13.288849,2.5515506,3732864.0,0.008551279,0.0,2.2743225,4791.278229166667,5333.95,3836.9,96,2020,7,Summer,2,0
2020-07-16,19.886292,23.620148,17.286682,2.6880634,3113843.2,0.2539635,0.0,1.8862915,4830.5428125,5276.81,3913.64,96,2020,7,Summer,3,0
2020-07-17,18.249657,22.384308,15.380157,4.0329485,3145527.5,0.28568903,0.0,0.24965668,4740.162604166667,5290.04,3895.66,96,2020,7,Summer,4,0
2020-07-18,17.622795,20.501587,14.921692,2.5254066,2759492.2,0.2339999,0.0,0.0,4150.21125,4632.1,3508.89,96,2020,7,Summer,5,1
2020-07-19,19.443367,23.024353,15.927368,2.1258314,3084027.8,0.037384033,0.0,1.443367,3985.5521875,4564.21,3277.17,96,2020,7,Summer,6,1
2020-07-20,22.55429,28.423187,16.935059,1.0987661,3915934.0,0.036493935,0.0,4.554291,4651.3153125,5259.35,3339.5,96,2020,7,Summer,0,0
2020-07-21,23.559814,30.361023,17.78598,0.8121182,4016490.8,0.025908154,0.0,5.5598145,4851.002604166667,5438.66,3801.1,96,2020,7,Summer,1,0
2020-07-22,23.154129,27.528778,18.615997,1.9705534,3574041.8,0.08694331,0.0,5.154129,4931.0311458333335,5415.72,3909.07,96,2020,7,Summer,2,0
2020-07-23,23.180656,27.82373,18.152313,1.2554531,3201352.5,0.28473535,0.0,5.1806564,4894.267083333333,5331.77,3952.67,96,2020,7,Summer,3,0
2020-07-24,21.451752,25.335358,17.954224,1.8479867,2496576.0,1.4658928,0.0,3.4517517,4793.136458333333,5351.0,3874.13,96,2020,7,Summer,4,0
2020-07-25,20.284729,22.654724,17.915253,2.2770424,1696652.8,2.9172578,0.0,2.284729,4311.157291666666,4793.82,3608.6,96,2020,7,Summer,5,1
2020-07-26,22.115059,27.686615,17.74112,0.78412473,3645802.5,0.0024795532,0.0,4.115059,4085.2629166666666,4727.51,3368.83,96,2020,7,Summer,6,1
2020-07-27,23.502235,28.735474,17.613068,2.2697272,4047078.2,0.0019391377,0.0,5.5022354,4756.634895833334,5375.45,3479.21,96,2020,7,Summer,0,0
2020-07-28,26.191933,32.19507,19.716217,3.977281,4121066.8,0.0006039937,0.0,8.191933,4978.660520833333,5598.89,3893.01,96,2020,7,Summer,1,0
2020-07-29,25.765556,30.158997,22.30371,1.6912222,3328431.0,0.09295146,0.0,7.7655563,5113.181666666666,5659.32,4011.64,96,2020,7,Summer,2,0
2020-07-30,26.067291,31.522064,21.058502,1.3398104,3818188.8,0.3656387,0.0,8.067291,5180.659479166667,5773.83,4059.99,96,2020,7,Summer,3,0
2020-07-31,26.203491,32.584473,19.357697,1.8920201,3954410.5,0.0033696492,0.0,8.203491,5043.764166666667,5582.19,4024.67,96,2020,7,Summer,4,0
2020-08-01,24.913857,30.066223,20.336456,2.0724428,4166673.2,0.0,0.0,6.9138565,4353.5077083333335,4986.9,3661.47,96,2020,8,Summer,5,1
2020-08-02,23.435059,29.166748,17.656921,2.947362,3941969.0,0.0,0.0,5.4350586,4103.946770833333,4928.33,3399.67,96,2020,8,Summer,6,1
2020-08-03,22.81488,24.511688,22.216248,2.836472,1887304.6,0.5212784,0.0,4.8148804,4876.815625,5482.64,3591.25,96,2020,8,Summer,0,0
2020-08-04,20.721977,25.561646,18.242188,3.184307,2863535.0,2.0671844,0.0,2.7219772,4952.7456250000005,5600.64,3958.39,96,2020,8,Summer,1,0
2020-08-05,17.622131,20.36679,15.48999,5.083621,1277559.5,1.9416808,0.0,0.0,4900.194895833333,5461.32,3897.55,96,2020,8,Summer,2,0
2020-08-06,21.920135,25.89331,17.888214,2.9099908,2198511.0,0.06790161,0.0,3.9201355,4945.450729166667,5527.44,3922.83,96,2020,8,Summer,3,0
2020-08-07,25.091393,31.327454,19.901459,2.4359372,3031658.5,0.0005722046,0.0,7.0913925,4976.551666666667,5524.44,3979.68,96,2020,8,Summer,4,0
2020-08-08,25.495987,32.130096,19.92923,1.611861,3218154.8,0.0,0.0,7.495987,4521.0653125,5230.9,3813.86,96,2020,8,Summer,5,1
2020-08-09,25.64627,32.208313,20.246521,1.2937796,3425723.8,0.0015576681,0.0,7.6462708,4330.6146875,5156.68,3571.3,96,2020,8,Summer,6,1
2020-08-10,25.25724,32.089294,20.805298,1.6013936,3355063.5,0.01703898,0.0,7.2572403,5030.1180208333335,5720.17,3659.41,96,2020,8,Summer,0,0
2020-08-11,22.39598,26.016937,19.852936,1.6243913,2530709.5,1.3121922,0.0,4.395981,5063.148749999999,5699.48,4029.21,96,2020,8,Summer,1,0
2020-08-12,23.503708,29.444916,18.305115,1.2034161,3404036.2,0.50201416,0.0,5.503708,5022.333958333334,5679.19,3939.26,96,2020,8,Summer,2,0
2020-08-13,24.295242,30.742676,18.88269,2.696498,3488597.2,0.0012715659,0.0,6.2952423,5046.996979166667,5691.56,3982.13,96,2020,8,Summer,3,0
2020-08-14,22.663887,26.042969,20.31662,1.0383319,2071091.1,1.3141315,0.0,4.663887,4936.419270833333,5417.45,3986.57,96,2020,8,Summer,4,0
2020-08-15,22.44625,27.121979,19.441101,1.7385159,2901418.5,0.13710657,0.0,4.446251,4332.2439583333335,4880.12,3592.6,96,2020,8,Summer,5,1
2020-08-16,21.230537,22.7966,19.931244,0.88778055,1144405.4,2.671083,0.0,3.2305374,4090.8340625,4819.33,3391.54,96,2020,8,Summer,6,1
2020-08-17,21.34555,26.200684,19.052612,2.262765,2356032.0,3.9268813,0.0,3.3455505,4688.272291666667,5329.61,3493.0,96,2020,8,Summer,0,0
2020-08-18,19.936737,22.06073,18.166595,2.0778737,1455385.6,2.3787498,0.0,1.9367371,4707.037708333333,5284.66,3755.86,96,2020,8,Summer,1,0
2020-08-19,21.223686,25.051117,18.981262,3.7851632,3037747.2,0.029563904,0.0,3.2236862,4624.686145833333,5079.41,3695.81,96,2020,8,Summer,2,0
2020-08-20,21.62606,27.132904,16.655945,1.3134934,3449745.0,0.0,0.0,3.6260605,3725.046979166667,4430.01,3207.97,96,2020,8,Summer,3,0
2020-08-21,23.000557,29.288544,16.902222,2.6877084,3488392.2,0.0,0.0,5.000557,3951.6477083333334,4788.77,3131.76,96,2020,8,Summer,4,0
2020-08-22,24.680763,30.68811,20.07077,2.839087,3425408.0,0.0006993612,0.0,6.6807632,4000.430208333333,4835.23,3304.44,96,2020,8,Summer,5,1
2020-08-23,22.162613,26.103333,20.128357,3.9244158,3001399.5,0.19429524,0.0,4.162613,3960.7639583333334,4705.68,3311.85,96,2020,8,Summer,6,1
2020-08-24,21.024582,24.334747,19.0372,2.9972873,1944776.5,0.070762634,0.0,3.024582,4644.067291666667,5347.89,3347.61,96,2020,8,Summer,0,0
2020-08-25,20.523186,25.13208,17.973877,2.8769848,3302882.2,0.06720225,0.0,2.5231857,4748.405833333333,5395.64,3800.5,96,2020,8,Summer,1,0
2020-08-26,21.836746,28.549164,16.085724,3.7557864,2917290.5,6.357829e-05,0.0,3.8367462,4834.208333333333,5568.26,3802.19,96,2020,8,Summer,2,0
2020-08-27,22.005531,25.851654,19.687195,3.4574509,3374967.5,0.0,0.0,4.0055313,4810.189791666667,5500.24,3911.28,96,2020,8,Summer,3,0
2020-08-28,21.141777,28.008728,15.029968,3.324633,3193600.0,0.0,0.0,3.141777,4832.4295833333335,5500.89,3875.5,96,2020,8,Summer,4,0
2020-08-29,23.902489,29.247955,20.814453,2.4187374,2795601.0,0.08996328,0.0,5.9024887,4673.631666666667,5298.14,3870.88,96,2020,8,Summer,5,1
2020-08-30,23.896736,30.646729,20.537964,3.71652,2844796.0,0.029468536,0.0,5.896736,4366.2127083333335,5247.73,3562.08,96,2020,8,Summer,6,1
2020-08-31,18.498497,21.224579,16.65158,3.6921225,1900932.2,0.56870776,0.0,0.498497,4813.288020833334,5536.11,3627.11,96,2020,8,Summer,0,0
2020-09-01,15.319283,16.938477,14.584808,4.732083,912311.5,4.318301,0.18071747,0.0,4773.139479166667,5378.63,3751.27,96,2020,9,Autumn,1,0
2020-09-02,15.491127,19.970734,12.523987,2.1997566,3005913.5,0.0,0.008872986,0.0,4674.793020833334,5428.51,3766.71,96,2020,9,Autumn,2,0
2020-09-03,16.152512,21.364044,13.273193,1.3896139,2735236.2,0.1250267,0.0,0.0,4714.163541666667,5394.33,3815.97,96,2020,9,Autumn,3,0
2020-09-04,17.447159,24.181244,11.689545,1.9326191,3035140.2,0.0,0.0,0.0,4626.7,5384.57,3743.02,96,2020,9,Autumn,4,0
2020-09-05,20.181343,26.899048,15.312256,2.9765344,3047667.0,0.0,0.0,2.181343,4251.225416666667,5028.04,3549.67,96,2020,9,Autumn,5,1
2020-09-06,19.824112,24.536346,17.106476,2.7818103,2276347.8,0.04901886,0.0,1.8241119,4106.1434375,4992.68,3439.76,96,2020,9,Autumn,6,1
2020-09-07,17.90393,22.188965,15.294403,4.5577335,2087628.8,0.35731,0.0,0.0,4784.8029166666665,5657.0,3475.74,96,2020,9,Autumn,0,0
2020-09-08,16.96019,22.751373,13.19751,1.1919245,3036804.2,0.0,0.0,0.0,4807.00875,5609.82,3903.74,96,2020,9,Autumn,1,0
2020-09-09,17.384003,25.117249,11.384827,2.0535488,2982720.0,0.0,0.0,0.0,4892.710208333333,5722.69,3938.17,96,2020,9,Autumn,2,0
2020-09-10,19.574707,26.231384,14.307892,2.4555364,2889595.8,0.0,0.0,1.574707,4931.134479166666,5736.99,3976.78,96,2020,9,Autumn,3,0
2020-09-11,19.892845,25.129486,17.010925,1.522451,2289250.2,0.0371933,0.0,1.8928452,4908.128541666667,5633.08,3947.49,96,2020,9,Autumn,4,0
2020-09-12,20.589996,27.638153,15.79895,1.4440277,2294882.2,0.0,0.0,2.5899963,4426.528229166667,5182.07,3669.25,96,2020,9,Autumn,5,1
2020-09-13,20.85534,28.322845,16.862488,1.3977857,2773286.5,0.0011761984,0.0,2.855339,4208.115104166666,5072.55,3528.83,96,2020,9,Autumn,6,1
2020-09-14,20.71997,28.172882,15.864288,1.2388157,2730538.5,0.0,0.0,2.7199707,4884.174479166667,5830.11,3545.37,96,2020,9,Autumn,0,0
2020-09-15,21.269737,28.69571,16.42627,1.871273,2711957.2,0.0,0.0,3.2697372,5031.099583333334,5950.77,3943.18,96,2020,9,Autumn,1,0
2020-09-16,21.481888,28.014893,17.48407,1.7348546,2457962.5,0.0,0.0,3.4818878,5107.994375,5904.76,4002.09,96,2020,9,Autumn,2,0
2020-09-17,20.614288,26.420624,17.981903,3.750351,2130833.0,0.046157837,0.0,2.6142883,5105.645729166667,5872.19,4037.67,96,2020,9,Autumn,3,0
2020-09-18,15.431107,20.029083,12.513245,2.9209523,2282410.8,0.020567575,0.06889343,0.0,4830.160833333333,5548.35,3959.47,96,2020,9,Autumn,4,0
2020-09-19,13.851105,21.011536,9.846985,1.5889559,2507400.5,0.0,1.6488953,0.0,4317.660416666667,5072.81,3603.29,96,2020,9,Autumn,5,1
2020-09-20,15.120094,23.1922,9.97644,2.100186,2645034.8,0.0,0.3799057,0.0,4107.453125,4989.65,3489.86,96,2020,9,Autumn,6,1
2020-09-21,18.01902,25.235413,13.854767,3.0043569,2580514.2,0.0,0.0,0.01902008,4784.698854166666,5676.15,3499.68,96,2020,9,Autumn,0,0
2020-09-22,18.636635,25.961395,14.373718,2.936544,2542186.5,0.0,0.0,0.6366348,4925.886979166667,5748.75,3897.27,96,2020,9,Autumn,1,0
2020-09-23,18.862572,24.569733,14.996216,3.0236378,1959377.1,0.010649363,0.0,0.8625717,5039.104791666667,5796.71,3974.58,96,2020,9,Autumn,2,0
2020-09-24,18.819565,25.027039,15.187317,1.8691299,2320665.5,0.010967255,0.0,0.8195648,5013.451562499999,5794.07,4020.96,96,2020,9,Autumn,3,0
2020-09-25,17.31324,18.44284,16.026703,3.9643068,427639.44,3.8231533,0.0,0.0,4992.323541666667,5628.49,3997.77,96,2020,9,Autumn,4,0
2020-09-26,10.563324,13.306549,7.9684753,4.929045,737058.1,1.0936103,4.936676,0.0,4441.076562499999,5082.91,3569.6,96,2020,9,Autumn,5,1
2020-09-27,10.295761,16.463928,6.3159485,2.245417,1906287.0,0.0,5.204239,0.0,4127.2575,5063.81,3418.98,96,2020,9,Autumn,6,1
2020-09-28,12.845993,16.034058,11.217743,3.3008955,1456998.4,1.0056814,2.654007,0.0,5007.1059374999995,5841.3,3527.94,96,2020,9,Autumn,0,0
2020-09-29,12.595772,15.171265,10.925018,3.6896753,962086.44,0.12903214,2.9042282,0.0,5134.399375,5915.36,3989.87,96,2020,9,Autumn,1,0
2020-09-30,13.875801,14.984894,12.846527,5.56538,584302.94,0.13640721,1.6241989,0.0,5259.8829166666665,5976.57,4056.42,96,2020,9,Autumn,2,0
2020-10-01,13.964088,15.66098,12.87677,3.1369128,505838.94,0.3042539,1.5359116,0.0,5208.8625,5920.41,4083.55,96,2020,10,Autumn,3,0
2020-10-02,14.429741,20.07129,9.407501,3.7145524,1768750.9,0.0028292339,1.0702591,0.0,5067.031770833333,5786.62,4110.16,96,2020,10,Autumn,4,0
2020-10-03,19.941345,24.163055,16.711517,6.4153953,1930854.4,0.00012715659,0.0,1.9413452,4564.692083333333,5249.48,3766.12,96,2020,10,Autumn,5,1
2020-10-04,17.651695,21.115845,14.934692,5.7138815,2154359.5,2.141126,0.0,0.0,4248.947604166667,5143.18,3626.42,96,2020,10,Autumn,6,1
2020-10-05,14.517914,18.532318,12.888031,3.625862,1478651.8,0.2714157,0.9820862,0.0,4942.9590625,5777.98,3577.57,96,2020,10,Autumn,0,0
2020-10-06,13.858284,19.474426,9.983215,2.4281693,2120153.5,0.0,1.641716,0.0,5012.7059375,5867.09,4003.98,96,2020,10,Autumn,1,0
2020-10-07,13.48304,14.680908,12.61377,2.9560673,637725.8,0.28149286,2.0169601,0.0,5205.715,5992.43,4023.26,96,2020,10,Autumn,2,0
2020-10-08,12.579117,17.369629,10.549133,5.2525134,1882875.8,0.0,2.9208832,0.0,5081.494895833333,5909.7,4063.27,96,2020,10,Autumn,3,0
2020-10-09,12.60083,20.225098,7.9556885,1.6541394,1938671.0,0.0,2.89917,0.0,5039.9028124999995,5849.79,4086.59,96,2020,10,Autumn,4,0
2020-10-10,13.530701,19.20102,10.297211,2.4102707,1521416.5,0.7142067,1.9692993,0.0,4624.348854166667,5421.4,3854.09,96,2020,10,Autumn,5,1
2020-10-11,11.144531,12.870178,9.720001,4.849866,622600.56,0.75184506,4.3554688,0.0,4518.681250000001,5353.16,3684.96,96,2020,10,Autumn,6,1
2020-10-12,7.426956,8.162628,6.63739,7.278211,365516.8,3.9210954,8.073044,0.0,5321.342187499999,6115.58,3750.79,96,2020,10,Autumn,0,0
2020-10-13,6.8075333,7.805542,6.4414062,7.806124,240396.8,3.660933,8.692467,0.0,5521.880625000001,6228.28,4179.26,96,2020,10,Autumn,1,0
2020-10-14,8.759209,12.684143,6.8131104,4.014371,908620.8,1.3616562,6.7407913,0.0,5442.114270833333,6189.8,4244.2,96,2020,10,Autumn,2,0
2020-10-15,8.037338,10.55011,5.524414,2.3385668,511833.6,1.6457239,7.4626617,0.0,5469.660208333334,6225.14,4255.67,96,2020,10,Autumn,3,0
2020-10-16,7.9748383,9.052429,7.4447937,4.2078424,304780.8,0.9529114,7.5251617,0.0,5438.137083333333,6094.73,4252.19,96,2020,10,Autumn,4,0
2020-10-17,8.054718,10.032471,6.9558716,4.4585714,751500.8,0.7275423,7.445282,0.0,4977.914791666667,5667.12,3995.53,96,2020,10,Autumn,5,1
2020-10-18,8.719719,12.091248,7.072937,2.521162,1557487.0,0.085830696,6.780281,0.0,4618.165104166666,5467.81,3844.12,96,2020,10,Autumn,6,1
2020-10-19,8.879112,12.196686,6.5351562,1.8004402,1324667.8,0.05286535,6.6208878,0.0,5332.207604166667,6190.17,3879.03,96,2020,10,Autumn,0,0
2020-10-20,9.77314,14.961609,5.8448486,4.698872,1797149.9,0.0,5.72686,0.0,5311.858125,6227.35,4281.61,96,2020,10,Autumn,1,0
2020-10-21,11.642921,16.493713,8.392548,4.8699856,1381205.2,0.00012715659,3.8570786,0.0,5399.699270833334,6232.11,4309.95,96,2020,10,Autumn,2,0
2020-10-22,10.0004425,14.491638,6.720764,1.3482907,1452608.0,3.1789146e-05,5.4995575,0.0,5264.9305208333335,6035.39,4286.63,96,2020,10,Autumn,3,0
2020-10-23,8.617081,11.21814,6.4221497,1.2331754,782877.9,0.0012397766,6.8829193,0.0,4455.5590624999995,5187.08,3764.16,96,2020,10,Autumn,4,0
2020-10-24,10.477646,13.301666,8.242554,1.3747307,415637.34,0.04456838,5.022354,0.0,4619.278541666667,5358.04,3611.27,96,2020,10,Autumn,5,1
2020-10-25,11.495033,13.143341,9.944336,1.9703984,726869.3,0.03821055,4.0049667,0.0,4608.718229166667,5277.44,3657.46,96,2020,10,Autumn,6,1
2020-10-26,13.956238,18.387665,11.149902,5.6829233,1422583.5,0.0030199687,1.5437622,0.0,5172.638645833334,6035.87,3713.67,96,2020,10,Autumn,0,0
2020-10-27,11.689674,15.5784,9.393036,2.3449395,1304913.0,0.018978117,3.8103256,0.0,5195.6928125,6050.39,4081.67,96,2020,10,Autumn,1,0
2020-10-28,10.874611,15.135315,8.346466,1.4464362,1440439.4,0.022443136,4.625389,0.0,5277.632083333333,6131.15,4160.26,96,2020,10,Autumn,2,0
2020-10-29,9.1429825,12.300171,6.694214,1.4826376,650423.44,0.17941794,6.3570175,0.0,5440.772291666667,6220.38,4199.21,96,2020,10,Autumn,3,0
2020-10-30,9.374214,11.337097,7.4267883,2.5768347,241710.94,0.85945123,6.125786,0.0,5343.48625,6169.46,4206.52,96,2020,10,Autumn,4,0
2020-10-31,13.287285,15.7256775,11.950745,4.0044827,295756.8,0.13376871,2.2127151,0.0,4816.354895833333,5463.11,4003.76,96,2020,10,Autumn,5,1
2020-11-01,11.2395935,13.032898,10.015167,2.8915794,759735.44,0.26343662,4.2604065,0.0,4347.100416666667,5084.73,3652.74,96,2020,11,Autumn,6,1
2020-11-02,12.927673,15.047882,11.556946,2.4256666,228462.94,0.274086,2.5723267,0.0,5275.3637499999995,6151.2,3598.45,96,2020,11,Autumn,0,0
2020-11-03,13.353188,17.298462,11.0008545,1.0067236,583462.4,0.004164378,2.1468124,0.0,5365.157604166667,6116.54,4142.61,96,2020,11,Autumn,1,0
2020-11-04,12.382111,12.877533,11.723602,4.2163444,171780.27,0.9455044,3.1178894,0.0,5434.723333333333,6232.66,4133.08,96,2020,11,Autumn,2,0
2020-11-05,9.970055,11.185944,8.643127,4.557582,523272.53,0.05928675,5.5299454,0.0,5462.194687499999,6224.38,4167.92,96,2020,11,Autumn,3,0
2020-11-06,5.239319,10.893555,1.8414001,2.3255262,1451234.1,0.0,10.260681,0.0,5349.748125,6233.72,4224.91,96,2020,11,Autumn,4,0
2020-11-07,5.993805,12.844452,0.8043213,2.1936185,1380390.4,0.0,9.506195,0.0,4931.221770833333,5744.31,4207.92,96,2020,11,Autumn,5,1
2020-11-08,6.252655,10.662689,4.1078186,2.118024,1291362.1,0.0,9.247345,0.0,4778.932291666667,5641.75,3925.2,96,2020,11,Autumn,6,1
2020-11-09,5.654335,7.12146,3.9383545,0.6473954,457467.75,0.046094257,9.845665,0.0,5429.179375,6343.57,3963.84,96,2020,11,Autumn,0,0
2020-11-10,6.810585,7.2547607,6.2615356,0.81784636,450747.75,0.031789143,8.689415,0.0,5636.351979166667,6418.52,4288.85,96,2020,11,Autumn,1,0
2020-11-11,6.7848434,7.3507996,6.349304,2.337476,332407.47,0.12693405,8.715157,0.0,5692.377291666667,6472.78,4333.05,96,2020,11,Autumn,2,0
2020-11-12,6.594261,6.8045654,6.2370605,2.2632616,438340.25,0.10042191,8.905739,0.0,5679.2996875,6451.98,4351.51,96,2020,11,Autumn,3,0
2020-11-13,6.480919,7.789276,4.8995056,2.120418,1110788.2,0.00025431314,9.019081,0.0,5592.083645833333,6324.03,4326.31,96,2020,11,Autumn,4,0
2020-11-14,7.6974792,8.234589,7.4570312,2.2004652,630408.5,0.016085306,7.8025208,0.0,5111.0665625,5865.27,4199.44,96,2020,11,Autumn,5,1
2020-11-15,8.271339,9.06131,7.890167,3.3460438,559547.75,0.003941854,7.2286606,0.0,4844.633958333333,5538.78,3882.26,96,2020,11,Autumn,6,1
2020-11-16,8.132156,9.013031,7.6207275,2.8835557,494045.88,0.28813678,7.3678436,0.0,5506.550416666666,6383.86,3921.98,96,2020,11,Autumn,0,0
2020-11-17,8.692238,12.835815,6.0471497,2.091734,1021614.94,0.015449525,6.807762,0.0,5510.264583333334,6279.95,4270.1,96,2020,11,Autumn,1,0
2020-11-18,7.348221,13.555298,3.494934,2.3486345,1184392.5,3.1789146e-05,8.151779,0.0,5535.954791666667,6347.95,4382.05,96,2020,11,Autumn,2,0
2020-11-19,6.2653885,6.8828125,5.831024,3.8688595,571801.6,0.034427643,9.2346115,0.0,5588.0628125,6391.93,4320.08,96,2020,11,Autumn,3,0
2020-11-20,6.845619,7.968048,4.4782715,5.6774197,894148.25,0.32358167,8.654381,0.0,5624.995104166667,6424.53,4392.52,96,2020,11,Autumn,4,0
2020-11-21,1.7443619,5.935852,-0.7636719,2.7418146,1231957.4,0.0,13.755638,0.0,5099.854375,5898.4,4350.47,96,2020,11,Autumn,5,1
2020-11-22,0.30683136,5.429138,-3.4155273,3.1665645,1181201.1,0.0,15.193169,0.0,4941.337916666666,5797.09,4057.63,96,2020,11,Autumn,6,1
2020-11-23,1.9758148,4.0838623,0.075805664,1.6094409,616947.2,0.1780192,13.524185,0.0,5698.7809375,6622.84,4124.55,96,2020,11,Autumn,0,0
2020-11-24,1.6663666,3.1167297,-0.054901123,2.1094031,835776.0,0.00054041547,13.833633,0.0,5853.593229166666,6659.18,4552.77,96,2020,11,Autumn,1,0
2020-11-25,1.6830444,2.7693481,0.8835144,3.840827,477056.0,0.021839142,13.816956,0.0,5906.383437500001,6672.9,4538.6,96,2020,11,Autumn,2,0
2020-11-26,2.3957367,2.7460022,1.8789368,1.7919683,500219.72,0.013478597,13.104263,0.0,5924.070833333334,6707.4,4566.05,96,2020,11,Autumn,3,0
2020-11-27,1.0268936,1.5993652,0.7920227,0.72003233,457591.47,0.015449525,14.473106,0.0,5888.519479166666,6678.9,4572.34,96,2020,11,Autumn,4,0
2020-11-28,0.99557495,1.7961121,0.20166016,1.4297863,450833.06,0.02861023,14.504425,0.0,5412.2266666666665,6218.42,4440.3,96,2020,11,Autumn,5,1
2020-11-29,2.1741333,5.19281,-0.23742676,2.6549265,1017241.6,0.02415975,13.325867,0.0,5060.955104166666,5783.17,4126.61,96,2020,11,Autumn,6,1
2020-11-30,1.161293,4.527405,-1.1560364,1.8343117,953066.7,0.009886423,14.338707,0.0,5733.037083333333,6611.19,4173.66,96,2020,11,Autumn,0,0
2020-12-01,-0.99562836,1.5300293,-2.278778,3.2255454,613969.06,0.0031789145,16.495628,0.0,5907.108125,6776.88,4577.97,96,2020,12,Winter,1,0
2020-12-02,-1.7853851,0.4694214,-3.5830994,2.5356438,954675.2,0.00445048,17.285385,0.0,5961.711562500001,6820.24,4649.22,96,2020,12,Winter,2,0
2020-12-03,0.76878357,1.9968262,-0.25650024,2.636877,216059.73,0.8736292,14.731216,0.0,6012.161979166667,6792.89,4735.13,96,2020,12,Winter,3,0
2020-12-04,3.1157913,4.29187,2.1522522,4.271948,428718.94,0.6048521,12.384209,0.0,5834.6453125,6597.33,4631.58,96,2020,12,Winter,4,0
2020-12-05,6.4713287,9.699097,3.9563293,4.5003643,959752.56,0.0022570293,9.028671,0.0,5183.1575,5891.4,4372.97,96,2020,12,Winter,5,1
2020-12-06,7.9570923,10.3324585,6.2725525,5.785525,895116.8,0.0031789145,7.5429077,0.0,4860.900625,5624.07,3982.9,96,2020,12,Winter,6,1
2020-12-07,7.2233887,8.3263855,5.9457703,5.221863,459063.47,1.1453311,8.276611,0.0,5618.2969791666665,6520.17,4026.73,96,2020,12,Winter,0,0
2020-12-08,4.0798416,4.930298,2.8440552,4.4095607,423633.06,0.0070889792,11.420158,0.0,5762.167291666668,6586.03,4432.54,96,2020,12,Winter,1,0
2020-12-09,4.767372,5.9427185,3.1601562,4.1549206,466478.94,0.9874344,10.732628,0.0,5711.16875,6541.54,4452.58,96,2020,12,Winter,2,0
2020-12-10,3.8700714,5.1665344,2.775299,2.373742,142276.27,1.8532434,11.629929,0.0,5835.701458333333,6601.34,4517.75,96,2020,12,Winter,3,0
2020-12-11,2.7957077,3.6535034,2.1063843,3.2264853,289527.47,0.016562145,12.704292,0.0,5786.745208333334,6587.04,4468.79,96,2020,12,Winter,4,0
2020-12-12,3.0313034,3.5959778,2.60849,3.4416804,336358.4,0.02444585,12.468697,0.0,5473.083854166667,6268.22,4397.8,96,2020,12,Winter,5,1
2020-12-13,3.3867645,3.8166199,3.1497192,2.014925,461486.94,0.012588501,12.113235,0.0,5041.951041666666,5779.1,4075.73,96,2020,12,Winter,6,1
2020-12-14,3.3534622,5.1968384,1.7269287,1.831348,882163.2,0.0008583069,12.146538,0.0,5635.9425,6526.94,4032.49,96,2020,12,Winter,0,0
2020-12-15,2.8807144,3.1810303,2.6468506,4.3939734,512204.8,0.014972687,12.619286,0.0,5766.861354166666,6587.46,4362.5,96,2020,12,Winter,1,0
2020-12-16,3.1660767,3.3661194,3.0145874,1.9117855,303641.6,0.03798803,12.333923,0.0,5764.989270833333,6540.2,4406.47,96,2020,12,Winter,2,0
2020-12-17,3.494629,3.7551575,3.3593445,0.7770797,256827.73,0.046634678,12.005371,0.0,5696.774895833333,6452.9,4384.38,96,2020,12,Winter,3,0
2020-12-18,2.7418137,3.1028442,2.0237122,1.0839872,692782.94,0.000667572,12.758186,0.0,5551.987291666667,6293.63,4329.73,96,2020,12,Winter,4,0
2020-12-19,2.7564392,3.0828857,2.4305725,3.069121,224622.94,0.034300487,12.743561,0.0,5125.682291666667,5828.71,4152.79,96,2020,12,Winter,5,1
2020-12-20,3.2844772,3.5742188,2.9665527,3.28588,223556.27,0.07762909,12.215523,0.0,4917.622708333333,5653.65,3866.94,96,2020,12,Winter,6,1
2020-12-21,3.8410187,4.227051,3.4527283,1.9603143,358865.06,0.017229715,11.658981,0.0,5224.568645833334,6053.76,3865.14,96,2020,12,Winter,0,0
2020-12-22,4.440155,5.304077,3.6799622,3.0830617,299712.0,0.7259051,11.059845,0.0,5209.177604166666,6010.18,3984.39,96,2020,12,Winter,1,0
2020-12-23,7.449417,9.762207,5.596924,3.1292677,772642.1,0.01335144,8.050583,0.0,4893.866770833333,5714.83,3857.91,96,2020,12,Winter,2,0
2020-12-24,7.4632416,8.357727,6.2835693,1.9241178,241211.73,1.0956446,8.036758,0.0,4386.215104166667,5134.05,3496.52,96,2020,12,Winter,3,0
2020-12-25,5.0717163,6.2249146,4.038452,3.6623487,779545.6,0.07855098,10.428284,0.0,4083.3489583333335,4620.12,3215.91,96,2020,12,Winter,4,0
2020-12-26,1.8214188,2.965454,0.38586426,4.8723826,710246.4,0.028038025,13.678581,0.0,4157.810937499999,4760.36,3302.91,96,2020,12,Winter,5,1
2020-12-27,-1.7185974,1.0265503,-5.367218,3.0620356,759564.8,0.023428598,17.218597,0.0,4505.991770833333,5224.4,3513.73,96,2020,12,Winter,6,1
2020-12-28,2.8140717,5.9349976,0.7885437,6.5394297,599744.0,0.22843678,12.685928,0.0,4683.056666666666,5421.27,3591.52,96,2020,12,Winter,0,0
2020-12-29,7.046234,9.772003,4.0989075,5.7179565,947682.1,1.2182554,8.453766,0.0,4537.868750000001,5290.88,3602.41,96,2020,12,Winter,1,0
2020-12-30,5.4837112,6.478607,4.4885254,2.3109226,485145.6,0.6199837,10.016289,0.0,4610.7048958333335,5358.59,3569.28,96,2020,12,Winter,2,0
2020-12-31,2.1429138,5.050354,0.790802,2.7141151,800337.06,0.00031789145,13.357086,0.0,4457.254166666667,5211.6,3473.8,96,2020,12,Winter,3,0
2021-01-01,1.187851,3.8769836,-0.8294678,2.474526,864059.75,0.0,14.312149,0.0,4069.3719791666667,4672.89,3434.64,96,2021,1,Winter,4,0
2021-01-02,4.202217,6.3539124,2.159027,3.2946393,775240.56,0.14969507,11.297783,0.0,4378.6984375,5168.01,3376.67,96,2021,1,Winter,5,1
2021-01-03,5.380806,7.2277527,3.9307556,3.2783256,679202.1,0.7941882,10.119194,0.0,4481.5728125,5234.21,3501.33,96,2021,1,Winter,6,1
2021-01-04,4.457245,4.9035645,4.091614,1.2380519,321783.47,0.16905466,11.042755,0.0,5214.303958333333,6069.33,3656.52,96,2021,1,Winter,0,0
2021-01-05,4.100586,4.9003906,3.1174011,2.2213306,544849.06,0.02113978,11.399414,0.0,5463.155208333334,6235.11,4127.79,96,2021,1,Winter,1,0
2021-01-06,3.4736862,4.3110657,3.0697632,3.0442061,575257.6,0.8629163,12.026314,0.0,5579.549375,6292.98,4259.51,96,2021,1,Winter,2,0
2021-01-07,1.5074844,3.7614136,0.15560913,1.9740785,1001122.1,0.099372864,13.992516,0.0,5539.820520833334,6325.48,4280.61,96,2021,1,Winter,3,0
2021-01-08,0.8418579,1.6736755,0.0078125,1.328562,597661.9,0.28858182,14.658142,0.0,5662.444166666667,6404.06,4386.05,96,2021,1,Winter,4,0
2021-01-09,0.16082764,3.050354,-1.2844543,1.8630466,1099609.6,0.019359589,15.339172,0.0,5153.894375,5822.38,4322.47,96,2021,1,Winter,5,1
2021-01-10,-1.0530396,-0.3385315,-1.9732361,1.84666,459963.72,0.031471252,16.55304,0.0,5081.552604166666,5885.32,4039.37,96,2021,1,Winter,6,1
2021-01-11,-2.0461044,0.6801758,-4.1798706,2.5958061,1066534.4,0.0039418535,17.546104,0.0,5678.1415625,6502.01,4121.27,96,2021,1,Winter,0,0
2021-01-12,-2.685997,-0.45281982,-5.502228,2.3076558,998528.0,0.084114075,18.185997,0.0,5885.655,6656.42,4606.0,96,2021,1,Winter,1,0
2021-01-13,1.3358765,4.1403503,-0.6023865,4.1612206,1005589.3,0.2939542,14.164124,0.0,5807.8059375,6582.4,4618.76,96,2021,1,Winter,2,0
2021-01-14,0.70565796,1.359436,-0.047851562,5.0287027,787562.7,0.26845935,14.794342,0.0,5878.7646875,6632.75,4594.46,96,2021,1,Winter,3,0
2021-01-15,0.074913025,1.4625244,-1.0984192,4.0565577,903833.6,0.08986791,15.425087,0.0,5892.266145833334,6586.62,4635.18,96,2021,1,Winter,4,0
2021-01-16,-1.8821793,-0.9596863,-2.535553,3.9827075,1048034.1,0.11863708,17.38218,0.0,5425.155104166667,6045.1,4584.2,96,2021,1,Winter,5,1
2021-01-17,-3.4651031,-1.7948914,-5.881653,3.2685227,908258.1,0.29230118,18.965103,0.0,5287.831666666667,5966.68,4279.69,96,2021,1,Winter,6,1
2021-01-18,-5.1898727,-1.8790588,-8.41156,2.262547,846434.1,0.21594365,20.689873,0.0,5978.935520833334,6817.94,4446.88,96,2021,1,Winter,0,0
2021-01-19,1.1170883,3.7772827,-1.4412231,3.4231217,1083660.8,0.05394618,14.382912,0.0,6046.413333333334,6740.99,4793.56,96,2021,1,Winter,1,0
2021-01-20,4.989067,8.417572,2.222168,4.021967,1195904.0,0.036080677,10.510933,0.0,5786.279895833333,6450.42,4657.51,96,2021,1,Winter,2,0
2021-01-21,8.287186,10.728516,6.520752,7.195948,1147831.5,0.0,7.2128143,0.0,5645.155729166666,6330.16,4490.72,96,2021,1,Winter,3,0
2021-01-22,10.344971,12.050842,8.018402,7.631927,592396.8,0.015449525,5.1550293,0.0,5584.141666666666,6269.25,4368.68,96,2021,1,Winter,4,0
2021-01-23,8.187981,9.873657,4.3967285,3.6955826,316970.66,1.5425365,7.3120193,0.0,5073.0340625,5749.91,4191.52,96,2021,1,Winter,5,1
2021-01-24,3.870285,6.3051453,2.674652,2.225656,1187063.5,0.3470103,11.629715,0.0,4847.220312500001,5562.15,3893.24,96,2021,1,Winter,6,1
2021-01-25,2.7666626,5.0281982,0.7506714,3.6366317,817834.7,0.15277861,12.733337,0.0,5599.716874999999,6368.53,4107.55,96,2021,1,Winter,0,0
2021-01-26,1.206131,3.828308,-0.5840759,3.9021773,1040550.4,0.064881645,14.293869,0.0,5725.186979166666,6453.94,4503.8,96,2021,1,Winter,1,0
2021-01-27,0.79428864,3.0899048,-0.39572144,3.8876464,1106150.4,0.0743866,14.705711,0.0,5761.378125,6505.02,4571.44,96,2021,1,Winter,2,0
2021-01-28,1.1168594,4.427948,-1.9068604,3.0700705,1193838.9,0.51482517,14.383141,0.0,5850.6840625,6541.25,4639.46,96,2021,1,Winter,3,0
2021-01-29,3.4173203,4.761841,2.157898,2.9760027,195835.73,1.8752415,12.08268,0.0,5816.598958333333,6559.69,4617.67,96,2021,1,Winter,4,0
2021-01-30,5.750458,11.382568,3.3249817,3.8547354,1190784.0,0.123373665,9.749542,0.0,5142.053958333333,5687.95,4362.69,96,2021,1,Winter,5,1
2021-01-31,0.33644104,2.2285156,-0.8444519,2.3933945,949905.06,0.20128886,15.163559,0.0,5051.693645833334,5693.17,4080.25,96,2021,1,Winter,6,1
2021-02-01,-1.0776291,3.4141235,-4.321991,2.0824769,1439564.8,0.0,16.57763,0.0,5692.352604166666,6431.52,4260.37,96,2021,2,Winter,0,0
2021-02-02,0.33781433,2.4881592,-1.440979,3.08753,1233685.4,0.00019073488,15.162186,0.0,5891.025000000001,6558.55,4589.04,96,2021,2,Winter,1,0
2021-02-03,4.613846,8.618042,1.8640442,4.2757072,882602.7,0.23759204,10.886154,0.0,5852.227083333334,6480.39,4642.63,96,2021,2,Winter,2,0
2021-02-04,8.847145,13.497864,6.3042297,3.3185587,1353335.5,0.11920929,6.652855,0.0,5505.592916666667,6241.59,4481.59,96,2021,2,Winter,3,0
2021-02-05,5.942627,9.848633,3.3061523,1.2928245,1117448.5,0.0237147,9.557373,0.0,5589.395729166667,6184.53,4423.65,96,2021,2,Winter,4,0
2021-02-06,4.929695,5.733368,4.1413574,1.7173443,400840.53,0.0389417,10.570305,0.0,5165.434479166667,5909.36,4284.11,96,2021,2,Winter,5,1
2021-02-07,4.6336517,6.076874,4.0171204,4.1930313,633344.0,0.7119179,10.866348,0.0,5015.977604166666,5779.35,4005.03,96,2021,2,Winter,6,1
2021-02-08,2.967186,4.9677124,0.39620972,3.387579,1037994.7,1.065445,12.532814,0.0,5726.418333333334,6456.57,4134.09,96,2021,2,Winter,0,0
2021-02-09,0.7737045,1.3796997,-0.33892822,1.9773034,315507.2,1.9655547,14.726295,0.0,5890.812708333334,6602.4,4576.29,96,2021,2,Winter,1,0
2021-02-10,1.2757416,2.5636597,0.14950562,2.4569058,264618.66,1.4135361,14.224258,0.0,5937.905520833334,6620.23,4624.24,96,2021,2,Winter,2,0
2021-02-11,-4.0734406,-3.086792,-4.961212,8.246418,1100177.1,0.13567609,19.57344,0.0,6140.539791666666,6827.2,4740.25,96,2021,2,Winter,3,0
2021-02-12,-5.6781464,-3.135376,-7.646179,4.9534917,1451707.8,0.007375081,21.178146,0.0,6074.1653125,6800.69,5001.24,96,2021,2,Winter,4,0
2021-02-13,-5.1492767,-2.0028381,-8.349762,4.403451,1752968.5,0.00047683716,20.649277,0.0,5576.018125,6222.89,4925.66,96,2021,2,Winter,5,1
2021-02-14,-2.604416,0.2083435,-5.113556,4.9505377,1653418.6,0.0019073485,18.104416,0.0,5271.863333333334,6079.69,4560.09,96,2021,2,Winter,6,1
2021-02-15,-2.8587494,1.8352966,-7.218231,2.6765745,1809143.5,0.0,18.35875,0.0,5800.440104166667,6667.21,4575.83,96,2021,2,Winter,0,0
2021-02-16,-0.75032043,0.914093,-2.8070984,2.6123466,581772.8,0.124899544,16.25032,0.0,6036.971458333333,6674.56,4866.38,96,2021,2,Winter,1,0
2021-02-17,3.5243835,7.3903503,-0.116363525,2.3896575,1366058.6,0.01751582,11.975616,0.0,5973.336875,6647.93,4762.94,96,2021,2,Winter,2,0
2021-02-18,5.7658844,11.047455,3.449585,2.3471737,1759424.0,0.000667572,9.734116,0.0,5610.230625,6279.93,4619.01,96,2021,2,Winter,3,0
2021-02-19,4.9014664,8.086243,1.9327393,1.9794034,1474935.5,0.007597605,10.598534,0.0,5709.462291666667,6311.31,4574.77,96,2021,2,Winter,4,0
2021-02-20,4.315399,6.7775574,2.5244446,2.454238,1239394.1,0.08646647,11.184601,0.0,5265.751354166667,5928.88,4424.84,96,2021,2,Winter,5,1
2021-02-21,4.777397,7.4093933,2.40802,4.59482,1412608.0,0.00089009607,10.722603,0.0,4940.5772916666665,5685.96,4102.61,96,2021,2,Winter,6,1
2021-02-22,6.4829407,11.088654,4.0811157,3.406587,1503244.9,0.0,9.017059,0.0,5388.533333333334,6210.2,4170.68,96,2021,2,Winter,0,0
2021-02-23,4.852043,8.6588745,1.7332764,2.0951762,1828275.2,0.0014623005,10.647957,0.0,5497.405520833334,6284.63,4470.78,96,2021,2,Winter,1,0
2021-02-24,6.9585342,14.428497,0.74697876,1.2755644,1882107.6,0.0,8.541466,0.0,5494.495833333333,6231.42,4536.94,96,2021,2,Winter,2,0
2021-02-25,9.825111,17.511719,4.4569397,3.1102788,1923865.6,0.0,5.6748886,0.0,5389.1965625,6103.24,4447.85,96,2021,2,Winter,3,0
2021-02-26,9.046082,16.355835,2.522644,1.566788,1964253.9,0.0,6.4539185,0.0,5312.290520833333,6015.19,4401.59,96,2021,2,Winter,4,0
2021-02-27,7.2221603,8.84494,5.1788025,6.277096,1171912.6,0.009250641,8.27784,0.0,4893.76375,5537.32,4176.46,96,2021,2,Winter,5,1
2021-02-28,4.288727,9.0155945,0.44561768,3.1549795,1880068.2,0.00012715659,11.211273,0.0,4638.313958333333,5517.46,3918.92,96,2021,2,Winter,6,1
2021-03-01,4.5745087,10.305756,1.0126038,2.6507604,1992256.0,0.0,10.925491,0.0,5269.817708333333,6180.41,4026.18,96,2021,3,Spring,0,0
2021-03-02,4.1675873,11.598907,-1.4188232,1.5401897,2088256.0,0.0,11.332413,0.0,5381.827604166667,6169.42,4465.64,96,2021,3,Spring,1,0
2021-03-03,5.0946426,12.726196,-1.0482178,2.136628,2151415.5,0.00012715659,10.405357,0.0,5351.359583333334,6167.69,4461.18,96,2021,3,Spring,2,0
2021-03-04,7.019203,13.250427,2.0746765,1.8591118,1893994.8,0.0,8.480797,0.0,5449.539791666667,6114.46,4415.8,96,2021,3,Spring,3,0
2021-03-05,5.8890533,6.9854126,3.0322876,4.574084,1726630.4,0.12839635,9.610947,0.0,5491.741666666666,6142.77,4361.13,96,2021,3,Spring,4,0
2021-03-06,1.2271194,5.952423,-2.8654785,2.8697817,2181367.5,0.0,14.272881,0.0,4955.329375,5670.86,4360.34,96,2021,3,Spring,5,1
2021-03-07,0.5928421,7.6549683,-4.349182,3.054348,2281117.8,0.0,14.907158,0.0,4710.2765625,5560.25,4090.54,96,2021,3,Spring,6,1
2021-03-08,2.0444946,7.5789185,-1.4444885,3.206171,2182954.8,0.0,13.455505,0.0,5327.596979166667,6160.69,4137.45,96,2021,3,Spring,0,0
2021-03-09,0.48351288,5.0086365,-3.016388,1.7829368,2195277.0,0.0,15.016487,0.0,5500.779791666667,6220.26,4518.56,96,2021,3,Spring,1,0
2021-03-10,1.710495,6.831604,-0.9567871,1.6318209,1847389.9,0.00025431317,13.789505,0.0,5547.426979166667,6300.43,4556.05,96,2021,3,Spring,2,0
2021-03-11,3.0874329,8.971954,-2.9291077,4.385953,959671.5,0.018787384,12.412567,0.0,5591.401770833333,6242.25,4672.7,96,2021,3,Spring,3,0
2021-03-12,8.8116,12.779205,6.0062866,3.203582,1864328.6,0.6042799,6.6884003,0.0,5394.4040625,6004.91,4498.84,96,2021,3,Spring,4,0
2021-03-13,8.081825,13.108337,3.4120178,5.1112866,2259020.8,0.0,7.4181747,0.0,4757.435208333333,5495.71,4103.5,96,2021,3,Spring,5,1
2021-03-14,7.943817,9.831421,6.651703,3.3981667,944055.44,1.4239947,7.556183,0.0,4608.212083333333,5239.95,3760.14,96,2021,3,Spring,6,1
2021-03-15,5.622429,8.9348755,3.3587341,5.524105,1361557.4,0.0018437703,9.877571,0.0,4433.741145833334,5232.54,3717.39,96,2021,3,Spring,0,0
2021-03-16,5.2706604,8.649841,3.2309875,6.444867,2039509.4,0.09511312,10.22934,0.0,5227.946041666667,6130.7,3824.89,96,2021,3,Spring,1,0
2021-03-17,4.3498154,7.630951,1.9832764,5.8350034,2003229.9,0.052547455,11.150185,0.0,5404.485937500001,6097.83,4402.35,96,2021,3,Spring,2,0
2021-03-18,3.3840408,6.425873,1.7131958,4.231379,1819293.9,0.07445017,12.115959,0.0,5525.973229166667,6186.66,4432.83,96,2021,3,Spring,3,0
2021-03-19,0.7669754,5.2367554,-2.2236938,1.984256,2469909.2,0.08897781,14.733025,0.0,5444.063020833333,6075.47,4502.64,96,2021,3,Spring,4,0
2021-03-20,0.27479553,4.317871,-2.1968994,3.3685706,2169497.8,0.07476807,15.225204,0.0,5025.105729166667,5715.81,4414.72,96,2021,3,Spring,5,1
2021-03-21,-0.4591751,4.2747498,-4.0125427,2.2665133,2086557.9,0.101312004,15.959175,0.0,4723.5451041666665,5614.93,4141.85,96,2021,3,Spring,6,1
2021-03-22,3.737152,6.8211365,2.3304138,5.4895344,2237879.5,0.24785995,11.762848,0.0,5456.968541666666,6216.4,4128.78,96,2021,3,Spring,0,0
2021-03-23,3.9332047,8.850708,-0.11431885,4.476129,1863330.1,0.041484833,11.566795,0.0,5514.046666666666,6178.36,4532.44,96,2021,3,Spring,1,0
2021-03-24,6.2875366,9.055847,4.419281,5.0892906,1852723.1,0.0037193296,9.212463,0.0,5495.1189583333335,6157.93,4473.64,96,2021,3,Spring,2,0
2021-03-25,5.8044815,11.970612,1.094635,1.5994893,2620842.8,0.0,9.6955185,0.0,5351.2103125,6081.83,4516.73,96,2021,3,Spring,3,0
2021-03-26,8.376366,16.962494,1.5535278,2.1424096,2796190.0,0.0,7.1236343,0.0,5181.088020833334,5901.36,4460.89,96,2021,3,Spring,4,0
2021-03-27,11.626999,18.564423,7.128662,3.9375625,2819080.5,0.0016530355,3.873001,0.0,4666.3637499999995,5459.17,4081.99,96,2021,3,Spring,5,1
2021-03-28,9.538635,12.684998,6.765747,2.3582144,2446041.5,0.009791057,5.9613647,0.0,4443.7175,5340.62,3819.33,96,2021,3,Spring,6,1
2021-03-29,10.1775055,17.116394,3.463684,1.6879134,2816687.0,0.013192494,5.3224945,0.0,5055.8459375,5811.98,3940.8,96,2021,3,Spring,0,0
2021-03-30,15.139221,20.40097,10.845062,1.6123903,2530214.2,0.0,0.3607788,0.0,5104.143645833333,5702.47,4193.75,96,2021,3,Spring,1,0
2021-03-31,14.996933,21.743408,9.817505,1.8626412,2887078.2,0.0025431316,0.503067,0.0,5008.5678125,5654.92,4175.34,96,2021,3,Spring,2,0
2021-04-01,16.255295,23.607025,10.776367,2.4800587,2885981.8,0.00025431317,0.0,0.0,4806.6946875,5414.8,4025.33,96,2021,4,Spring,3,0
2021-04-02,13.679504,16.184174,11.774628,4.044921,2289122.0,0.009822845,1.8204956,0.0,4109.257604166666,4807.67,3579.76,96,2021,4,Spring,4,0
2021-04-03,7.7537537,9.556274,6.784912,5.184297,2830408.5,0.1139005,7.7462463,0.0,4181.0559375,4952.4,3422.12,96,2021,4,Spring,5,1
2021-04-04,5.6039505,9.439575,3.7485046,4.384132,2544960.0,0.01748403,9.8960495,0.0,3986.642916666667,4727.75,3448.3,96,2021,4,Spring,6,1
2021-04-05,7.8806305,15.273499,-0.11260986,4.6848073,3235912.8,0.0,7.6193695,0.0,3888.908020833333,4834.92,3461.52,96,2021,4,Spring,0,0
2021-04-06,3.714035,5.6438293,1.7738037,5.616455,2019178.6,0.5198161,11.785965,0.0,5133.190208333333,5806.68,3509.64,96,2021,4,Spring,1,0
2021-04-07,2.369278,5.838501,-0.2979126,3.7995653,2925555.2,0.05499522,13.130722,0.0,5281.178020833334,5979.84,4375.78,96,2021,4,Spring,2,0
2021-04-08,3.3358307,7.1679993,-0.23956299,3.8946917,2986146.0,0.06078084,12.164169,0.0,5427.622916666666,5996.89,4478.22,96,2021,4,Spring,3,0
2021-04-09,6.7880325,14.20282,-1.8694458,3.8637552,3413265.0,0.0,8.711967,0.0,5175.0253125,5790.83,4499.06,96,2021,4,Spring,4,0
2021-04-10,12.194054,17.7471,7.356964,3.7140005,3291494.2,0.0065167747,3.3059464,0.0,4577.843333333333,5342.19,3941.87,96,2021,4,Spring,5,1
2021-04-11,12.566956,15.301788,9.5234375,5.9893436,1869836.8,0.00031789145,2.9330444,0.0,4439.667291666667,5164.74,3796.56,96,2021,4,Spring,6,1
2021-04-12,11.955208,20.124512,5.3750305,5.4291153,2629862.5,1.7597198,3.5447922,0.0,4945.136875,5697.1,3780.57,96,2021,4,Spring,0,0
2021-04-13,3.3241653,4.030792,1.890686,8.298811,861998.94,1.9771893,12.175835,0.0,5446.781770833333,6099.6,4166.05,96,2021,4,Spring,1,0
2021-04-14,4.386017,6.7123413,2.098877,6.650211,2191355.8,1.0014217,11.113983,0.0,5431.992395833334,5986.96,4375.17,96,2021,4,Spring,2,0
2021-04-15,5.0317917,7.307007,3.6385498,4.544003,2815466.8,0.0383695,10.468208,0.0,5375.243645833333,5913.53,4341.33,96,2021,4,Spring,3,0
2021-04-16,5.341423,8.320831,2.4786072,3.6685734,2231590.5,0.022157034,10.158577,0.0,5359.2778124999995,5856.13,4415.3,96,2021,4,Spring,4,0
2021-04-17,6.955261,9.57254,4.8283997,2.7738633,1644155.6,0.0035921733,8.544739,0.0,4772.893645833333,5347.07,4023.38,96,2021,4,Spring,5,1
2021-04-18,7.8875885,10.183563,6.2540283,2.6622097,1907165.9,0.75648624,7.6124115,0.0,4618.988645833334,5306.35,3849.13,96,2021,4,Spring,6,1
2021-04-19,8.277214,10.106049,7.1187744,2.3633885,1650342.4,1.4942805,7.222786,0.0,5261.4040625,5901.61,3891.23,96,2021,4,Spring,0,0
2021-04-20,9.582779,12.738403,6.9781494,2.1412444,2383279.0,0.52000684,5.917221,0.0,5203.803645833334,5754.67,4247.02,96,2021,4,Spring,1,0
2021-04-21,11.621819,17.137726,7.4379272,2.1353834,3529408.0,0.05900065,3.8781815,0.0,5058.596666666667,5714.33,4251.29,96,2021,4,Spring,2,0
2021-04-22,10.738327,14.225616,8.247894,2.708263,3145058.0,1.7342886,4.761673,0.0,5082.855104166667,5683.74,4243.34,96,2021,4,Spring,3,0
2021-04-23,9.673805,13.591309,6.394928,3.6188421,3032290.0,0.0,5.826195,0.0,4973.0284375,5568.57,4230.61,96,2021,4,Spring,4,0
2021-04-24,9.585709,15.024445,3.999939,1.5021517,3907298.0,0.0,5.9142914,0.0,4464.815625,5210.68,3949.44,96,2021,4,Spring,5,1
2021-04-25,10.997414,16.787415,6.5762024,3.3669772,3635682.0,0.014718373,4.5025864,0.0,4294.124791666666,5131.86,3759.96,96,2021,4,Spring,6,1
2021-04-26,7.424507,10.997467,3.812439,1.8248684,2930269.8,0.04119873,8.075493,0.0,4990.476250000001,5672.47,3801.83,96,2021,4,Spring,0,0
2021-04-27,8.255692,14.073456,2.0368347,1.8807333,2529992.5,0.0,7.2443085,0.0,5011.2009375,5650.25,4174.68,96,2021,4,Spring,1,0
2021-04-28,11.297737,15.756592,6.45932,3.008041,2728576.0,0.00012715659,4.202263,0.0,5062.191145833333,5692.62,4220.4,96,2021,4,Spring,2,0
2021-04-29,15.302338,20.89804,10.34491,4.024243,3139259.5,0.07845561,0.19766235,0.0,5050.582291666667,5563.79,4144.4,96,2021,4,Spring,3,0
2021-04-30,16.285316,19.270874,13.564514,2.7830658,3183223.5,0.015163422,0.0,0.0,4823.5798958333335,5340.17,4059.39,96,2021,4,Spring,4,0
2021-05-01,17.98497,21.838104,14.509369,2.3314416,3312217.5,0.007692972,0.0,0.0,4016.9733333333334,4614.43,3483.46,96,2021,5,Spring,5,1
2021-05-02,14.955444,17.103577,11.525391,5.1996994,2626615.5,1.7221134,0.54455566,0.0,4081.2097916666667,4915.75,3339.11,96,2021,5,Spring,6,1
2021-05-03,11.377991,14.286438,9.369537,3.4743192,3375052.8,0.06853739,4.1220093,0.0,4773.9103125,5523.1,3551.36,96,2021,5,Spring,0,0
2021-05-04,13.433029,19.454132,6.170227,4.432088,4110284.8,0.0,2.0669708,0.0,4842.313229166667,5564.87,4089.16,96,2021,5,Spring,1,0
2021-05-05,13.973839,21.690674,8.834839,4.2226887,3733184.0,0.4872322,1.5261612,0.0,4923.9184374999995,5608.09,4092.85,96,2021,5,Spring,2,0
2021-05-06,10.4327545,12.018585,8.820007,4.5028825,2031087.0,0.026957193,5.0672455,0.0,5001.739479166667,5623.99,4117.43,96,2021,5,Spring,3,0
2021-05-07,11.118843,13.116058,9.9823,3.5947545,1510186.8,0.6801605,4.381157,0.0,5172.2859375,5748.44,4127.16,96,2021,5,Spring,4,0
2021-05-08,10.40657,14.671356,5.9555664,2.5064352,3679936.0,0.0,5.0934296,0.0,4342.1232291666665,5108.25,3844.96,96,2021,5,Spring,5,1
2021-05-09,14.915741,21.036346,7.9121094,4.9903145,4251477.5,0.0,0.58425903,0.0,4099.824583333333,5036.76,3646.49,96,2021,5,Spring,6,1
2021-05-10,19.664192,26.027893,13.363495,5.190008,4209472.0,0.0,0.0,1.6641922,4683.7246875,5499.89,3648.0,96,2021,5,Spring,0,0
2021-05-11,22.110916,27.922852,17.235962,4.7552514,4182114.0,0.0,0.0,4.110916,4766.596979166667,5427.49,3915.75,96,2021,5,Spring,1,0
2021-05-12,16.653755,18.474457,15.005463,2.3462045,2779353.8,1.6004881,0.0,0.0,4892.45,5459.69,3974.57,96,2021,5,Spring,2,0
2021-05-13,13.257011,14.057983,12.498413,2.429408,829431.5,1.5019735,2.2429886,0.0,4968.114166666667,5451.02,3959.0,96,2021,5,Spring,3,0
2021-05-14,13.890068,16.011322,12.283936,2.6056058,2175569.0,0.19302368,1.609932,0.0,4895.089270833333,5341.12,4012.12,96,2021,5,Spring,4,0
2021-05-15,13.946724,17.512512,9.946045,1.7093832,2353241.5,0.11320115,1.5532761,0.0,4319.094479166667,4868.37,3634.19,96,2021,5,Spring,5,1
2021-05-16,15.134247,18.601318,12.593658,3.04617,3069090.2,0.6617546,0.36575317,0.0,4163.091354166667,4876.83,3446.08,96,2021,5,Spring,6,1
2021-05-17,13.371658,14.267639,12.91629,3.8937697,1290641.0,4.2722063,2.1283417,0.0,4917.083958333334,5515.41,3554.13,96,2021,5,Spring,0,0
2021-05-18,14.439194,17.76001,11.211487,4.903815,3627409.0,0.05149841,1.0608063,0.0,4836.5846875,5400.91,3957.53,96,2021,5,Spring,1,0
2021-05-19,12.21299,15.23465,10.234192,3.0630574,2084518.2,0.9785017,3.2870102,0.0,4968.686875,5507.8,3976.84,96,2021,5,Spring,2,0
2021-05-20,13.168114,16.047241,10.678528,5.859726,2445632.0,1.00317,2.3318863,0.0,5058.891770833333,5598.66,4042.74,96,2021,5,Spring,3,0
2021-05-21,15.481041,20.973022,8.979797,3.8854768,3969220.5,0.0,0.018959045,0.0,4762.878020833333,5313.72,4088.7,96,2021,5,Spring,4,0
2021-05-22,13.635811,13.907013,13.049377,3.0627434,1210124.9,0.3602664,1.8641891,0.0,4428.954166666666,5007.93,3686.08,96,2021,5,Spring,5,1
2021-05-23,11.905731,12.868713,10.878418,2.6415231,1041514.6,3.5634675,3.5942688,0.0,4059.6595833333336,4520.06,3366.15,96,2021,5,Spring,6,1
2021-05-24,11.909317,14.5312195,7.2941284,3.1401682,2075545.6,0.5616824,3.590683,0.0,3944.5484375,4699.93,3291.05,96,2021,5,Spring,0,0
2021-05-25,12.883423,13.99231,11.672058,2.5045805,1653751.5,0.7546107,2.6165771,0.0,4859.385833333333,5653.6,3415.52,96,2021,5,Spring,1,0
2021-05-26,13.511345,19.486359,6.539978,2.829162,4638276.5,0.0,1.9886551,0.0,4786.3675,5449.11,4047.72,96,2021,5,Spring,2,0
2021-05-27,14.49527,19.345673,9.661652,2.8142729,3401199.0,0.35419464,1.0047302,0.0,4822.92375,5436.85,4065.12,96,2021,5,Spring,3,0
2021-05-28,14.729431,18.171814,11.267517,4.437144,3532676.2,0.47950745,0.77056885,0.0,4736.2908333333335,5269.48,4024.19,96,2021,5,Spring,4,0
2021-05-29,14.372414,17.724426,11.086792,3.7846317,3400328.5,0.10379155,1.1275864,0.0,4321.985625,4861.13,3687.6,96,2021,5,Spring,5,1
2021-05-30,12.867302,15.97641,9.398346,4.148853,3918468.0,0.2067248,2.632698,0.0,4111.898958333333,4839.9,3456.65,96,2021,5,Spring,6,1
2021-05-31,14.326485,18.48825,10.044281,3.7632189,4032883.2,0.02600352,1.1735153,0.0,4766.321354166666,5357.62,3573.9,96,2021,5,Spring,0,0
2021-06-01,15.087425,19.305481,9.911224,2.1292286,3840234.8,0.0006357829,0.41257477,0.0,4755.900625,5366.85,3941.38,96,2021,6,Summer,1,0
2021-06-02,16.466805,22.154144,9.027893,2.0097413,4014302.0,0.0012079874,0.0,0.0,4792.725104166667,5340.34,3962.38,96,2021,6,Summer,2,0
2021-06-03,18.698685,24.120789,12.179169,2.1431265,4038574.8,0.0010172527,0.0,0.6986847,4760.170312499999,5344.06,3971.37,96,2021,6,Summer,3,0
2021-06-04,20.039116,25.88971,13.327545,2.4297292,4133350.5,0.0012079874,0.0,2.039116,4780.265208333333,5371.91,3963.56,96,2021,6,Summer,4,0
2021-06-05,21.663841,27.291992,15.787231,2.525636,4279868.0,0.005086263,0.0,3.6638412,4241.976041666667,4849.49,3647.58,96,2021,6,Summer,5,1
2021-06-06,20.80043,22.938202,18.83078,1.3192325,3172463.0,0.797081,0.0,2.8004303,4028.2076041666664,4859.42,3378.67,96,2021,6,Summer,6,1
2021-06-07,21.132805,26.004272,16.41629,1.1111641,3769779.2,0.040308632,0.0,3.1328049,4738.21375,5386.37,3526.28,96,2021,6,Summer,0,0
2021-06-08,21.822487,27.393951,15.36673,1.4470925,3454622.0,0.009759268,0.0,3.8224869,4896.32625,5495.43,3967.51,96,2021,6,Summer,1,0
2021-06-09,22.693634,28.301056,17.393463,3.3515759,4450944.0,0.0,0.0,4.693634,4964.459479166667,5552.64,4041.91,96,2021,6,Summer,2,0
2021-06-10,22.339836,26.753632,18.935303,3.5103533,4158758.5,6.357829e-05,0.0,4.339836,4965.636145833333,5504.59,4078.27,96,2021,6,Summer,3,0
2021-06-11,21.3844,26.00653,17.766663,3.1539388,4231641.5,0.08220672,0.0,3.3843994,4888.2300000000005,5336.64,4045.51,96,2021,6,Summer,4,0
2021-06-12,21.783844,26.72647,17.205322,2.689805,3908501.2,0.02266566,0.0,3.783844,4409.1490625,4985.15,3807.91,96,2021,6,Summer,5,1
2021-06-13,19.032349,21.562775,17.80832,6.6637716,4082342.5,0.34157434,0.0,1.0323486,4065.2432291666664,4809.5,3489.7,96,2021,6,Summer,6,1
2021-06-14,17.577873,21.345764,12.463593,4.1901383,3791906.0,0.0,0.0,0.0,4729.6857291666665,5305.02,3565.35,96,2021,6,Summer,0,0
2021-06-15,19.407944,25.552979,11.893127,1.5681185,4604885.5,0.0,0.0,1.4079437,4839.177708333334,5473.5,3976.16,96,2021,6,Summer,1,0
2021-06-16,22.746109,27.9805,15.678131,1.274937,4645329.0,0.0,0.0,4.746109,4983.0203125,5606.33,4054.8,96,2021,6,Summer,2,0
2021-06-17,23.789581,29.416748,16.433716,2.084932,3701320.8,0.0003496806,0.0,5.7895813,5097.2309374999995,5683.74,4138.4,96,2021,6,Summer,3,0
2021-06-18,24.798218,30.328705,17.530945,2.4823663,4407027.0,0.0,0.0,6.798218,5130.835416666667,5720.23,4141.17,96,2021,6,Summer,4,0
2021-06-19,25.574066,31.057617,18.364471,1.427037,3639641.5,0.0,0.0,7.574066,4657.1154166666665,5277.36,3990.93,96,2021,6,Summer,5,1
2021-06-20,26.21978,31.553406,20.375916,2.7033286,3930666.5,0.00015894572,0.0,8.21978,4499.918125,5422.67,3681.03,96,2021,6,Summer,6,1
2021-06-21,27.052353,31.66446,22.055267,2.6747854,4107358.0,0.025717419,0.0,9.052353,5402.566666666667,6204.83,3956.09,96,2021,6,Summer,0,0
2021-06-22,26.547768,30.788666,21.862976,1.304564,4413516.5,0.0,0.0,8.547768,5592.854375,6383.7,4420.87,96,2021,6,Summer,1,0
2021-06-23,26.240433,30.419037,21.893951,2.2777333,4499093.5,6.357829e-05,0.0,8.240433,5733.629270833334,6515.55,4518.35,96,2021,6,Summer,2,0
2021-06-24,28.442589,33.97632,22.363617,1.6908538,4480486.5,0.048065186,0.0,10.442589,5865.706770833333,6649.4,4608.71,96,2021,6,Summer,3,0
2021-06-25,24.227661,27.806244,22.392212,4.5733004,3999261.8,0.12241999,0.0,6.227661,5558.45625,6221.53,4484.1,96,2021,6,Summer,4,0
2021-06-26,23.243454,27.410889,18.79956,3.6246986,4432951.5,0.0009536743,0.0,5.243454,4748.54125,5327.98,4009.89,96,2021,6,Summer,5,1
2021-06-27,23.889015,29.102722,18.35147,1.4239436,4141427.0,0.006548564,0.0,5.889015,4524.821979166666,5382.91,3786.17,96,2021,6,Summer,6,1
2021-06-28,26.32383,32.092163,18.733337,1.9349182,4356403.0,0.00050862634,0.0,8.32383,5405.331041666667,6251.54,3963.87,96,2021,6,Summer,0,0
2021-06-29,28.070206,33.297974,21.317688,2.540656,4459490.0,0.02047221,0.0,10.070206,5647.2404166666665,6474.05,4440.15,96,2021,6,Summer,1,0
2021-06-30,23.807587,27.337189,21.444122,4.373358,4404795.5,0.00022252402,0.0,5.8075867,5525.032395833333,6245.71,4481.3,96,2021,6,Summer,2,0
2021-07-01,19.87114,24.430939,15.313965,5.2484775,4439270.0,0.22411346,0.0,1.8711395,5140.267291666666,5659.78,4362.16,96,2021,7,Summer,3,0
2021-07-02,19.196602,21.788452,17.004425,5.0862827,3390737.0,0.05165736,0.0,1.1966019,5005.440833333333,5380.03,4163.73,96,2021,7,Summer,4,0
2021-07-03,21.44175,25.494354,16.91745,3.3939993,3789107.5,0.0031789143,0.0,3.4417496,4414.795625,4963.93,3882.02,96,2021,7,Summer,5,1
2021-07-04,21.870865,26.170868,16.825226,1.2844019,3491814.5,0.0008583069,0.0,3.8708649,4282.942083333333,5033.61,3609.57,96,2021,7,Summer,6,1
2021-07-05,22.554031,26.43985,17.89151,2.0408058,3054314.5,0.32599768,0.0,4.5540314,5074.489375,5726.88,3794.16,96,2021,7,Summer,0,0
2021-07-06,24.859573,30.88794,17.235657,2.4474897,4534442.5,0.0,0.0,6.8595734,5342.9875,6116.81,4258.65,96,2021,7,Summer,1,0
2021-07-07,27.307312,32.227936,21.54831,2.1469684,4363964.0,0.0,0.0,9.307312,5591.320729166667,6399.5,4408.8,96,2021,7,Summer,2,0
2021-07-08,28.925377,35.354584,23.15033,2.5318615,4310024.5,0.11167526,0.0,10.925377,5760.0294791666665,6550.31,4526.05,96,2021,7,Summer,3,0
2021-07-09,26.138382,27.88797,24.7901,2.4841924,3282146.2,0.0058492026,0.0,8.138382,5524.574375,6124.88,4384.3,96,2021,7,Summer,4,0
2021-07-10,23.563477,27.702179,19.140564,3.6590335,4319138.0,0.0,0.0,5.5634766,4644.915208333333,5321.29,4034.91,96,2021,7,Summer,5,1
2021-07-11,20.956268,21.860321,19.443604,2.4562855,1769122.1,2.1712937,0.0,2.9562683,4513.223229166667,5064.75,3797.63,96,2021,7,Summer,6,1
2021-07-12,21.97757,25.943146,17.723846,1.7600672,2967471.0,1.0560671,0.0,3.9775696,5268.441458333334,6054.42,3925.25,96,2021,7,Summer,0,0
2021-07-13,26.225067,32.075714,20.268036,3.7350664,4439816.5,0.0,0.0,8.225067,5584.5534375,6379.88,4377.74,96,2021,7,Summer,1,0
2021-07-14,25.125671,27.76944,22.80957,2.1327436,3300155.8,0.7036209,0.0,7.1256714,5690.7840625,6381.26,4556.2,96,2021,7,Summer,2,0
2021-07-15,22.702736,27.124908,18.863525,1.6197653,4164906.8,0.02117157,0.0,4.702736,5424.049375,6031.03,4487.54,96,2021,7,Summer,3,0
2021-07-16,24.206345,29.460815,18.76831,3.1219225,4328482.0,0.0006357829,0.0,6.2063446,5316.4617708333335,5915.48,4346.38,96,2021,7,Summer,4,0
2021-07-17,22.244171,23.76056,19.804657,3.1299272,1127330.1,3.6022506,0.0,4.244171,4719.072395833334,5217.2,3959.66,96,2021,7,Summer,5,1
2021-07-18,22.827545,26.69226,20.158112,3.140913,2344601.5,2.0733514,0.0,4.827545,4481.180625,5193.73,3735.66,96,2021,7,Summer,6,1
2021-07-19,23.611671,27.004852,21.220795,4.625263,3408196.5,0.08144379,0.0,5.6116714,5122.7225,5759.56,3877.19,96,2021,7,Summer,0,0
2021-07-20,21.110573,24.703796,18.786346,4.9706707,4141704.8,0.00050862634,0.0,3.1105728,4969.241145833334,5460.4,4133.53,96,2021,7,Summer,1,0
2021-07-21,20.451935,25.012451,16.07013,3.6475205,4283485.5,0.0,0.0,2.4519348,4933.590625,5459.77,4084.74,96,2021,7,Summer,2,0
2021-07-22,20.977455,26.028748,15.404175,2.1679306,4068458.8,0.0,0.0,2.9774551,4954.4201041666665,5509.71,4089.91,96,2021,7,Summer,3,0
2021-07-23,21.212448,27.341522,14.651642,1.451207,3846148.2,0.00333786,0.0,3.2124481,4926.319270833334,5430.71,4096.35,96,2021,7,Summer,4,0
2021-07-24,22.905533,29.062439,15.937622,2.3427694,4211195.5,0.0019073486,0.0,4.905533,4466.034791666666,5145.06,3865.84,96,2021,7,Summer,5,1
2021-07-25,25.325829,29.886597,21.20581,3.1253843,3824341.2,0.42181018,0.0,7.3258286,4380.5884375,5303.06,3635.16,96,2021,7,Summer,6,1
2021-07-26,26.450836,31.16446,22.27121,2.4235551,4022860.8,0.011698404,0.0,8.450836,5262.810520833334,6039.62,3904.24,96,2021,7,Summer,0,0
2021-07-27,26.174583,29.430145,23.06961,3.0841203,3727680.0,0.006389618,0.0,8.174583,5376.996458333333,6069.57,4346.67,96,2021,7,Summer,1,0
2021-07-28,27.909233,33.323364,23.250824,4.774937,4098355.2,0.001335144,0.0,9.909233,5493.54,6288.58,4347.58,96,2021,7,Summer,2,0
2021-07-29,24.33361,28.521301,20.102173,2.9332426,4104371.0,0.10261536,0.0,6.3336105,5273.113541666667,5971.96,4381.78,96,2021,7,Summer,3,0
2021-07-30,24.957893,31.26181,18.70401,1.4899335,3858585.5,0.06914139,0.0,6.9578934,5280.501145833333,5994.31,4244.18,96,2021,7,Summer,4,0
2021-07-31,24.247543,27.254486,20.89795,2.5083303,2988044.5,0.4071871,0.0,6.2475433,4686.4171875,5300.46,3960.05,96,2021,7,Summer,5,1
2021-08-01,21.816223,26.877014,18.472626,2.7949767,2380629.2,0.35320917,0.0,3.8162231,4383.9353125,4940.53,3696.0,96,2021,8,Summer,6,1
2021-08-02,20.04467,23.381378,16.564362,2.7867992,3193677.0,0.0047365823,0.0,2.04467,4741.2321875,5458.74,3678.61,96,2021,8,Summer,0,0
2021-08-03,20.814621,25.494446,16.440125,1.63561,3728503.5,0.017929077,0.0,2.814621,4863.8360416666665,5481.33,3961.49,96,2021,8,Summer,1,0
2021-08-04,20.746323,23.626068,18.19168,1.5468999,3452740.2,0.030771889,0.0,2.7463226,4921.615520833334,5579.06,3999.39,96,2021,8,Summer,2,0
2021-08-05,18.451439,19.144806,17.695099,2.9142325,1001224.5,3.9224622,0.0,0.4514389,5005.3976041666665,5695.41,4071.22,96,2021,8,Summer,3,0
2021-08-06,19.401802,23.327026,16.111115,2.728115,2952964.5,0.039513905,0.0,1.4018021,4742.3490625,5280.01,3956.72,96,2021,8,Summer,4,0
2021-08-07,22.548897,28.560638,15.683624,3.6613226,3891865.8,0.01738866,0.0,4.548897,4314.812291666666,5073.3,3794.8,96,2021,8,Summer,5,1
2021-08-08,22.400505,24.86499,20.049042,2.6679726,2904081.2,0.015735626,0.0,4.400505,4253.360625,5198.29,3605.38,96,2021,8,Summer,6,1
2021-08-09,21.90966,26.115448,18.555725,2.164584,3829674.5,0.17906824,0.0,3.9096603,4830.666770833333,5642.74,3695.29,96,2021,8,Summer,0,0
2021-08-10,23.167465,28.900177,18.238647,1.9854238,3835084.8,0.00015894572,0.0,5.167465,5010.869479166667,5767.47,4022.9,96,2021,8,Summer,1,0
2021-08-11,23.751274,29.166534,19.385742,2.1457956,3528332.8,0.036621094,0.0,5.751274,5104.595625,5811.82,4091.39,96,2021,8,Summer,2,0
2021-08-12,23.164658,28.729095,18.008179,1.4279941,3125551.0,0.014654796,0.0,5.1646576,5049.3377083333335,5763.16,4098.23,96,2021,8,Summer,3,0
2021-08-13,25.351921,30.874207,20.86142,1.7869234,3503842.2,0.017420452,0.0,7.351921,5039.6814583333335,5748.9,4064.55,96,2021,8,Summer,4,0
2021-08-14,26.29216,32.44989,21.07022,1.2339194,3473075.2,0.10674794,0.0,8.29216,4662.8594791666665,5493.63,3986.1,96,2021,8,Summer,5,1
2021-08-15,26.579514,32.827087,22.299744,1.7813218,3490142.0,0.09676615,0.0,8.579514,4633.4800000000005,5570.72,3793.17,96,2021,8,Summer,6,1
2021-08-16,24.817764,31.627289,21.432861,1.6352806,3478574.8,3.155772,0.0,6.8177643,5232.3670833333335,6105.24,3951.49,96,2021,8,Summer,0,0
2021-08-17,18.054428,19.799133,16.303467,5.0876284,2645504.0,0.6986618,0.0,0.0544281,4889.915208333333,5433.75,4039.38,96,2021,8,Summer,1,0
2021-08-18,16.979927,21.407562,13.08197,2.5154376,2628138.8,0.02269745,0.0,0.0,4694.7960416666665,5361.11,3958.25,96,2021,8,Summer,2,0
2021-08-19,19.102852,24.62085,13.793091,1.5930694,2713758.0,0.0052134194,0.0,1.1028519,4614.5490625,5195.84,3843.19,96,2021,8,Summer,3,0
2021-08-20,20.512283,26.173676,15.37088,1.2687461,2575611.8,0.0024159749,0.0,2.5122833,3930.8140625,4565.86,3466.58,96,2021,8,Summer,4,0
2021-08-21,22.100533,26.831085,17.973724,1.0675164,2828663.5,0.08516312,0.0,4.1005325,4027.0090625,4828.99,3375.33,96,2021,8,Summer,5,1
2021-08-22,22.251442,29.551605,16.59076,1.8351059,3247556.2,0.007661184,0.0,4.251442,4092.1992708333332,5000.68,3413.87,96,2021,8,Summer,6,1
2021-08-23,19.22525,20.923615,17.396576,3.1431854,2338047.8,1.3803482,0.0,1.2252502,4883.667708333333,5499.86,3648.66,96,2021,8,Summer,0,0
2021-08-24,18.119179,21.673767,15.935303,3.6020803,2443106.0,0.08843739,0.0,0.11917877,4866.799166666667,5535.06,4008.1,96,2021,8,Summer,1,0
2021-08-25,16.095215,20.154602,13.492584,3.6784887,2458931.2,0.0013669331,0.0,0.0,4765.519791666667,5411.0,3970.22,96,2021,8,Summer,2,0
2021-08-26,15.013283,19.775818,11.13562,2.5001664,1876049.0,0.74259436,0.48671722,0.0,4818.2503125,5490.16,3915.04,96,2021,8,Summer,3,0
2021-08-27,15.073746,17.895782,13.541718,2.3754187,2658312.8,0.1950582,0.42625427,0.0,4850.066666666667,5396.79,3948.99,96,2021,8,Summer,4,0
2021-08-28,14.813881,19.795166,10.934662,1.1264393,2455146.8,0.06030401,0.6861191,0.0,4261.1925,4893.57,3575.64,96,2021,8,Summer,5,1
2021-08-29,15.621925,19.280396,13.273621,3.9550529,2438284.8,0.14384589,0.0,0.0,4021.893125,4865.69,3451.85,96,2021,8,Summer,6,1
2021-08-30,16.179245,21.173126,13.072845,3.0116637,2622092.8,0.049940743,0.0,0.0,4638.513958333333,5445.1,3441.45,96,2021,8,Summer,0,0
2021-08-31,16.029755,18.40686,13.299377,3.3678107,1829994.8,1.110077,0.0,0.0,4793.630416666667,5554.05,3860.24,96,2021,8,Summer,1,0
2021-09-01,17.399742,19.8378,15.590637,5.7380366,1954794.8,0.02673467,0.0,0.0,4784.4669791666665,5556.69,3905.67,96,2021,9,Autumn,2,0
2021-09-02,16.848633,22.228851,13.349457,3.157427,2582481.2,0.002861023,0.0,0.0,4743.189062500001,5560.02,3891.09,96,2021,9,Autumn,3,0
2021-09-03,16.680138,23.571503,11.157532,1.1131514,3075281.2,0.0,0.0,0.0,4676.040208333333,5406.14,3861.26,96,2021,9,Autumn,4,0
2021-09-04,16.95353,24.826935,11.231689,1.1043683,2761454.8,0.0,0.0,0.0,4122.1251041666665,4856.45,3485.84,96,2021,9,Autumn,5,1
2021-09-05,18.078674,24.63678,13.9808655,1.4460458,2432943.0,0.041929882,0.0,0.07867432,3898.0074999999997,4868.11,3361.6,96,2021,9,Autumn,6,1
2021-09-06,17.408669,23.149109,13.209351,1.5842044,2948894.0,0.0,0.0,0.0,4535.957083333334,5550.49,3390.43,96,2021,9,Autumn,0,0
2021-09-07,16.685936,23.82956,11.502258,1.1429667,2067844.4,0.000445048,0.0,0.0,4772.9265625,5719.45,3878.22,96,2021,9,Autumn,1,0
2021-09-08,18.032326,25.759125,13.254181,2.4994051,2976127.8,0.0,0.0,0.032325745,4749.332083333334,5666.98,3904.61,96,2021,9,Autumn,2,0
2021-09-09,18.24591,26.00354,12.505005,3.3397448,3069913.8,0.0,0.0,0.24591064,4736.2175,5614.22,3903.3,96,2021,9,Autumn,3,0
2021-09-10,17.820892,26.48587,12.143341,2.5527258,3023436.8,0.0,0.0,0.0,4710.653854166667,5534.29,3877.28,96,2021,9,Autumn,4,0
2021-09-11,18.298843,26.841583,11.954193,1.1615951,2936064.0,0.0,0.0,0.29884338,4212.438958333333,5007.68,3580.89,96,2021,9,Autumn,5,1
2021-09-12,19.26278,26.640839,14.681702,1.4745727,2627430.5,0.0032424927,0.0,1.2627792,4030.8133333333335,5023.12,3462.31,96,2021,9,Autumn,6,1
2021-09-13,19.970833,27.19458,15.521179,1.8981981,2265275.8,0.03080368,0.0,1.9708328,4725.4965624999995,5662.3,3519.77,96,2021,9,Autumn,0,0
2021-09-14,19.924675,27.545685,15.396271,1.2009013,2570338.0,0.006389618,0.0,1.924675,4837.237708333333,5683.02,3920.33,96,2021,9,Autumn,1,0
2021-09-15,21.816666,28.644073,17.539948,3.0113435,2695931.8,0.0018119812,0.0,3.8166656,4916.842291666667,5809.97,3909.55,96,2021,9,Autumn,2,0
2021-09-16,22.55574,26.865662,20.177673,2.31963,2304132.2,0.1338005,0.0,4.5557404,4987.505625,5780.65,3996.85,96,2021,9,Autumn,3,0
2021-09-17,18.094849,19.673737,16.714966,4.2480736,1238135.5,2.6283581,0.0,0.09484863,4911.16,5453.98,3912.74,96,2021,9,Autumn,4,0
2021-09-18,15.209572,18.607758,13.081909,2.9418957,1555699.1,0.1704216,0.29042816,0.0,4269.492499999999,4968.04,3560.52,96,2021,9,Autumn,5,1
2021-09-19,14.651077,18.756714,12.796875,2.9246302,2035106.0,0.0030835469,0.8489227,0.0,4022.2513541666667,5000.59,3423.24,96,2021,9,Autumn,6,1
2021-09-20,12.167931,15.231049,10.075104,2.9431868,853175.5,0.2163251,3.3320694,0.0,4838.668333333333,5668.18,3486.67,96,2021,9,Autumn,0,0
2021-09-21,12.18222,16.710724,9.66098,2.7777803,2071978.6,3.1789146e-05,3.3177795,0.0,4891.822395833334,5791.59,3928.35,96,2021,9,Autumn,1,0
2021-09-22,12.312782,14.413757,10.9565735,3.7687042,1026662.4,0.35673776,3.1872177,0.0,5126.4421875,5887.67,3966.87,96,2021,9,Autumn,2,0
2021-09-23,13.236198,18.993378,9.179901,2.57705,1652032.0,9.536744e-05,2.2638016,0.0,4951.738645833333,5868.35,4041.55,96,2021,9,Autumn,3,0
2021-09-24,16.445892,21.667114,12.499908,4.752787,1557226.6,0.007851919,0.0,0.0,4985.961979166666,5764.42,3988.54,96,2021,9,Autumn,4,0
2021-09-25,17.136086,24.211365,12.786041,2.7603939,2496533.2,0.0,0.0,0.0,4411.793125,5241.18,3769.57,96,2021,9,Autumn,5,1
2021-09-26,17.005707,24.107513,12.689636,2.2781177,2290376.5,0.0,0.0,0.0,4211.133125,5241.44,3599.15,96,2021,9,Autumn,6,1
2021-09-27,16.778221,18.012024,16.272858,1.6318495,560302.94,1.0816256,0.0,0.0,5012.764270833333,5862.18,3614.88,96,2021,9,Autumn,0,0
2021-09-28,18.208748,22.56369,16.151337,3.0813518,1712239.0,0.21540323,0.0,0.20874786,5068.1665625,5864.51,4060.52,96,2021,9,Autumn,1,0
2021-09-29,14.995041,18.779663,12.097778,1.4628128,1007069.9,0.62173206,0.5049591,0.0,5218.170833333334,5973.95,4061.91,96,2021,9,Autumn,2,0
2021-09-30,13.895081,16.502441,11.239136,2.8690937,1050944.0,0.32113394,1.6049194,0.0,5234.2921875,5889.26,4098.16,96,2021,9,Autumn,3,0
2021-10-01,11.4719925,18.384064,6.252899,2.6588101,2269555.2,0.0,4.0280075,0.0,5028.230416666666,5817.42,4072.03,96,2021,10,Autumn,4,0
2021-10-02,14.013458,19.00769,10.920685,3.7151926,2268748.8,0.00012715659,1.4865417,0.0,4440.297604166667,5311.53,3750.56,96,2021,10,Autumn,5,1
2021-10-03,16.073502,22.613953,10.786804,5.9570603,2224921.8,0.0,0.0,0.0,4236.105520833334,5339.2,3644.95,96,2021,10,Autumn,6,1
2021-10-04,18.995079,24.360596,14.7836,4.2832303,2148719.0,0.0,0.0,0.99507904,4897.268229166667,5957.37,3683.51,96,2021,10,Autumn,0,0
2021-10-05,18.81009,24.211151,14.887909,4.8889904,2056349.9,0.000667572,0.0,0.8100891,4968.741875000001,5924.17,4076.82,96,2021,10,Autumn,1,0
2021-10-06,13.689476,16.847687,11.840179,3.367062,558208.0,1.06376,1.810524,0.0,5295.503541666667,6019.52,4056.82,96,2021,10,Autumn,2,0
2021-10-07,11.909836,12.8567505,11.0538025,3.1998484,295172.25,2.6769955,3.5901642,0.0,5202.485104166667,5912.46,4132.61,96,2021,10,Autumn,3,0
2021-10-08,11.2378845,14.343292,9.236389,2.6995888,1414383.0,0.010140737,4.2621155,0.0,5036.1641666666665,5812.26,4058.08,96,2021,10,Autumn,4,0
2021-10-09,8.678833,13.777863,5.5088806,2.7264028,2147392.0,0.0,6.821167,0.0,4502.341666666666,5394.02,3818.1,96,2021,10,Autumn,5,1
2021-10-10,7.63501,9.207031,5.851776,2.7237008,637977.6,0.37628812,7.86499,0.0,4513.621875,5407.13,3664.63,96,2021,10,Autumn,6,1
2021-10-11,10.682747,13.765167,9.073547,3.7897599,1125009.1,0.000890096,4.817253,0.0,5186.332708333333,6031.92,3734.35,96,2021,10,Autumn,0,0
2021-10-12,9.515099,12.368713,7.664551,3.967564,1122235.8,0.052261353,5.9849014,0.0,5227.784166666666,6125.65,4151.2,96,2021,10,Autumn,1,0
2021-10-13,8.010857,10.565491,6.9656677,4.6145086,1515037.9,0.41166937,7.4891434,0.0,5351.553541666667,6200.21,4262.29,96,2021,10,Autumn,2,0
2021-10-14,7.305176,12.739838,3.771576,2.8589902,1713634.1,0.00044504803,8.194824,0.0,5335.7521875,6134.58,4258.83,96,2021,10,Autumn,3,0
2021-10-15,8.053078,14.006348,5.1359253,2.1178455,1851925.4,0.0073432922,7.4469223,0.0,5218.267708333334,6048.29,4332.36,96,2021,10,Autumn,4,0
2021-10-16,9.004181,15.5329895,5.527466,2.459314,1771878.4,0.00073115027,6.495819,0.0,4724.247083333333,5493.76,3965.66,96,2021,10,Autumn,5,1
2021-10-17,6.2406693,14.313843,0.92141724,0.89030355,1841420.8,0.0,9.259331,0.0,4482.701458333334,5537.08,3852.53,96,2021,10,Autumn,6,1
2021-10-18,7.9966965,13.935242,5.350647,1.8879101,1588206.9,0.0,7.5033035,0.0,5302.9383333333335,6247.19,3904.61,96,2021,10,Autumn,0,0
2021-10-19,8.677673,15.924561,3.8729248,2.8526735,1787229.9,0.0,6.8223267,0.0,5382.191770833333,6317.32,4404.31,96,2021,10,Autumn,1,0
2021-10-20,13.205154,18.759674,8.653412,4.6898603,1750617.6,0.037797295,2.2948456,0.0,5360.315833333333,6233.99,4394.92,96,2021,10,Autumn,2,0
2021-10-21,15.157166,20.201508,12.159088,5.1810384,1283511.5,0.60742694,0.34283447,0.0,5401.747916666666,6158.84,4350.55,96,2021,10,Autumn,3,0
2021-10-22,11.25808,14.392487,8.907135,1.8821979,661785.56,0.37463507,4.2419205,0.0,5270.470729166666,5941.36,4234.12,96,2021,10,Autumn,4,0
2021-10-23,9.024078,12.782959,7.0733643,3.4728098,1134297.6,0.0020980835,6.4759216,0.0,4420.0034375000005,5198.42,3830.92,96,2021,10,Autumn,5,1
2021-10-24,5.8523636,13.059906,0.5911865,1.6374757,1645192.5,0.0,9.647636,0.0,4464.803124999999,5483.76,3717.11,96,2021,10,Autumn,6,1
2021-10-25,6.4681473,13.503326,2.2339172,3.6212635,1710899.2,0.0,9.031853,0.0,5230.6665625,6186.11,3935.08,96,2021,10,Autumn,0,0
2021-10-26,6.250412,12.060974,1.8524475,1.9439427,1586359.5,0.0,9.249588,0.0,5395.624375,6263.42,4411.64,96,2021,10,Autumn,1,0
2021-10-27,7.158119,14.871918,2.6696167,0.9747975,1590660.2,0.0,8.341881,0.0,5403.715208333333,6248.13,4459.16,96,2021,10,Autumn,2,0
2021-10-28,6.512993,14.339081,2.0700989,2.8089123,1615065.6,0.0,8.987007,0.0,5384.679270833333,6216.92,4427.46,96,2021,10,Autumn,3,0
2021-10-29,7.2409515,14.714783,2.0880127,2.9863002,1593292.9,0.0,8.259048,0.0,5328.761770833334,6098.48,4447.48,96,2021,10,Autumn,4,0
2021-10-30,8.349632,13.63858,4.310974,4.303468,1521830.5,0.0,7.1503677,0.0,4766.3703125,5537.5,4028.47,96,2021,10,Autumn,5,1
2021-10-31,9.329796,14.477142,5.515259,4.330577,1528136.6,0.0,6.170204,0.0,4483.838645833333,5260.48,3857.57,96,2021,10,Autumn,6,1
2021-11-01,10.454605,15.360626,5.9065857,5.097109,1364505.6,0.012811025,5.045395,0.0,4357.669791666666,5153.41,3716.79,96,2021,11,Autumn,0,0
2021-11-02,8.222679,10.569031,5.8067017,2.2126575,153544.53,1.6739844,7.277321,0.0,5413.769166666667,6297.81,3646.47,96,2021,11,Autumn,1,0
2021-11-03,8.677971,13.255005,4.893341,4.528008,1344541.9,0.2193133,6.822029,0.0,5459.860833333333,6290.82,4312.85,96,2021,11,Autumn,2,0
2021-11-04,12.75766,16.487366,9.297272,4.813306,1246391.5,1.6064007,2.74234,0.0,5544.1284375,6287.19,4296.5,96,2021,11,Autumn,3,0
2021-11-05,7.370056,11.296173,4.626526,2.6131377,1323746.1,0.0,8.129944,0.0,5478.0115625,6269.12,4302.73,96,2021,11,Autumn,4,0
2021-11-06,6.4182434,11.833557,2.2963257,1.9620973,1407581.9,0.0,9.081757,0.0,4869.058958333333,5653.9,4188.68,96,2021,11,Autumn,5,1
2021-11-07,8.3761215,12.123169,6.430908,1.4413832,1262357.2,0.043296814,7.1238785,0.0,4752.0001041666665,5556.81,3843.66,96,2021,11,Autumn,6,1
2021-11-08,7.4452286,10.710907,4.8234863,2.2383952,657437.9,0.12836456,8.054771,0.0,5434.561041666667,6277.46,3870.17,96,2021,11,Autumn,0,0
2021-11-09,5.7265396,11.90683,2.5720215,1.967181,1370671.0,0.0,9.77346,0.0,5498.409479166666,6373.36,4408.06,96,2021,11,Autumn,1,0
2021-11-10,5.380333,8.990845,2.3447266,4.169342,1195025.1,0.0,10.119667,0.0,5646.9571875,6520.84,4479.43,96,2021,11,Autumn,2,0
2021-11-11,5.5996246,7.572235,3.979248,3.134742,896128.0,0.00019073488,9.900375,0.0,5659.103749999999,6455.66,4519.35,96,2021,11,Autumn,3,0
2021-11-12,4.8515472,8.216431,3.1560364,0.7354561,824290.1,0.0057538347,10.648453,0.0,5614.367812500001,6418.74,4549.54,96,2021,11,Autumn,4,0
2021-11-13,3.9449387,5.7628174,1.9057617,2.1401474,415193.6,0.0222524,11.555061,0.0,5337.731875,6034.8,4429.27,96,2021,11,Autumn,5,1
2021-11-14,5.7379303,6.6125183,5.3031006,1.8209815,206903.47,0.049972534,9.76207,0.0,4929.21375,5675.97,4026.92,96,2021,11,Autumn,6,1
2021-11-15,6.374878,8.154999,5.010315,1.0613794,924322.1,0.00082651776,9.125122,0.0,5474.428854166667,6435.56,4037.98,96,2021,11,Autumn,0,0
2021-11-16,6.3514786,10.274353,4.0385437,2.8346343,949427.2,0.0006039937,9.148521,0.0,5636.965729166666,6518.06,4456.7,96,2021,11,Autumn,1,0
2021-11-17,5.834343,6.845215,4.9212646,1.9811168,633211.75,0.004418691,9.665657,0.0,5713.654374999999,6560.92,4527.94,96,2021,11,Autumn,2,0
2021-11-18,7.60833,10.635742,6.2632446,3.1353283,999680.0,0.02040863,7.89167,0.0,5696.758541666666,6530.93,4524.89,96,2021,11,Autumn,3,0
2021-11-19,7.9695663,11.434998,4.836212,2.8971608,287705.6,3.1789146e-05,7.5304337,0.0,5683.525312500001,6455.57,4493.79,96,2021,11,Autumn,4,0
2021-11-20,8.826736,12.683502,5.6132812,4.0133796,923511.44,0.0,6.6732635,0.0,5043.628229166667,5816.42,4334.07,96,2021,11,Autumn,5,1
2021-11-21,4.4226303,7.44928,2.4935913,1.9422808,765580.8,0.0029881794,11.07737,0.0,4926.8903125,5729.81,4031.47,96,2021,11,Autumn,6,1
2021-11-22,5.732971,7.1420593,4.3638916,2.7335892,367731.2,0.06631216,9.767029,0.0,5612.17875,6521.96,4032.78,96,2021,11,Autumn,0,0
2021-11-23,3.2376175,6.276581,0.5771179,3.6359997,1074961.1,0.0025113425,12.2623825,0.0,5673.613854166667,6617.1,4427.27,96,2021,11,Autumn,1,0
2021-11-24,0.5239334,6.4260254,-3.0220337,1.867234,1136610.1,0.0,14.976067,0.0,5806.516979166667,6710.26,4705.07,96,2021,11,Autumn,2,0
2021-11-25,2.4924927,6.007202,-0.87783813,4.0416765,895948.8,0.0005722046,13.007507,0.0,5931.740729166667,6718.56,4681.85,96,2021,11,Autumn,3,0
2021-11-26,2.5841293,3.60849,1.3765259,2.2791076,71812.266,2.40736,12.915871,0.0,5877.6996875,6660.86,4590.94,96,2021,11,Autumn,4,0
2021-11-27,1.7788086,3.817627,-0.3111267,2.4359758,505139.2,0.03299713,13.721191,0.0,5333.382395833333,6010.91,4471.05,96,2021,11,Autumn,5,1
2021-11-28,4.003456,5.220154,2.7737427,1.2716205,175837.86,0.8265177,11.496544,0.0,5056.553541666667,5775.97,4108.52,96,2021,11,Autumn,6,1
2021-11-29,2.32547,3.9841003,1.4474792,5.228718,884492.8,0.15201569,13.17453,0.0,5749.2140625,6715.48,4148.09,96,2021,11,Autumn,0,0
2021-11-30,2.2997818,5.1615906,0.48687744,4.6195908,898205.9,0.54457986,13.200218,0.0,5872.684270833332,6787.65,4662.3,96,2021,11,Autumn,1,0
2021-12-01,5.9894104,8.204498,3.7648926,4.668828,590361.6,0.12089412,9.51059,0.0,5827.291875,6638.28,4602.56,96,2021,12,Winter,2,0
2021-12-02,6.6978073,7.784546,5.436096,1.827341,121783.47,2.058951,8.802193,0.0,5882.998437499999,6706.76,4527.02,96,2021,12,Winter,3,0
2021-12-03,2.9344177,4.8623962,-0.7536926,3.7243,948868.25,0.17665227,12.565582,0.0,5838.393229166667,6690.14,4587.86,96,2021,12,Winter,4,0
2021-12-04,-0.20996857,3.676117,-3.0604248,4.023303,868121.6,0.001335144,15.709969,0.0,5506.5128125,6252.64,4682.36,96,2021,12,Winter,5,1
2021-12-05,1.271492,2.1948853,0.6225586,1.9739437,341576.53,1.0108948,14.228508,0.0,5318.566979166667,6021.15,4351.39,96,2021,12,Winter,6,1
2021-12-06,2.0206833,4.2038574,0.8318176,4.5649033,621367.44,0.39590198,13.479317,0.0,5965.8271875,6808.01,4364.64,96,2021,12,Winter,0,0
2021-12-07,-0.12641144,2.9187622,-2.1770325,3.4395497,1015300.25,0.0,15.626411,0.0,6057.305520833333,6919.31,4813.7,96,2021,12,Winter,1,0
2021-12-08,0.07940674,4.3050537,-3.963379,3.7072048,941952.0,3.1789146e-05,15.420593,0.0,6052.734791666667,6957.11,4901.25,96,2021,12,Winter,2,0
2021-12-09,0.60510254,1.2398071,0.15026855,3.7728753,97245.87,3.1949043,14.894897,0.0,6278.653229166666,7109.53,4842.66,96,2021,12,Winter,3,0
2021-12-10,-0.21317291,0.48361206,-1.2346802,3.017805,1030237.9,0.0034332275,15.713173,0.0,6168.761666666666,6944.39,4883.08,96,2021,12,Winter,4,0
2021-12-11,0.9246979,1.2637329,0.3352661,2.874329,671389.9,0.0047683716,14.575302,0.0,5830.4766666666665,6556.92,4768.12,96,2021,12,Winter,5,1
2021-12-12,1.2869415,2.36557,0.58670044,7.895369,997290.7,0.00038146973,14.213058,0.0,5451.753958333334,6535.74,4501.46,96,2021,12,Winter,6,1
2021-12-13,2.4448395,4.3942566,0.24230957,4.089037,361672.53,0.059286755,13.0551605,0.0,6018.25875,6908.13,4502.83,96,2021,12,Winter,0,0
2021-12-14,3.1179123,5.4501953,1.6321106,1.7252307,492142.94,0.011698405,12.382088,0.0,6144.059270833332,6940.67,4935.09,96,2021,12,Winter,1,0
2021-12-15,4.70961,6.690277,3.2633057,2.377821,624674.1,0.00890096,10.79039,0.0,6123.33875,6891.67,4905.08,96,2021,12,Winter,2,0
2021-12-16,6.019539,7.3081055,4.799011,4.243352,340296.53,0.015672049,9.480461,0.0,5997.75,6744.98,4769.0,96,2021,12,Winter,3,0
2021-12-17,6.100403,7.468231,4.820587,6.5087442,603938.1,0.027688343,9.399597,0.0,5797.135416666667,6611.76,4688.53,96,2021,12,Winter,4,0
2021-12-18,4.6218033,5.8911743,3.5428772,5.533361,508125.88,0.0019073486,10.878197,0.0,5310.9141666666665,6084.87,4517.64,96,2021,12,Winter,5,1
2021-12-19,4.982834,7.081848,3.684845,5.3171716,899025.06,0.0021934512,10.517166,0.0,5165.573541666667,5886.34,4221.87,96,2021,12,Winter,6,1
2021-12-20,3.5537796,5.22171,2.3242188,6.610573,731413.3,0.1185735,11.94622,0.0,5551.740000000001,6452.93,4238.74,96,2021,12,Winter,0,0
2021-12-21,0.07531738,3.1634521,-2.4223633,2.4289498,980283.75,0.00050862634,15.424683,0.0,5651.173229166667,6482.14,4537.52,96,2021,12,Winter,1,0
2021-12-22,-2.239624,1.4348755,-4.466675,0.9125379,846779.75,0.011571248,17.739624,0.0,5725.926145833334,6527.75,4604.02,96,2021,12,Winter,2,0
2021-12-23,-2.611786,-0.06463623,-5.058563,3.404364,512426.66,0.0,18.111786,0.0,5640.082708333332,6496.49,4556.19,96,2021,12,Winter,3,0
2021-12-24,2.629219,5.4720154,-0.7864685,3.522659,345728.0,0.4108747,12.870781,0.0,4918.966354166667,5660.25,4072.83,96,2021,12,Winter,4,0
2021-12-25,4.0932846,7.522156,2.1263428,2.191539,441932.8,0.44002536,11.406715,0.0,4473.311875,4934.49,3638.24,96,2021,12,Winter,5,1
2021-12-26,-0.40868378,0.3869934,-1.4780273,1.4577467,523673.6,0.3488859,15.908684,0.0,4653.725520833334,5213.87,3793.27,96,2021,12,Winter,6,1
2021-12-27,0.35839844,1.5783997,-0.47705078,1.629034,546525.9,0.00054041547,15.141602,0.0,5133.695520833334,5865.47,3913.17,96,2021,12,Winter,0,0
2021-12-28,0.48493195,1.0857239,0.02734375,3.2664428,451225.6,0.013033549,15.015068,0.0,5277.489479166667,6017.21,4119.66,96,2021,12,Winter,1,0
2021-12-29,3.0118256,5.0430603,1.0874634,1.7252378,425267.2,1.1710485,12.488174,0.0,5161.941770833333,5858.45,4109.15,96,2021,12,Winter,2,0
2021-12-30,5.0591583,6.534485,3.5358276,2.2313292,269580.8,0.21686554,10.440842,0.0,5083.149375,5828.28,4007.5,96,2021,12,Winter,3,0
2021-12-31,9.173012,14.5815735,6.845978,2.4672751,898568.56,0.06812414,6.326988,0.0,4676.0734375,5485.96,3816.9,96,2021,12,Winter,4,0
2022-01-01,10.678162,14.631683,6.445221,3.9993272,696960.0,0.0026067097,4.8218384,0.0,4187.420520833333,4831.46,3647.42,96,2022,1,Winter,5,1
2022-01-02,7.0102158,12.137207,3.292694,2.804859,979712.0,0.0,8.489784,0.0,4515.690625,5417.91,3527.81,96,2022,1,Winter,6,1
2022-01-03,7.4077606,12.122681,4.663452,2.3923316,682555.75,0.00054041547,8.092239,0.0,5301.972291666667,6123.44,3779.41,96,2022,1,Winter,0,0
2022-01-04,8.392685,10.707916,5.7088013,5.1870823,316407.47,0.025399525,7.107315,0.0,5433.194375,6231.23,4146.82,96,2022,1,Winter,1,0
2022-01-05,7.8419266,9.916748,5.821808,4.7657776,112136.53,1.4190038,7.6580734,0.0,5556.125416666667,6336.2,4192.92,96,2022,1,Winter,2,0
2022-01-06,3.6183014,6.182495,1.6834106,4.5479116,868915.2,0.106461845,11.881699,0.0,5675.114895833333,6403.14,4354.83,96,2022,1,Winter,3,0
2022-01-07,-2.1995087,2.2459717,-5.3012695,2.0177119,1143074.1,0.0,17.699509,0.0,5691.249479166666,6552.71,4540.39,96,2022,1,Winter,4,0
2022-01-08,-2.742958,0.23010254,-5.5335083,2.0772953,1019404.8,0.0,18.242958,0.0,5502.831354166668,6156.28,4623.91,96,2022,1,Winter,5,1
2022-01-09,-1.8957901,0.26712036,-4.563568,3.1612768,499938.12,0.05016327,17.39579,0.0,5300.0515625,6025.87,4403.43,96,2022,1,Winter,6,1
2022-01-10,0.5624924,2.6530457,-0.8946228,2.6782513,780407.44,0.22757846,14.937508,0.0,5881.027916666667,6729.47,4393.02,96,2022,1,Winter,0,0
2022-01-11,-0.9143295,1.6416321,-2.6922607,5.2086525,997427.2,0.001303355,16.41433,0.0,6083.761770833334,6905.49,4815.69,96,2022,1,Winter,1,0
2022-01-12,-3.457672,-1.3768921,-5.2888794,4.227667,866397.9,0.0,18.957672,0.0,6148.786666666667,7020.34,4950.03,96,2022,1,Winter,2,0
2022-01-13,-0.35151672,3.7761536,-3.5928345,2.637385,885427.2,0.0006993612,15.851517,0.0,6203.264791666667,6959.61,5109.69,96,2022,1,Winter,3,0
2022-01-14,3.4577103,9.697052,-1.1765137,3.7604961,1149696.0,0.0,12.04229,0.0,5988.7315625,6731.57,4950.02,96,2022,1,Winter,4,0
2022-01-15,3.736267,6.828308,-0.19976807,4.26577,1079385.6,0.0033696492,11.763733,0.0,5434.130833333334,6142.59,4682.4,96,2022,1,Winter,5,1
2022-01-16,-1.0138931,4.828064,-4.6705627,2.338173,1185096.5,0.0,16.513893,0.0,5401.713333333333,6164.3,4509.29,96,2022,1,Winter,6,1
2022-01-17,4.5682983,7.290283,2.4752808,6.306614,925636.25,0.32342273,10.931702,0.0,6072.922083333334,6823.24,4548.06,96,2022,1,Winter,0,0
2022-01-18,2.2735443,5.2192383,0.2088623,5.1999125,1152021.4,0.00041325888,13.226456,0.0,5983.3778125,6819.75,4849.14,96,2022,1,Winter,1,0
2022-01-19,-0.8165283,4.216339,-5.2494507,2.6151428,1200204.8,0.0,16.316528,0.0,6075.461666666666,6887.68,4993.31,96,2022,1,Winter,2,0
2022-01-20,0.2772751,4.4222107,-2.5983276,3.0820885,730278.4,0.08920034,15.222725,0.0,6282.889583333334,6951.82,5004.96,96,2022,1,Winter,3,0
2022-01-21,0.1321106,1.708252,-1.6281738,5.044367,1093952.0,0.20755133,15.367889,0.0,6110.4314583333335,6921.65,5006.69,96,2022,1,Winter,4,0
2022-01-22,0.56842804,2.3034363,-0.66467285,5.3211617,1017194.7,0.818793,14.931572,0.0,5619.4971875,6315.13,4838.9,96,2022,1,Winter,5,1
2022-01-23,-0.5821686,1.5820923,-3.1228943,3.8789372,406519.47,0.08147557,16.082169,0.0,5428.751145833333,6173.25,4534.24,96,2022,1,Winter,6,1
2022-01-24,-2.8497314,-0.24032593,-4.5990906,1.9514978,1233160.5,0.048542023,18.349731,0.0,6092.971875,7016.46,4681.93,96,2022,1,Winter,0,0
2022-01-25,-1.6957245,1.5834045,-6.1506653,2.2535903,700731.75,0.006008148,17.195724,0.0,6418.0665625,7116.27,5220.34,96,2022,1,Winter,1,0
2022-01-26,2.1710968,3.3171387,1.4572449,3.398553,815654.4,0.002257029,13.328903,0.0,6296.704687500001,6944.84,5083.83,96,2022,1,Winter,2,0
2022-01-27,1.704834,4.984894,-0.4057312,2.6104608,1115464.5,0.00079472864,13.795166,0.0,6177.9296875,6868.8,5037.64,96,2022,1,Winter,3,0
2022-01-28,5.059189,7.105377,3.701416,6.934398,1291665.1,0.09222031,10.440811,0.0,5977.1485416666665,6723.17,4919.27,96,2022,1,Winter,4,0
2022-01-29,3.0749054,5.8850403,0.62768555,4.3025928,699080.56,0.33435822,12.425095,0.0,5465.463645833333,6178.14,4722.11,96,2022,1,Winter,5,1
2022-01-30,5.873474,9.219513,2.619049,6.8886466,1349614.9,0.05051295,9.626526,0.0,5072.3045833333335,5857.54,4352.78,96,2022,1,Winter,6,1
2022-01-31,2.9492874,4.3794556,1.4755859,3.3237352,765708.8,0.002002716,12.550713,0.0,5933.334895833334,6715.15,4396.85,96,2022,1,Winter,0,0
2022-02-01,2.512123,4.6086426,1.4111023,3.7997322,1086344.5,0.053246815,12.987877,0.0,5992.550416666666,6754.31,4840.92,96,2022,2,Winter,1,0
2022-02-02,4.45549,7.1351624,1.8873901,6.34087,1309704.5,0.76618195,11.04451,0.0,6048.5165625,6735.84,4943.99,96,2022,2,Winter,2,0
2022-02-03,4.6008224,7.477844,2.7954712,4.224487,1335748.2,9.536743e-05,10.899178,0.0,5883.529062500001,6702.28,4836.25,96,2022,2,Winter,3,0
2022-02-04,4.914978,9.342316,2.2870789,2.769737,1316036.2,0.0,10.585022,0.0,5848.081458333333,6572.94,4824.42,96,2022,2,Winter,4,0
2022-02-05,4.0152283,8.271759,1.449646,3.693366,1505493.4,0.0,11.484772,0.0,5345.889062499999,5979.96,4657.37,96,2022,2,Winter,5,1
2022-02-06,2.9913864,6.41098,-0.40576172,4.2673697,832584.56,0.0,12.508614,0.0,5169.6153125,5868.34,4374.23,96,2022,2,Winter,6,1
2022-02-07,5.8064117,7.023987,4.80307,6.3118753,1513753.6,0.5434672,9.693588,0.0,5825.279374999999,6609.37,4284.66,96,2022,2,Winter,0,0
2022-02-08,5.733345,8.533813,3.3911133,5.8640337,1518058.6,0.038846333,9.766655,0.0,5758.9591666666665,6513.27,4767.67,96,2022,2,Winter,1,0
2022-02-09,8.400063,12.712341,6.7362976,2.3907514,1437883.8,0.018310547,7.0999374,0.0,5653.043541666667,6477.97,4656.26,96,2022,2,Winter,2,0
2022-02-10,4.3546753,11.195099,-1.5029297,1.8840201,1614254.9,0.0,11.145325,0.0,5674.618125,6459.75,4734.7,96,2022,2,Winter,3,0
2022-02-11,4.829384,10.544952,0.017211914,3.0965252,1348706.1,0.032488506,10.670616,0.0,5708.795208333333,6461.93,4722.89,96,2022,2,Winter,4,0
2022-02-12,3.4499893,7.63089,1.2013855,2.8685403,1390775.5,0.00015894574,12.050011,0.0,5147.027395833334,5905.47,4575.43,96,2022,2,Winter,5,1
2022-02-13,1.3319778,6.913788,-2.7674255,3.2641988,1732198.4,0.0,14.168022,0.0,5034.829791666666,5902.81,4384.55,96,2022,2,Winter,6,1
2022-02-14,3.2873764,8.582336,-1.626648,4.5665655,1677410.1,0.0011444092,12.212624,0.0,5692.622291666667,6484.55,4404.49,96,2022,2,Winter,0,0
2022-02-15,5.3062744,10.912445,0.2871399,1.87474,1565132.8,0.020535788,10.193726,0.0,5683.470625000001,6451.73,4667.18,96,2022,2,Winter,1,0
2022-02-16,7.0015793,10.668182,4.158722,3.4644537,1745860.4,1.1008899,8.498421,0.0,5737.971770833334,6516.95,4643.37,96,2022,2,Winter,2,0
2022-02-17,9.614708,14.19754,6.573181,6.056354,1591645.9,0.20055771,5.885292,0.0,5699.173229166667,6413.69,4621.06,96,2022,2,Winter,3,0
2022-02-18,9.374222,13.478851,4.971161,4.786805,1538385.0,0.0020345051,6.125778,0.0,5543.613958333332,6275.32,4573.14,96,2022,2,Winter,4,0
2022-02-19,9.381493,11.153015,7.691223,3.6040733,709474.1,0.006739299,6.1185074,0.0,5219.6434375,5924.05,4423.74,96,2022,2,Winter,5,1
2022-02-20,6.4464264,10.682373,3.2732239,4.4749303,1388770.1,0.061988834,9.053574,0.0,4879.919583333333,5719.72,4128.38,96,2022,2,Winter,6,1
2022-02-21,6.5027313,8.433289,5.4871826,4.376946,476416.0,0.3241221,8.997269,0.0,5729.449791666667,6448.54,4179.63,96,2022,2,Winter,0,0
2022-02-22,5.464157,8.798523,3.4513855,4.7961526,1345996.8,0.095303856,10.035843,0.0,5574.775000000001,6416.4,4586.15,96,2022,2,Winter,1,0
2022-02-23,6.0050507,10.937775,3.754486,4.3569164,1713902.9,0.50255454,9.494949,0.0,5679.0009375,6418.16,4620.75,96,2022,2,Winter,2,0
2022-02-24,5.3587036,12.5401,-1.1727905,3.756711,1932245.4,0.0,10.141296,0.0,5551.0075,6449.64,4698.37,96,2022,2,Winter,3,0
2022-02-25,4.8618393,8.279327,1.2043762,3.4652867,1095543.5,0.0046730037,10.638161,0.0,5599.966458333333,6368.32,4646.21,96,2022,2,Winter,4,0
2022-02-26,3.9035645,7.386322,0.86331177,3.782024,1264456.6,0.057474773,11.596436,0.0,5102.040416666667,5788.51,4504.49,96,2022,2,Winter,5,1
2022-02-27,3.5681,8.326447,-0.25964355,3.8397422,1888311.5,3.1789146e-05,11.9319,0.0,4907.622395833333,5766.79,4112.97,96,2022,2,Winter,6,1
2022-02-28,1.8764191,4.244934,-0.44067383,3.912632,1777792.0,0.1665433,13.623581,0.0,5750.518645833334,6587.73,4255.06,96,2022,2,Winter,0,0
2022-03-01,0.8300705,6.328003,-3.9562073,2.8483224,2023581.9,0.0,14.6699295,0.0,5661.733229166667,6576.24,4784.86,96,2022,3,Spring,1,0
2022-03-02,0.4573593,6.2731323,-4.118469,2.458473,2130914.2,0.0,15.042641,0.0,5687.590729166666,6590.09,4831.92,96,2022,3,Spring,2,0
2022-03-03,0.71590424,7.4122314,-4.058136,2.761713,2068966.4,0.0,14.784096,0.0,5695.6325,6563.8,4804.01,96,2022,3,Spring,3,0
2022-03-04,0.9968567,4.675537,-2.2456665,3.0349414,1423168.0,0.024795532,14.503143,0.0,5787.958125,6555.63,4731.07,96,2022,3,Spring,4,0
2022-03-05,1.5822449,5.131592,-1.2891235,1.793268,1512375.5,0.08792877,13.917755,0.0,5321.0893750000005,5955.36,4655.11,96,2022,3,Spring,5,1
2022-03-06,1.7673035,5.3568115,-0.92736816,2.6740212,1423475.2,0.008042654,13.732697,0.0,4960.762291666667,5902.73,4310.0,96,2022,3,Spring,6,1
2022-03-07,0.5226288,2.0749817,-1.4274597,4.6197567,1478720.0,0.0020345054,14.977371,0.0,5873.300729166666,6729.78,4392.85,96,2022,3,Spring,0,0
2022-03-08,1.3264999,7.160095,-3.078827,3.6856117,1865420.9,0.0014940898,14.1735,0.0,5759.408333333333,6551.13,4868.4,96,2022,3,Spring,1,0
2022-03-09,2.9965057,8.924561,-2.0231628,3.427895,1877329.0,0.0012079874,12.503494,0.0,5812.3907291666665,6538.26,4806.91,96,2022,3,Spring,2,0
2022-03-10,2.9479523,6.4504395,0.8629761,2.5837314,1588356.2,0.010045369,12.552048,0.0,5696.564791666667,6666.06,4731.59,96,2022,3,Spring,3,0
2022-03-11,-1.117363,3.4535828,-5.479492,2.139918,2431390.0,0.0,16.617363,0.0,5626.346875,6536.48,4918.67,96,2022,3,Spring,4,0
2022-03-12,-0.76919556,5.8056946,-5.3158875,2.9747765,2437516.8,0.0,16.269196,0.0,5110.5867708333335,5957.67,4621.69,96,2022,3,Spring,5,1
2022-03-13,2.192833,10.004028,-3.574829,3.4443948,2458197.2,0.0,13.307167,0.0,4765.419479166667,5672.24,4218.53,96,2022,3,Spring,6,1
2022-03-14,5.6744156,12.608612,0.43600464,4.0586376,2473549.0,0.0,9.825584,0.0,4661.965416666667,5602.17,4196.89,96,2022,3,Spring,0,0
2022-03-15,7.1478577,14.164581,1.2124329,3.6362345,1964706.1,0.0,8.352142,0.0,4509.5384375,5491.86,4056.39,96,2022,3,Spring,1,0
2022-03-16,8.588425,9.37561,7.151642,4.131567,1372172.9,0.18930437,6.9115753,0.0,5499.275416666666,6282.12,3904.1,96,2022,3,Spring,2,0
2022-03-17,5.6438065,11.661438,1.0419312,2.2195148,2517580.8,0.0,9.856194,0.0,5496.967083333333,6355.83,4584.13,96,2022,3,Spring,3,0
2022-03-18,3.8988266,10.087677,0.19946289,1.9002098,2141943.5,0.0005722046,11.601173,0.0,5525.2190625,6322.08,4628.43,96,2022,3,Spring,4,0
2022-03-19,4.952614,10.946533,0.79052734,1.7114443,2143552.0,0.08052191,10.547386,0.0,5005.87625,5844.26,4597.73,96,2022,3,Spring,5,1
2022-03-20,3.7506332,9.557526,-0.3597412,3.396868,2690692.5,0.0,11.749367,0.0,4793.124583333333,5847.74,4259.87,96,2022,3,Spring,6,1
2022-03-21,2.979889,11.388306,-2.9275513,1.7775086,2762001.0,0.0,12.520111,0.0,5319.869166666666,6405.27,4343.08,96,2022,3,Spring,0,0
2022-03-22,5.914551,14.962769,-1.2459106,0.81421524,2751095.5,0.0,9.585449,0.0,5306.721666666667,6307.09,4615.75,96,2022,3,Spring,1,0
2022-03-23,7.7427444,18.549133,1.1366272,1.7966357,2845670.5,0.0,7.7572556,0.0,5249.46125,6295.34,4528.47,96,2022,3,Spring,2,0
2022-03-24,9.639206,20.224152,2.0017395,2.909563,2830148.2,0.0,5.860794,0.0,5193.544583333333,6166.23,4492.61,96,2022,3,Spring,3,0
2022-03-25,9.3032,17.675323,2.795166,2.014494,2846297.5,0.0,6.1968,0.0,5106.160520833333,6067.33,4382.62,96,2022,3,Spring,4,0
2022-03-26,10.043785,18.475922,3.5775146,2.457835,2871108.2,0.0,5.456215,0.0,4761.612708333333,5580.22,4312.13,96,2022,3,Spring,5,1
2022-03-27,11.484833,16.654724,7.529419,2.80726,2688448.2,0.0,4.015167,0.0,4384.6485416666665,5483.62,3847.44,96,2022,3,Spring,6,1
2022-03-28,11.510521,19.73642,4.722534,1.6245991,2869090.0,0.0,3.989479,0.0,4983.224270833333,6039.48,3984.57,96,2022,3,Spring,0,0
2022-03-29,13.522049,21.530273,7.6054688,2.3730216,2799535.0,0.0,1.977951,0.0,5082.027708333333,6027.15,4311.48,96,2022,3,Spring,1,0
2022-03-30,12.1884,16.139984,7.8888855,2.9870863,1993237.4,0.029945374,3.3115997,0.0,5253.450208333333,6021.37,4307.5,96,2022,3,Spring,2,0
2022-03-31,9.451942,10.447998,8.549591,2.4377177,371741.88,2.626896,6.0480576,0.0,5489.1076041666665,6091.38,4298.91,96,2022,3,Spring,3,0
2022-04-01,5.802429,7.7835083,4.4258423,4.600635,1091524.2,1.1978468,9.697571,0.0,5411.32875,5978.85,4317.8,96,2022,4,Spring,4,0
2022-04-02,2.5261993,4.759033,1.3446045,5.7425117,1552192.0,0.26931763,12.973801,0.0,5026.633958333333,5645.99,4280.56,96,2022,4,Spring,5,1
2022-04-03,2.3069,5.054474,0.8686218,5.892019,2360303.0,0.7932345,13.1931,0.0,4805.990104166666,5643.83,4113.67,96,2022,4,Spring,6,1
2022-04-04,2.8942642,6.22406,-1.0827637,3.228499,1757661.8,0.016816458,12.605736,0.0,5333.150520833334,6248.36,4195.83,96,2022,4,Spring,0,0
2022-04-05,8.14328,12.3029785,4.34494,2.7822828,1468360.5,0.007534027,7.35672,0.0,5435.422604166667,6242.91,4592.23,96,2022,4,Spring,1,0
2022-04-06,12.879166,18.777344,7.7008057,2.7743025,3005755.8,0.30565262,2.6208344,0.0,5195.9695833333335,6073.02,4555.21,96,2022,4,Spring,2,0
2022-04-07,13.674217,18.314056,9.3715515,3.7343874,3142361.8,0.0011444092,1.8257828,0.0,5295.105416666666,6032.5,4381.12,96,2022,4,Spring,3,0
2022-04-08,13.740738,17.140167,11.111328,3.9403458,2088584.6,0.19404092,1.7592621,0.0,5131.649895833333,5850.24,4319.14,96,2022,4,Spring,4,0
2022-04-09,9.637421,11.975952,7.586548,4.71001,900531.25,1.0737419,5.8625793,0.0,4917.613333333334,5562.31,4100.21,96,2022,4,Spring,5,1
2022-04-10,6.5049744,9.807343,4.4320374,4.7300763,2891417.8,0.059604645,8.995026,0.0,4444.933229166667,5511.84,3939.27,96,2022,4,Spring,6,1
2022-04-11,6.7265854,11.485809,2.449768,2.6604748,3081088.0,0.0,8.773415,0.0,5110.015208333333,6102.4,4042.91,96,2022,4,Spring,0,0
2022-04-12,9.18483,15.709473,2.5773315,2.5473776,3473749.2,0.0,6.3151703,0.0,5092.7884375,6036.69,4503.3,96,2022,4,Spring,1,0
2022-04-13,12.519295,18.286682,7.7015686,3.5611844,3479061.2,0.0,2.9807053,0.0,4997.310833333334,5957.03,4404.68,96,2022,4,Spring,2,0
2022-04-14,14.037041,20.33496,9.032471,3.2163465,3544298.5,0.0,1.4629593,0.0,4837.468229166667,5655.63,4220.74,96,2022,4,Spring,3,0
2022-04-15,12.292038,14.381592,9.103394,2.7374818,1428006.4,0.47095615,3.207962,0.0,4194.561145833333,4950.1,3669.05,96,2022,4,Spring,4,0
2022-04-16,9.772156,11.361725,8.295685,6.9253016,2602538.5,0.07266998,5.727844,0.0,4307.580104166666,5057.79,3509.68,96,2022,4,Spring,5,1
2022-04-17,8.662025,12.421143,5.576355,4.614604,3612761.8,0.00038146973,6.8379745,0.0,3870.9210416666665,4815.46,3353.91,96,2022,4,Spring,6,1
2022-04-18,7.0794983,10.965454,3.640747,1.9980614,2900706.0,0.04863739,8.420502,0.0,3957.956041666667,4943.29,3516.87,96,2022,4,Spring,0,0
2022-04-19,7.027954,8.961304,5.619568,1.6560223,2406583.8,0.45983,8.472046,0.0,5080.469791666666,5994.22,3627.19,96,2022,4,Spring,1,0
2022-04-20,7.2860947,12.046295,3.575409,2.0493748,2481757.8,0.06841024,8.213905,0.0,5124.735833333333,5997.61,4395.22,96,2022,4,Spring,2,0
2022-04-21,10.041824,16.006073,4.0596924,2.5576105,3738884.0,0.0,5.4581757,0.0,5035.463854166667,5946.97,4406.83,96,2022,4,Spring,3,0
2022-04-22,9.637856,10.40271,8.9461975,3.2982569,857152.0,1.3957977,5.8621445,0.0,5369.513645833334,5907.74,4305.73,96,2022,4,Spring,4,0
2022-04-23,11.098839,13.611633,8.641296,2.0108755,1340095.9,0.21559398,4.401161,0.0,4765.509270833333,5323.76,3992.4,96,2022,4,Spring,5,1
2022-04-24,15.129822,19.441376,11.477905,5.9131274,3329651.2,0.0037511191,0.37017822,0.0,4349.649791666667,5233.21,3800.38,96,2022,4,Spring,6,1
2022-04-25,13.353317,17.529541,10.56543,3.1087332,2722572.8,0.14648438,2.1466827,0.0,4881.941041666666,5765.29,3800.58,96,2022,4,Spring,0,0
2022-04-26,11.681023,15.486877,7.9000244,1.7932719,2654109.8,0.18393199,3.8189774,0.0,4872.850416666667,5771.87,4192.41,96,2022,4,Spring,1,0
2022-04-27,10.166161,10.534912,9.274414,3.6225219,1398668.8,2.1862984,5.3338394,0.0,5179.704687500001,5845.29,4155.02,96,2022,4,Spring,2,0
2022-04-28,13.092255,18.255188,9.130859,4.4270086,3023185.0,0.027942657,2.4077454,0.0,5067.591354166667,5757.15,4226.59,96,2022,4,Spring,3,0
2022-04-29,13.013756,18.773254,8.730499,2.5019531,3191671.5,0.0,2.4862442,0.0,4759.715416666667,5535.6,4187.82,96,2022,4,Spring,4,0
2022-04-30,13.413567,20.246185,7.220978,1.9686077,3149440.0,0.0020345054,2.0864334,0.0,4239.5428125,5056.93,3745.06,96,2022,4,Spring,5,1
2022-05-01,14.640808,18.556,10.813904,2.005326,3267635.5,0.10341008,0.8591919,0.0,3838.1486458333334,4837.44,3408.45,96,2022,5,Spring,6,1
2022-05-02,15.237938,21.097015,11.246674,2.1130955,3601476.5,0.03525416,0.26206207,0.0,4664.114375,5586.74,3498.28,96,2022,5,Spring,0,0
2022-05-03,15.376778,21.611206,10.176025,1.332078,3877354.5,0.025780994,0.12322235,0.0,4787.753645833333,5611.85,4026.86,96,2022,5,Spring,1,0
2022-05-04,15.778702,21.993683,11.176392,1.9857814,3639193.5,0.06335576,0.0,0.0,4821.420312499999,5606.32,4061.42,96,2022,5,Spring,2,0
2022-05-05,17.49511,22.334015,13.559357,1.89854,3801834.5,0.04688899,0.0,0.0,4788.9532291666665,5574.61,4053.54,96,2022,5,Spring,3,0
2022-05-06,17.120712,21.043182,14.381073,2.162128,2553062.5,0.1130422,0.0,0.0,4844.199166666666,5452.02,4005.77,96,2022,5,Spring,4,0
2022-05-07,16.979279,20.57956,14.514832,2.1492667,2704512.0,0.22131602,0.0,0.0,4328.1641666666665,5027.67,3701.29,96,2022,5,Spring,5,1
2022-05-08,16.382309,20.50235,13.548462,1.9353986,3050001.0,0.03554026,0.0,0.0,4083.5988541666666,5037.12,3512.53,96,2022,5,Spring,6,1
2022-05-09,17.252472,21.595825,13.807312,1.4712102,3733085.8,0.08687973,0.0,0.0,4731.079791666666,5584.19,3577.93,96,2022,5,Spring,0,0
2022-05-10,17.503899,23.000763,11.824524,1.0039214,3811242.5,0.032170612,0.0,0.0,4773.1315625,5623.94,4037.92,96,2022,5,Spring,1,0
2022-05-11,19.226166,26.200928,11.234131,2.0729256,3837525.5,0.0,0.0,1.2261658,4879.0990625,5887.94,4043.7,96,2022,5,Spring,2,0
2022-05-12,22.171944,29.998535,16.24582,2.249715,3702233.5,0.03595352,0.0,4.1719437,4921.009166666667,5730.19,4273.38,96,2022,5,Spring,3,0
2022-05-13,19.83625,21.785217,18.242249,2.231519,2544751.0,0.5397479,0.0,1.8362503,4917.8409375,5464.41,4076.14,96,2022,5,Spring,4,0
2022-05-14,19.076797,22.286469,16.490326,3.723094,4270246.5,0.0,0.0,1.0767975,4186.280520833333,4923.83,3658.56,96,2022,5,Spring,5,1
2022-05-15,19.381111,25.04956,12.306244,1.3479722,4081314.2,0.0,0.0,1.3811111,4008.2634375,5028.69,3430.15,96,2022,5,Spring,6,1
2022-05-16,20.79094,26.259857,14.556946,1.9015222,4057992.5,0.0043551126,0.0,2.7909393,4756.905625,5678.05,3621.4,96,2022,5,Spring,0,0
2022-05-17,18.340431,19.962433,17.638458,4.1280823,1008985.6,2.9567719,0.0,0.3404312,5009.552708333334,5546.22,4070.82,96,2022,5,Spring,1,0
2022-05-18,17.284103,20.609589,14.154388,2.6617513,4406088.5,0.000445048,0.0,0.0,4655.049270833333,5488.93,4005.84,96,2022,5,Spring,2,0
2022-05-19,16.829163,23.451782,8.2031555,3.432811,4618931.5,0.0,0.0,0.0,4677.573020833333,5529.64,3996.09,96,2022,5,Spring,3,0
2022-05-20,20.569534,27.007233,13.401001,2.1150808,4018099.2,0.0,0.0,2.5695343,4739.660208333334,5453.53,3984.18,96,2022,5,Spring,4,0
2022-05-21,22.383041,26.25647,19.774689,4.2364297,4089181.8,0.0012715658,0.0,4.3830414,4315.383541666667,4950.62,3708.56,96,2022,5,Spring,5,1
2022-05-22,18.481812,22.304504,15.341278,3.3776565,4127368.5,0.0,0.0,0.48181152,4010.7189583333334,4956.11,3464.33,96,2022,5,Spring,6,1
2022-05-23,17.535248,21.615204,12.765381,2.6488543,3587869.8,0.0,0.0,0.0,4718.479479166667,5560.08,3601.1,96,2022,5,Spring,0,0
2022-05-24,18.39148,22.498413,15.467377,3.6165488,3555724.8,1.7224312,0.0,0.3914795,4792.573958333333,5497.26,3981.45,96,2022,5,Spring,1,0
2022-05-25,18.275475,22.99295,16.420746,2.4416347,2845555.2,0.6289482,0.0,0.27547455,4828.162916666667,5550.22,3980.7,96,2022,5,Spring,2,0
2022-05-26,18.7062,23.910095,12.893372,2.6023083,3657344.0,0.0029563904,0.0,0.70619965,4806.8003125000005,5544.92,4035.04,96,2022,5,Spring,3,0
2022-05-27,21.071716,25.769379,15.137512,2.0813637,3483272.2,0.061130524,0.0,3.0717163,4784.470729166666,5417.66,4080.49,96,2022,5,Spring,4,0
2022-05-28,16.579926,18.380585,15.515503,3.1884954,2387123.0,0.27627945,0.0,0.0,4288.386979166667,4756.92,3651.12,96,2022,5,Spring,5,1
2022-05-29,13.464058,16.83191,11.010712,1.380543,2355409.0,0.13608932,2.035942,0.0,4111.312916666667,4756.25,3397.45,96,2022,5,Spring,6,1
2022-05-30,13.7550125,17.126923,9.598907,1.9507077,2579379.2,0.052197773,1.7449875,0.0,4671.4909375,5377.56,3486.92,96,2022,5,Spring,0,0
2022-05-31,16.874321,22.106567,10.852875,2.750554,4311748.5,0.0,0.0,0.0,4815.4525,5539.33,4017.96,96,2022,5,Spring,1,0
2022-06-01,20.08857,24.716858,15.011047,1.7147946,4082056.5,0.52245456,0.0,2.0885696,4833.413750000001,5525.25,4053.05,96,2022,6,Summer,2,0
2022-06-02,20.106964,24.876495,15.601349,2.2771173,4147703.5,0.19156139,0.0,2.106964,4841.9353125,5533.64,4052.74,96,2022,6,Summer,3,0
2022-06-03,22.377098,27.794617,16.319427,2.540384,4172898.0,0.0,0.0,4.377098,4806.345208333333,5499.15,4064.23,96,2022,6,Summer,4,0
2022-06-04,24.01123,28.048157,20.989319,3.3387284,3875946.5,0.54775876,0.0,6.0112305,4395.478229166666,4998.93,3705.07,96,2022,6,Summer,5,1
2022-06-05,22.94867,27.049622,19.256866,2.5980806,3911535.0,0.04555384,0.0,4.9486694,3832.6163541666665,4640.58,3340.25,96,2022,6,Summer,6,1
2022-06-06,21.223106,24.070648,18.405975,1.8075254,3430754.0,1.3505619,0.0,3.2231064,3765.1746875000003,4778.03,3226.11,96,2022,6,Summer,0,0
2022-06-07,20.950119,26.111633,16.235138,2.2943614,3247637.2,1.661396,0.0,2.950119,4805.314791666667,5640.2,3434.84,96,2022,6,Summer,1,0
2022-06-08,18.653625,21.470398,16.587616,3.5355568,1944260.2,2.658113,0.0,0.6536255,5030.7853125,5629.96,4117.92,96,2022,6,Summer,2,0
2022-06-09,17.816307,18.803894,16.984467,2.9715233,1811089.1,1.7777126,0.0,0.0,5032.993229166666,5510.39,4179.91,96,2022,6,Summer,3,0
2022-06-10,18.774002,21.111206,16.673187,7.318023,2885098.8,1.3516108,0.0,0.7740021,4892.784375,5352.02,4120.78,96,2022,6,Summer,4,0
2022-06-11,21.253807,24.939545,17.683777,5.2040324,4484800.0,0.0021616619,0.0,3.253807,4325.548541666667,4950.81,3764.4,96,2022,6,Summer,5,1
2022-06-12,21.574326,26.469666,16.359772,3.4064732,4664260.5,0.0,0.0,3.5743256,4074.0985416666667,5013.45,3487.33,96,2022,6,Summer,6,1
2022-06-13,20.901817,25.802216,16.713562,2.6152077,4060702.0,0.11259715,0.0,2.9018173,4838.428020833334,5569.63,3669.8,96,2022,6,Summer,0,0
2022-06-14,18.569267,22.205475,14.630249,3.172399,3886733.0,0.000445048,0.0,0.5692673,4755.754479166667,5408.33,4025.23,96,2022,6,Summer,1,0
2022-06-15,19.60907,24.67395,12.668182,1.271879,3816610.0,3.1789146e-05,0.0,1.6090698,4812.408645833333,5558.44,4019.51,96,2022,6,Summer,2,0
2022-06-16,21.006134,27.184875,15.321564,2.4701388,4408363.0,1.273632,0.0,3.006134,4895.850833333333,5567.66,4077.07,96,2022,6,Summer,3,0
2022-06-17,20.007683,24.222351,15.347961,3.2748525,3357849.5,0.001780192,0.0,2.0076828,4812.349270833333,5330.5,4050.53,96,2022,6,Summer,4,0
2022-06-18,20.787445,26.04895,14.073425,1.6527295,4631304.5,0.0,0.0,2.787445,4270.231354166667,4994.26,3773.34,96,2022,6,Summer,5,1
2022-06-19,23.185455,28.36383,16.73169,4.168919,4742459.5,0.0,0.0,5.1854553,4146.7234375,5150.23,3489.25,96,2022,6,Summer,6,1
2022-06-20,25.312958,31.318237,19.274048,3.2975202,4222779.5,0.00031789145,0.0,7.312958,5063.783125,5977.51,3742.99,96,2022,6,Summer,0,0
2022-06-21,20.804329,23.347198,17.63272,4.191842,4036258.2,0.0038782754,0.0,2.804329,4928.9253125000005,5527.82,4229.7,96,2022,6,Summer,1,0
2022-06-22,20.949066,25.835083,15.415894,1.0118389,3986372.2,0.000222524,0.0,2.9490662,4916.758229166667,5620.08,4097.69,96,2022,6,Summer,2,0
2022-06-23,23.359756,27.67096,19.130737,1.3390536,4451712.0,0.57554245,0.0,5.3597565,4972.252604166667,5599.95,4168.62,96,2022,6,Summer,3,0
2022-06-24,23.383904,29.15979,15.751038,3.7049894,4144187.5,0.00012715659,0.0,5.3839035,4928.396041666667,5575.06,4100.21,96,2022,6,Summer,4,0
2022-06-25,22.073158,23.51538,20.065338,2.9877055,3187345.0,0.011475882,0.0,4.0731583,4433.001666666666,4945.0,3783.95,96,2022,6,Summer,5,1
2022-06-26,23.720985,28.862518,16.255585,0.79755443,4133158.5,0.0034014382,0.0,5.7209854,4276.565729166667,5276.7,3534.48,96,2022,6,Summer,6,1
2022-06-27,26.637573,32.467773,18.841156,3.289701,4415027.5,0.0024795532,0.0,8.637573,5212.707604166667,6154.96,3807.08,96,2022,6,Summer,0,0
2022-06-28,26.637955,30.476105,22.808655,2.3935125,3212032.0,0.018628439,0.0,8.637955,5460.748854166667,6284.33,4371.4,96,2022,6,Summer,1,0
2022-06-29,28.952354,34.559113,23.217896,2.7075543,4386526.0,0.0035285952,0.0,10.952354,5605.588124999999,6468.11,4465.65,96,2022,6,Summer,2,0
2022-06-30,27.962074,33.217896,23.103485,2.1433897,4466850.0,0.0029881797,0.0,9.962074,5650.279270833334,6527.4,4518.17,96,2022,6,Summer,3,0
2022-07-01,28.330185,34.299133,23.101288,3.8772306,4292617.0,0.10595322,0.0,10.330185,5687.391875,6432.05,4562.98,96,2022,7,Summer,4,0
2022-07-02,22.078865,26.465454,17.977081,5.5376487,4635080.5,0.008392334,0.0,4.078865,4695.155520833333,5295.02,4038.49,96,2022,7,Summer,5,1
2022-07-03,23.950142,30.15271,15.902588,1.557526,4682714.0,0.0,0.0,5.950142,4564.457916666667,5541.46,3744.35,96,2022,7,Summer,6,1
2022-07-04,25.100967,30.609833,18.332855,1.552371,2737416.5,0.030581156,0.0,7.1009674,5401.470104166667,6290.54,3956.21,96,2022,7,Summer,0,0
2022-07-05,20.653397,21.404083,19.88153,3.3134313,1178312.5,1.7272631,0.0,2.6533966,5316.641145833333,5838.37,4367.29,96,2022,7,Summer,1,0
2022-07-06,21.796066,26.286102,17.252136,4.127251,4176584.5,0.025685629,0.0,3.7960663,5074.594375,5604.86,4237.4,96,2022,7,Summer,2,0
2022-07-07,18.989296,23.117126,15.359863,2.1162734,2706577.2,0.075149536,0.0,0.98929596,5012.2342708333335,5487.05,4184.13,96,2022,7,Summer,3,0
2022-07-08,19.17012,22.04132,16.286194,6.3026233,3220283.8,0.11498133,0.0,1.1701202,4891.294166666667,5318.57,4083.67,96,2022,7,Summer,4,0
2022-07-09,20.302826,24.042297,16.300781,5.5709715,3440132.2,3.1789146e-05,0.0,2.302826,4255.7325,4929.01,3733.54,96,2022,7,Summer,5,1
2022-07-10,18.887909,21.415375,16.987091,5.061837,3822327.5,0.18418631,0.0,0.88790894,4039.293333333333,4744.56,3493.8,96,2022,7,Summer,6,1
2022-07-11,18.223412,21.468323,13.973877,4.2967424,3193408.0,0.015862783,0.0,0.22341156,4642.958645833333,5299.82,3565.17,96,2022,7,Summer,0,0
2022-07-12,19.389427,23.529785,13.3263855,2.8929114,3540181.2,0.001335144,0.0,1.3894272,4769.597291666667,5352.02,3962.56,96,2022,7,Summer,1,0
2022-07-13,22.873413,29.21582,14.807587,3.667494,4576926.0,0.0,0.0,4.873413,4827.3767708333335,5540.57,3991.62,96,2022,7,Summer,2,0
2022-07-14,26.707832,33.966522,18.71289,3.0263743,4055616.0,0.0,0.0,8.707832,5112.208645833333,5771.96,4093.27,96,2022,7,Summer,3,0
2022-07-15,22.487648,25.089264,19.41922,4.354835,4086528.0,0.0048319497,0.0,4.487648,4980.4209375,5468.56,4064.95,96,2022,7,Summer,4,0
2022-07-16,21.572678,27.1268,14.9392395,1.8443303,3611720.5,0.013796488,0.0,3.5726776,4220.644791666667,4885.69,3742.68,96,2022,7,Summer,5,1
2022-07-17,21.452934,25.378052,17.403687,2.528077,4563895.5,0.0,0.0,3.4529343,3907.9322916666665,4810.74,3432.2,96,2022,7,Summer,6,1
2022-07-18,21.613487,28.01596,14.147949,1.063407,4517999.0,0.0,0.0,3.6134872,4609.196354166666,5423.36,3542.27,96,2022,7,Summer,0,0
2022-07-19,24.472237,31.285278,16.105743,0.7932179,4441404.0,0.0,0.0,6.4722366,4831.5184375,5606.82,3911.97,96,2022,7,Summer,1,0
2022-07-20,26.108383,33.71579,18.014008,1.9114599,4446003.0,0.0,0.0,8.108383,5036.821875000001,5824.27,4040.05,96,2022,7,Summer,2,0
2022-07-21,27.462234,35.02063,18.581299,1.490755,4384802.0,0.0,0.0,9.4622345,5184.245416666667,6015.21,4116.95,96,2022,7,Summer,3,0
2022-07-22,28.899261,34.161194,24.008911,2.0939963,4182152.5,0.0038464863,0.0,10.899261,5243.499791666666,6068.78,4183.01,96,2022,7,Summer,4,0
2022-07-23,28.079468,35.018402,22.450409,2.3612978,3934182.5,0.00076293945,0.0,10.079468,4738.7246875,5362.55,3984.31,96,2022,7,Summer,5,1
2022-07-24,26.005867,30.012695,23.075653,3.8123674,4006745.5,0.0018437703,0.0,8.005867,4337.204166666666,5150.04,3674.83,96,2022,7,Summer,6,1
2022-07-25,25.640396,31.722961,18.203186,2.5210178,4262169.5,0.0,0.0,7.640396,4875.5390625,5807.03,3670.35,96,2022,7,Summer,0,0
2022-07-26,22.904228,23.277191,22.362091,4.0221453,1680712.6,0.12578964,0.0,4.904228,4945.209479166667,5465.33,4038.24,96,2022,7,Summer,1,0
2022-07-27,22.103218,27.87024,17.309082,1.3777244,3570052.2,0.06599427,0.0,4.103218,4821.916770833333,5502.9,3968.88,96,2022,7,Summer,2,0
2022-07-28,23.814308,28.571167,19.057373,1.4318302,3717615.0,0.011189779,0.0,5.814308,4893.66625,5595.76,3994.62,96,2022,7,Summer,3,0
2022-07-29,25.306168,31.978577,19.852753,2.0289006,3772693.0,0.12674332,0.0,7.3061676,4950.885,5625.98,4030.97,96,2022,7,Summer,4,0
2022-07-30,20.958397,21.858154,19.945618,2.5607593,941350.44,1.0815302,0.0,2.958397,4296.9809374999995,4825.15,3559.08,96,2022,7,Summer,5,1
2022-07-31,21.671272,25.348053,18.489105,4.8594522,3204830.0,0.01560847,0.0,3.6712723,3881.8646875,4565.91,3365.93,96,2022,7,Summer,6,1
2022-08-01,22.863968,28.836792,16.647797,2.0637712,3505847.2,0.005531311,0.0,4.863968,4482.192083333333,5231.61,3382.92,96,2022,8,Summer,0,0
2022-08-02,24.14756,28.747742,19.610138,2.4391248,3850342.5,0.01335144,0.0,6.14756,4656.714270833333,5333.1,3835.56,96,2022,8,Summer,1,0
2022-08-03,24.386887,30.767548,18.024933,1.5553894,3935543.2,0.0,0.0,6.3868866,4736.6509375,5483.33,3828.62,96,2022,8,Summer,2,0
2022-08-04,25.778252,32.350403,18.363983,1.1495545,3851686.2,0.0,0.0,7.7782516,4794.333125,5567.66,3887.99,96,2022,8,Summer,3,0
2022-08-05,27.23861,34.779358,19.80716,2.5431218,4022822.2,0.0,0.0,9.238609,4857.904166666666,5641.55,3938.55,96,2022,8,Summer,4,0
2022-08-06,24.506096,27.09378,22.35968,6.2402816,3187349.2,0.00031789145,0.0,6.506096,4364.578333333334,5039.39,3704.06,96,2022,8,Summer,5,1
2022-08-07,21.911743,25.961395,18.531769,3.952798,2225519.0,0.3367424,0.0,3.9117432,4017.995104166667,4937.32,3472.01,96,2022,8,Summer,6,1
2022-08-08,19.952446,21.08191,19.511017,3.328003,2529305.8,0.20055771,0.0,1.952446,4561.3367708333335,5237.39,3499.9,96,2022,8,Summer,0,0
2022-08-09,21.842346,26.99405,16.830536,2.7981167,2796949.2,0.0036557517,0.0,3.8423462,4632.553333333333,5306.65,3770.43,96,2022,8,Summer,1,0
2022-08-10,23.427856,27.948303,19.738312,2.4951005,3523609.8,0.0002861023,0.0,5.4278564,4523.394375,5268.04,3797.7,96,2022,8,Summer,2,0
2022-08-11,22.150856,26.793243,18.853638,1.7856485,2620706.2,3.1789146e-05,0.0,4.150856,4534.324375,5200.59,3768.64,96,2022,8,Summer,3,0
2022-08-12,22.031029,26.972595,17.999054,1.8886044,2680170.8,0.004863739,0.0,4.0310287,4483.588229166667,5143.77,3763.76,96,2022,8,Summer,4,0
2022-08-13,22.369194,26.104584,19.11502,2.269753,2441288.5,0.035413105,0.0,4.369194,4089.023333333333,4754.67,3540.04,96,2022,8,Summer,5,1
2022-08-14,23.505455,28.59137,18.99408,1.9616779,3454980.2,0.016911825,0.0,5.505455,3927.8020833333335,4894.11,3348.85,96,2022,8,Summer,6,1
2022-08-15,24.985886,31.458588,18.890533,2.1196737,3533290.8,0.0046412153,0.0,6.9858856,4670.945520833334,5502.03,3488.05,96,2022,8,Summer,0,0
2022-08-16,25.885216,31.856415,21.272003,2.7173014,3577651.0,0.0016212462,0.0,7.8852158,4822.493854166666,5546.69,3882.28,96,2022,8,Summer,1,0
2022-08-17,26.529732,33.52707,20.201385,1.4912719,3459417.8,0.0,0.0,8.529732,4885.595625,5740.3,3889.79,96,2022,8,Summer,2,0
2022-08-18,27.018616,34.662415,20.940521,2.3449943,3382562.2,0.0,0.0,9.018616,5011.284583333333,5888.23,3996.29,96,2022,8,Summer,3,0
2022-08-19,25.894241,30.969818,22.58783,2.2444437,2958233.5,0.17153421,0.0,7.8942413,4907.124270833333,5598.09,3947.63,96,2022,8,Summer,4,0
2022-08-20,21.631538,24.670135,20.427582,2.9841967,1574015.9,0.6099701,0.0,3.6315384,3981.3153125000003,4472.34,3462.19,96,2022,8,Summer,5,1
2022-08-21,19.70501,22.421936,18.532806,5.8188515,1292544.0,0.67129135,0.0,1.7050095,4035.5246875,4730.21,3335.18,96,2022,8,Summer,6,1
2022-08-22,16.95845,18.473755,16.005249,4.9411,652970.7,3.6552427,0.0,0.0,4679.937187500001,5237.6,3461.56,96,2022,8,Summer,0,0
2022-08-23,18.096245,19.973053,16.142914,3.7341328,1027895.5,1.5696844,0.0,0.09624481,4748.4765625,5403.81,3868.02,96,2022,8,Summer,1,0
2022-08-24,21.17109,25.66394,17.559143,3.2112255,1704332.8,0.9950638,0.0,3.1710892,4851.5372916666665,5515.86,3932.53,96,2022,8,Summer,2,0
2022-08-25,23.438843,28.11145,20.09433,0.8357559,2382327.5,0.40836334,0.0,5.438843,4913.726354166666,5739.89,4010.98,96,2022,8,Summer,3,0
2022-08-26,24.73359,31.455841,20.0578,1.2448915,2955161.8,0.012365976,0.0,6.733589,4897.9461458333335,5619.51,4075.12,96,2022,8,Summer,4,0
2022-08-27,24.655685,29.764404,21.592072,2.2354271,3211921.0,0.0016848246,0.0,6.6556854,4369.942083333333,5164.2,3793.06,96,2022,8,Summer,5,1
2022-08-28,22.3237,27.009003,19.797394,1.5386655,3031377.2,0.25145215,0.0,4.3237,4154.1954166666665,5057.15,3623.59,96,2022,8,Summer,6,1
2022-08-29,21.846,25.725983,19.232819,3.6842847,2686596.2,0.057729088,0.0,3.8460007,4826.239375,5659.49,3670.87,96,2022,8,Summer,0,0
2022-08-30,21.496346,26.6846,18.23346,1.7712951,2745023.8,0.058333077,0.0,3.4963455,4884.530833333333,5723.04,4063.64,96,2022,8,Summer,1,0
2022-08-31,20.317589,26.76715,15.652283,2.3560014,2720627.0,0.022506714,0.0,2.3175888,4854.710520833333,5674.16,4047.83,96,2022,8,Summer,2,0
2022-09-01,18.363098,21.380371,15.960236,2.46232,1825450.6,1.7415364,0.0,0.36309814,4786.797916666666,5354.05,3964.1,96,2022,9,Autumn,3,0
2022-09-02,18.090698,21.980835,15.567902,1.5370159,2077124.2,0.00015894572,0.0,0.09069824,4707.607812499999,5243.17,3884.76,96,2022,9,Autumn,4,0
2022-09-03,17.729645,23.87796,12.659424,2.6320417,2181866.8,0.009377797,0.0,0.0,4048.9607291666666,4819.72,3541.23,96,2022,9,Autumn,5,1
2022-09-04,18.537895,21.603546,16.427368,2.1411047,1139750.4,0.5048752,0.0,0.5378952,4002.051145833333,4887.59,3426.83,96,2022,9,Autumn,6,1
2022-09-05,19.234566,25.2995,14.881592,1.0923293,2641433.5,0.0056902566,0.0,1.2345657,4576.436145833333,5507.66,3508.29,96,2022,9,Autumn,0,0
2022-09-06,20.43222,26.435059,16.651428,2.0386124,2196475.8,0.06046295,0.0,2.4322205,4719.712395833333,5567.69,3849.78,96,2022,9,Autumn,1,0
2022-09-07,20.69477,26.845764,16.458496,1.5414466,2617971.2,0.1847903,0.0,2.6947708,4768.650625,5652.97,3948.65,96,2022,9,Autumn,2,0
2022-09-08,21.179153,27.722351,17.950012,2.9525533,2339153.2,1.7876624,0.0,3.1791534,4822.9165625,5625.3,3960.89,96,2022,9,Autumn,3,0
2022-09-09,18.98487,23.9729,16.029846,1.4017321,2370747.8,0.0664711,0.0,0.9848709,4711.6790625,5393.54,3998.38,96,2022,9,Autumn,4,0
2022-09-10,18.768372,23.232635,16.142548,3.823359,2490675.2,0.244236,0.0,0.7683716,4187.771458333334,4901.05,3555.06,96,2022,9,Autumn,5,1
2022-09-11,16.817856,19.828339,14.98761,3.5742412,1591842.0,1.3207436,0.0,0.0,3934.626875,4848.69,3390.73,96,2022,9,Autumn,6,1
2022-09-12,16.440514,21.103607,13.96582,3.1680422,2430041.8,0.03315608,0.0,0.0,4471.6023958333335,5380.01,3445.52,96,2022,9,Autumn,0,0
2022-09-13,16.188889,22.487549,11.54895,1.4463122,2733384.8,6.357829e-05,0.0,0.0,4527.306145833333,5457.4,3759.82,96,2022,9,Autumn,1,0
2022-09-14,19.658348,23.313965,16.509216,2.108599,1095658.8,0.09972254,0.0,1.6583481,4774.140416666666,5531.9,3805.24,96,2022,9,Autumn,2,0
2022-09-15,20.282906,22.993988,18.463715,3.0002172,1261448.5,2.5967283,0.0,2.2829056,4835.010104166667,5493.0,3896.66,96,2022,9,Autumn,3,0
2022-09-16,16.63456,18.959656,15.260498,1.7121229,1899276.8,0.24929047,0.0,0.0,4774.667604166667,5371.77,3854.47,96,2022,9,Autumn,4,0
2022-09-17,12.984352,13.749756,12.275238,4.310179,864823.5,0.22455852,2.515648,0.0,4338.746145833334,4939.07,3514.01,96,2022,9,Autumn,5,1
2022-09-18,12.136345,15.424866,10.328003,4.7835326,2313928.5,0.17999013,3.363655,0.0,3951.3370833333333,4928.23,3418.64,96,2022,9,Autumn,6,1
2022-09-19,11.94062,13.576965,10.364929,3.93657,1489664.0,1.6000429,3.5593796,0.0,4719.149166666667,5710.75,3441.11,96,2022,9,Autumn,0,0
2022-09-20,11.290337,14.1441345,10.123077,3.6315575,1997981.9,0.266552,4.2096634,0.0,4736.639479166667,5725.53,3889.86,96,2022,9,Autumn,1,0
2022-09-21,11.319023,15.892548,8.621033,4.413949,2114649.5,0.107320145,4.180977,0.0,4714.1475,5734.82,3911.95,96,2022,9,Autumn,2,0
2022-09-22,10.895355,16.113403,7.956726,3.043305,2365999.0,0.028483074,4.604645,0.0,4752.357916666667,5746.46,3930.35,96,2022,9,Autumn,3,0
2022-09-23,9.948647,16.827545,6.2013855,1.6399351,2446933.5,0.0,5.5513535,0.0,4744.996354166667,5682.55,3968.57,96,2022,9,Autumn,4,0
2022-09-24,12.305588,18.10672,7.1440125,3.1561093,2320170.5,0.0,3.1944122,0.0,4327.4453125,5221.87,3671.43,96,2022,9,Autumn,5,1
2022-09-25,13.228127,13.87796,12.53006,2.6705832,636300.8,1.3406118,2.2718735,0.0,4338.689062500001,5220.47,3537.9,96,2022,9,Autumn,6,1
2022-09-26,14.95034,18.53836,13.038971,2.0658634,1904059.6,0.09320577,0.5496597,0.0,4905.177395833333,5752.35,3601.18,96,2022,9,Autumn,0,0
2022-09-27,12.693169,14.37442,11.58252,2.279593,641885.9,1.683108,2.8068314,0.0,4971.3190625,5784.43,3952.86,96,2022,9,Autumn,1,0
2022-09-28,12.4851,16.936493,8.890625,3.8941753,1671257.6,0.33769608,3.0149002,0.0,4701.664791666667,5733.61,3951.95,96,2022,9,Autumn,2,0
2022-09-29,12.295883,14.223572,10.368683,1.4789538,1485286.4,1.422278,3.2041168,0.0,4884.525520833334,5697.41,3909.51,96,2022,9,Autumn,3,0
2022-09-30,12.9010315,14.983154,11.882294,1.7592149,943965.8,3.4332912,2.5989685,0.0,4849.8741666666665,5535.52,3939.71,96,2022,9,Autumn,4,0
2022-10-01,14.069756,15.343048,13.472626,1.9237559,669422.94,2.167479,1.4302444,0.0,4412.699583333333,5083.92,3595.99,96,2022,10,Autumn,5,1
2022-10-02,13.475548,15.862549,12.044495,3.5306888,562769.06,1.4070828,2.0244522,0.0,4043.4265625000003,5094.78,3456.62,96,2022,10,Autumn,6,1
2022-10-03,13.60775,16.327637,11.988617,5.814194,1703214.9,0.026067097,1.8922501,0.0,4597.843229166667,5647.44,3492.71,96,2022,10,Autumn,0,0
2022-10-04,12.48896,15.887817,11.141357,3.7093968,951317.4,0.038115185,3.0110397,0.0,4810.142708333334,5770.92,3889.19,96,2022,10,Autumn,1,0
2022-10-05,11.923759,18.806,6.5652466,3.2533376,2110993.0,0.000667572,3.5762405,0.0,4763.090520833333,5766.97,3969.66,96,2022,10,Autumn,2,0
2022-10-06,14.198952,20.648438,9.195251,1.873292,1975172.2,0.0,1.3010483,0.0,4773.563020833333,5768.93,3974.69,96,2022,10,Autumn,3,0
2022-10-07,14.144287,20.831116,9.808685,2.2377172,2077721.6,0.0,1.3557129,0.0,4637.816979166667,5527.26,3932.76,96,2022,10,Autumn,4,0
2022-10-08,13.87413,19.242737,9.733734,1.6582417,1765551.0,3.1789146e-05,1.6258698,0.0,4250.744479166667,5145.95,3594.14,96,2022,10,Autumn,5,1
2022-10-09,13.6688,17.985657,10.840576,3.5566688,2050611.2,0.00019073486,1.8311996,0.0,4017.7630208333335,5103.24,3454.3,96,2022,10,Autumn,6,1
2022-10-10,12.080666,17.597992,8.689056,3.3885827,1831125.4,0.00025431317,3.4193344,0.0,4601.6640625,5645.48,3479.09,96,2022,10,Autumn,0,0
2022-10-11,13.175652,18.914062,9.401062,1.3286649,1891059.1,0.0,2.3243484,0.0,4795.744270833334,5685.96,3891.05,96,2022,10,Autumn,1,0
2022-10-12,12.868805,17.421082,9.910858,1.1928244,1137945.6,0.05690257,2.631195,0.0,4841.154791666667,5711.23,3874.81,96,2022,10,Autumn,2,0
2022-10-13,12.49086,17.875183,9.217285,2.1051626,1594338.1,0.10236104,3.00914,0.0,4730.186458333334,5705.41,3928.39,96,2022,10,Autumn,3,0
2022-10-14,12.480972,17.80185,9.597443,1.7201097,1177885.9,0.028324127,3.0190277,0.0,4763.668125,5654.24,3920.68,96,2022,10,Autumn,4,0
2022-10-15,13.655106,17.627747,10.573181,3.8062503,954295.44,0.011475882,1.8448944,0.0,4494.696666666667,5201.34,3777.27,96,2022,10,Autumn,5,1
2022-10-16,14.816917,20.219055,11.047363,3.0170531,1785570.1,3.1789146e-05,0.6830826,0.0,4040.7112500000003,5131.4,3552.57,96,2022,10,Autumn,6,1
2022-10-17,14.958,21.7677,10.612976,3.428069,1760810.6,0.0,0.5419998,0.0,4565.463333333333,5628.69,3464.63,96,2022,10,Autumn,0,0
2022-10-18,13.30452,20.356567,8.830292,2.5589485,1826432.0,0.0,2.1954803,0.0,4686.4003125,5687.13,3856.4,96,2022,10,Autumn,1,0
2022-10-19,13.976006,18.408875,12.161163,3.830564,1531823.0,0.0003496806,1.5239944,0.0,4765.387916666667,5747.54,3873.32,96,2022,10,Autumn,2,0
2022-10-20,9.137436,15.396118,4.08786,2.6123047,1683456.0,0.0,6.362564,0.0,4809.40625,5793.29,3976.9,96,2022,10,Autumn,3,0
2022-10-21,9.7426605,12.878479,6.975067,3.6768816,1135343.0,0.24356842,5.7573395,0.0,4955.052708333334,5790.47,4047.92,96,2022,10,Autumn,4,0
2022-10-22,10.301666,12.965363,8.3403015,1.7192662,302506.7,0.44377643,5.1983337,0.0,4482.3715624999995,5206.15,3606.06,96,2022,10,Autumn,5,1
2022-10-23,11.731163,15.292999,7.776703,2.917017,1098922.6,0.0027974446,3.768837,0.0,4020.4857291666667,4952.5,3398.13,96,2022,10,Autumn,6,1
2022-10-24,14.595352,17.149689,12.174561,1.8736242,1081732.2,0.66989267,0.9046478,0.0,4828.568020833333,5786.25,3333.42,96,2022,10,Autumn,0,0
2022-10-25,14.930145,19.614319,12.869537,2.007081,1584456.6,0.050735474,0.56985474,0.0,4979.597604166666,5802.44,3917.06,96,2022,10,Autumn,1,0
2022-10-26,11.526535,14.587219,9.146881,2.0635827,851464.56,0.04301071,3.973465,0.0,4937.321458333333,5801.25,3959.34,96,2022,10,Autumn,2,0
2022-10-27,12.5394745,16.739685,10.149292,0.9791949,1380676.2,0.008996327,2.9605255,0.0,4967.2090625,5780.71,3972.01,96,2022,10,Autumn,3,0
2022-10-28,12.1881485,13.9140625,10.547302,2.3480654,744554.6,0.0011761984,3.3118515,0.0,5002.184479166667,5671.4,3954.27,96,2022,10,Autumn,4,0
2022-10-29,12.651894,13.263916,11.834991,2.0089746,985122.2,0.0055313115,2.8481064,0.0,4466.762708333334,5087.45,3565.96,96,2022,10,Autumn,5,1
2022-10-30,11.579315,12.525238,10.674866,0.9607143,1222182.4,0.003560384,3.9206848,0.0,4199.080833333333,4858.8,3355.48,96,2022,10,Autumn,6,1
2022-10-31,10.90918,11.287476,9.980072,1.2702663,820036.25,0.019963581,4.5908203,0.0,4178.420416666667,4824.56,3309.1,96,2022,10,Autumn,0,0
2022-11-01,11.487228,13.779419,10.540344,2.442076,1243426.1,0.016593933,4.0127716,0.0,3941.3338541666667,4617.84,3218.92,96,2022,11,Autumn,1,0
2022-11-02,12.990364,18.375732,9.335022,1.4838655,1194534.5,0.23174287,2.509636,0.0,4707.1476041666665,5644.17,3210.22,96,2022,11,Autumn,2,0
2022-11-03,11.249359,16.285645,7.452667,3.1489353,1393297.1,0.0,4.250641,0.0,4936.550520833333,5740.63,3818.47,96,2022,11,Autumn,3,0
2022-11-04,10.705116,12.183502,9.788574,3.7130163,547780.3,0.97901034,4.7948837,0.0,5030.102916666667,5770.52,3946.62,96,2022,11,Autumn,4,0
2022-11-05,9.961868,11.964142,8.383667,5.9064083,342894.94,0.0050226846,5.5381317,0.0,4656.368125,5278.74,3861.84,96,2022,11,Autumn,5,1
2022-11-06,9.021217,11.201172,7.65567,3.5431714,521122.12,0.019168854,6.4787827,0.0,4378.626875,5104.68,3514.84,96,2022,11,Autumn,6,1
2022-11-07,8.670334,12.426727,6.9096375,2.7511983,996992.0,0.033887226,6.829666,0.0,5000.2471875,5785.13,3567.83,96,2022,11,Autumn,0,0
2022-11-08,8.241722,13.554047,4.5803833,3.577064,1228761.6,0.0,7.258278,0.0,5087.15125,5942.24,3993.61,96,2022,11,Autumn,1,0
2022-11-09,9.22657,10.665558,8.18103,2.4504874,466056.53,0.035095215,6.27343,0.0,5206.856354166667,5963.67,4007.96,96,2022,11,Autumn,2,0
2022-11-10,9.131935,11.775238,7.633911,2.0122457,824234.7,0.018882751,6.368065,0.0,5175.034166666666,5893.52,4001.86,96,2022,11,Autumn,3,0
2022-11-11,7.3910217,12.830353,3.364746,1.3713835,869721.6,0.0,8.108978,0.0,5030.34125,5872.03,4057.63,96,2022,11,Autumn,4,0
2022-11-12,6.8535004,11.998413,4.037781,1.6842068,1161015.5,0.0,8.6465,0.0,4601.671666666666,5328.55,3930.13,96,2022,11,Autumn,5,1
2022-11-13,6.302986,9.928436,4.304077,1.8108692,750114.1,0.00019073488,9.197014,0.0,4404.862083333333,5228.61,3616.66,96,2022,11,Autumn,6,1
2022-11-14,6.283516,10.009338,3.8804321,2.4616249,816149.4,0.0011126201,9.216484,0.0,5046.123020833334,5940.14,3665.62,96,2022,11,Autumn,0,0
2022-11-15,7.52639,8.846039,6.1595764,2.6634655,515238.4,0.14130275,7.97361,0.0,5264.6014583333335,6041.63,4049.77,96,2022,11,Autumn,1,0
2022-11-16,8.07515,9.127472,6.6000366,1.6567019,315212.8,0.36452612,7.4248505,0.0,5303.990208333334,6046.85,4002.95,96,2022,11,Autumn,2,0
2022-11-17,7.8082657,9.868561,6.2240295,1.8472933,581619.2,0.0415802,7.6917343,0.0,5221.435208333333,6007.25,4064.99,96,2022,11,Autumn,3,0
2022-11-18,6.8897095,7.3719788,6.323242,2.2205644,268753.06,0.75639087,8.610291,0.0,5379.198020833333,6114.54,4080.26,96,2022,11,Autumn,4,0
2022-11-19,1.6735458,2.6365662,0.434021,2.3090966,814353.06,0.029532116,13.826454,0.0,4912.889375,5615.05,4092.55,96,2022,11,Autumn,5,1
2022-11-20,2.422493,5.0213013,1.3128052,1.7719116,813132.8,0.4397392,13.077507,0.0,4754.932395833333,5460.86,3806.27,96,2022,11,Autumn,6,1
2022-11-21,2.6864166,5.3952026,0.9550171,2.5453947,947089.06,0.0024795532,12.813583,0.0,5391.567604166667,6243.65,3934.05,96,2022,11,Autumn,0,0
2022-11-22,4.315628,6.052307,2.7971191,4.185116,564795.75,0.492541,11.184372,0.0,5535.517604166666,6334.33,4284.04,96,2022,11,Autumn,1,0
2022-11-23,4.391243,5.071808,3.6541138,3.6320834,180535.47,3.1851451,11.108757,0.0,5620.575416666667,6362.9,4343.96,96,2022,11,Autumn,2,0
2022-11-24,5.674469,7.714966,4.6049194,3.2261925,651980.8,0.22083919,9.825531,0.0,5577.790520833333,6345.1,4297.77,96,2022,11,Autumn,3,0
2022-11-25,5.9941254,10.549133,3.7773438,1.7162957,1109713.1,0.056330364,9.505875,0.0,5372.495416666667,6204.35,4344.95,96,2022,11,Autumn,4,0
2022-11-26,5.2161484,8.909515,2.0570374,1.9951029,649945.6,0.05455017,10.283852,0.0,5014.47625,5622.22,4166.93,96,2022,11,Autumn,5,1
2022-11-27,5.0406723,8.285767,2.5092468,2.0725453,762649.6,0.002415975,10.459328,0.0,4749.888229166667,5462.41,3790.89,96,2022,11,Autumn,6,1
2022-11-28,4.3386993,5.4260254,3.723816,3.8089013,809348.25,0.045140587,11.161301,0.0,5411.150625,6273.28,3838.83,96,2022,11,Autumn,0,0
2022-11-29,2.9244537,4.661865,1.6722717,3.2616527,686455.44,0.01001358,12.575546,0.0,5623.428020833333,6445.7,4307.16,96,2022,11,Autumn,1,0
2022-11-30,3.7847137,5.473938,2.1536255,1.9545764,441544.53,0.11253357,11.715286,0.0,5632.360625,6368.07,4355.57,96,2022,11,Autumn,2,0
2022-12-01,3.178505,5.4888,1.410675,1.5971534,704456.56,0.07149379,12.321495,0.0,5559.405624999999,6402.28,4392.41,96,2022,12,Winter,3,0
2022-12-02,0.8469467,1.8118286,0.052246094,1.4985294,223010.14,0.42012534,14.653053,0.0,5694.09125,6456.89,4405.56,96,2022,12,Winter,4,0
2022-12-03,3.7061386,4.8776855,2.5014038,3.2222114,287825.06,0.024318695,11.793861,0.0,5055.650104166666,5726.36,4243.56,96,2022,12,Winter,5,1
2022-12-04,4.8030243,5.6676636,3.4465027,3.367383,581909.3,0.008392334,10.696976,0.0,4780.646979166667,5519.35,3889.21,96,2022,12,Winter,6,1
2022-12-05,5.2418137,5.848572,4.6063232,3.5463352,428714.66,0.05410512,10.258186,0.0,5435.6258333333335,6246.16,3891.82,96,2022,12,Winter,0,0
2022-12-06,4.954529,6.8083496,2.9741516,2.281156,835029.3,1.2857119,10.545471,0.0,5541.313125000001,6276.29,4282.3,96,2022,12,Winter,1,0
2022-12-07,3.5833664,6.175537,1.9736328,2.3769696,994112.0,0.038782757,11.916634,0.0,5615.875208333334,6398.22,4411.55,96,2022,12,Winter,2,0
2022-12-08,3.4264069,4.416809,2.5709229,2.7682471,309986.12,0.13097127,12.073593,0.0,5702.488854166667,6455.53,4485.86,96,2022,12,Winter,3,0
2022-12-09,4.7644043,5.6273193,4.103882,3.081003,99242.664,1.5508335,10.735596,0.0,5664.856145833332,6421.2,4409.49,96,2022,12,Winter,4,0
2022-12-10,3.6175613,5.00119,2.6374512,4.392823,225634.14,1.4638901,11.882439,0.0,5090.410208333334,5767.67,4172.68,96,2022,12,Winter,5,1
2022-12-11,1.5497513,2.4813232,0.37902832,7.74821,821316.25,0.83996457,13.950249,0.0,4984.961354166667,5664.71,3970.36,96,2022,12,Winter,6,1
2022-12-12,-1.1649017,0.3861084,-2.2406921,3.7462385,625877.3,0.06965002,16.664902,0.0,5665.343958333334,6597.59,4144.01,96,2022,12,Winter,0,0
2022-12-13,-3.0309448,0.9148865,-5.825348,1.7796392,1041966.94,0.0,18.530945,0.0,5807.393541666667,6681.59,4631.41,96,2022,12,Winter,1,0
2022-12-14,-1.4128723,0.42022705,-3.656128,4.0845776,416443.72,0.00518163,16.912872,0.0,5999.425208333333,6776.48,4684.43,96,2022,12,Winter,2,0
2022-12-15,0.6179733,1.8152161,-0.57595825,2.1223178,741725.9,0.18040338,14.882027,0.0,5852.8748958333335,6558.75,4621.2,96,2022,12,Winter,3,0
2022-12-16,2.2883682,2.9056396,1.7155457,2.5824113,317576.53,1.1906307,13.211632,0.0,5586.447708333333,6257.81,4503.75,96,2022,12,Winter,4,0
2022-12-17,-0.0830307,1.0967407,-0.87109375,5.6397123,591769.6,0.027561188,15.583031,0.0,5186.217604166667,5897.44,4236.64,96,2022,12,Winter,5,1
2022-12-18,-3.389801,-0.2590332,-6.0838623,1.8939509,1006088.56,0.0,18.889801,0.0,4978.299479166667,5793.66,4100.55,96,2022,12,Winter,6,1
2022-12-19,-1.5905762,-0.199646,-3.6687012,4.131803,565811.2,0.0056584678,17.090576,0.0,5538.515208333333,6427.96,4224.38,96,2022,12,Winter,0,0
2022-12-20,-0.3512497,0.051116943,-1.0691223,3.5523703,529160.56,0.02673467,15.85125,0.0,5521.5984375,6301.21,4392.73,96,2022,12,Winter,1,0
2022-12-21,0.76911926,1.1526184,0.54156494,1.7852459,294997.34,0.01745224,14.730881,0.0,5458.35875,6180.27,4298.15,96,2022,12,Winter,2,0
2022-12-22,2.0173492,3.796814,0.22592163,2.3595428,740667.75,0.1821836,13.482651,0.0,5194.513645833334,5953.69,4129.52,96,2022,12,Winter,3,0
2022-12-23,4.870346,6.8367004,2.399475,3.0488791,412919.47,0.042565666,10.629654,0.0,4882.1996874999995,5690.93,3847.38,96,2022,12,Winter,4,0
2022-12-24,8.537949,12.475647,6.1816406,2.8708239,776012.8,0.5343437,6.9620514,0.0,4324.056041666667,4926.55,3479.71,96,2022,12,Winter,5,1
2022-12-25,7.2584763,11.107971,4.066803,2.303783,717073.06,0.0024159749,8.241524,0.0,3938.123020833333,4438.42,3271.72,96,2022,12,Winter,6,1
2022-12-26,6.968666,9.035645,4.9673767,2.1737716,835430.4,0.00025431317,8.531334,0.0,3982.574375,4577.23,3216.95,96,2022,12,Winter,0,0
2022-12-27,5.9608383,8.293701,3.0984802,3.677157,1008554.7,0.57843524,9.539162,0.0,4299.4590625,5138.03,3260.46,96,2022,12,Winter,1,0
2022-12-28,2.630745,6.8667297,-0.20706177,3.577241,968192.0,0.0,12.869255,0.0,4516.36125,5293.87,3635.12,96,2022,12,Winter,2,0
2022-12-29,3.3377,6.5867615,1.468811,2.926293,967795.2,0.0,12.1623,0.0,4640.567291666667,5369.44,3734.25,96,2022,12,Winter,3,0
2022-12-30,3.2332382,4.5233154,2.1405334,1.6282222,462592.0,0.04088084,12.266762,0.0,4633.558020833333,5332.56,3642.38,96,2022,12,Winter,4,0
2022-12-31,7.9321594,10.083984,5.636322,3.3236516,796846.94,0.00082651776,7.5678406,0.0,4351.778645833333,5144.83,3492.56,96,2022,12,Winter,5,1
2023-01-01,8.398048,12.335327,5.848572,2.7245235,811771.75,0.00025431317,7.1019516,0.0,3880.402083333333,4586.77,3368.65,96,2023,1,Winter,6,1
2023-01-02,6.3056946,9.758789,4.29245,1.701107,675537.06,0.009187062,9.194305,0.0,4646.277083333333,5506.06,3292.88,96,2023,1,Winter,0,0
2023-01-03,6.222328,8.090393,4.220978,1.6799567,361787.72,0.51078796,9.277672,0.0,4971.7908333333335,5732.32,3766.39,96,2023,1,Winter,1,0
2023-01-04,6.270996,9.250275,2.6192627,2.5896673,863859.2,0.05941391,9.229004,0.0,4985.5134375,5806.95,3920.0,96,2023,1,Winter,2,0
2023-01-05,8.480598,10.4021,6.7956543,3.9527123,386269.88,0.38884482,7.0194016,0.0,5156.544270833333,5834.87,3983.12,96,2023,1,Winter,3,0
2023-01-06,8.272293,11.028809,6.891449,2.7803957,229760.0,0.08888245,7.227707,0.0,5077.9975,5856.13,4035.41,96,2023,1,Winter,4,0
2023-01-07,6.231369,10.792328,3.4724426,1.9772238,1003229.9,0.0009854634,9.268631,0.0,4726.6090625,5463.41,4057.5,96,2023,1,Winter,5,1
2023-01-08,5.887665,8.5,3.332489,3.1587553,600477.9,0.003941854,9.612335,0.0,4665.508958333333,5372.53,3777.6,96,2023,1,Winter,6,1
2023-01-09,7.718498,8.723907,6.8173523,4.3538065,223850.67,2.0703316,7.781502,0.0,5337.332083333334,6111.08,3750.23,96,2023,1,Winter,0,0
2023-01-10,6.2739487,6.789154,5.59729,7.7615156,289053.88,2.7271588,9.226051,0.0,5507.915208333333,6227.02,4166.41,96,2023,1,Winter,1,0
2023-01-11,4.4472885,7.384552,1.8817444,3.155443,1149158.4,6.357829e-05,11.0527115,0.0,5375.0228125,6175.5,4298.81,96,2023,1,Winter,2,0
2023-01-12,5.8783646,9.663147,3.7232666,2.3882008,1059421.9,0.73337555,9.621635,0.0,5460.598541666667,6180.37,4330.15,96,2023,1,Winter,3,0
2023-01-13,5.45282,7.3382874,3.9382935,3.5959115,880580.25,0.14692943,10.04718,0.0,5512.894166666666,6230.46,4348.74,96,2023,1,Winter,4,0
2023-01-14,5.686531,10.124878,3.4298096,2.3823953,1138892.8,0.0017801921,9.813469,0.0,4903.339479166667,5563.04,4187.77,96,2023,1,Winter,5,1
2023-01-15,5.9157715,7.6763,4.320862,4.6022863,571481.6,0.58123267,9.5842285,0.0,4776.904270833334,5468.82,3898.99,96,2023,1,Winter,6,1
2023-01-16,4.166771,5.3121033,3.5498962,2.4728503,195660.8,1.1141777,11.333229,0.0,5511.686979166666,6294.86,3870.99,96,2023,1,Winter,0,0
2023-01-17,4.573967,7.113037,2.8008728,3.3859296,1212398.9,1.6308467,10.926033,0.0,5466.185520833333,6234.62,4374.83,96,2023,1,Winter,1,0
2023-01-18,4.43631,6.601837,3.1119995,2.0709188,1094284.8,0.7599195,11.06369,0.0,5470.108854166666,6167.86,4291.79,96,2023,1,Winter,2,0
2023-01-19,2.7096558,4.5678406,1.414093,4.703044,419315.2,0.79434717,12.790344,0.0,5685.638125,6354.01,4363.9,96,2023,1,Winter,3,0
2023-01-20,0.19302368,1.4310608,-1.0153809,5.1088057,532036.25,0.18059413,15.306976,0.0,5773.861041666667,6498.31,4438.63,96,2023,1,Winter,4,0
2023-01-21,0.66378784,0.96347046,0.35714722,5.313176,590762.7,0.20011266,14.836212,0.0,5256.881875,5953.63,4410.71,96,2023,1,Winter,5,1
2023-01-22,0.36245728,0.83380127,-0.30596924,3.7209008,485444.28,0.962766,15.137543,0.0,4946.2586458333335,5595.32,4070.91,96,2023,1,Winter,6,1
2023-01-23,3.2110672,5.3560486,1.242218,3.8818161,748194.1,0.101025894,12.288933,0.0,5404.435416666666,6182.17,4003.39,96,2023,1,Winter,0,0
2023-01-24,3.281189,5.318939,2.3429565,2.950735,838429.9,0.05982717,12.218811,0.0,5489.099479166667,6235.62,4322.18,96,2023,1,Winter,1,0
2023-01-25,1.2487259,2.2721558,0.3952942,1.5907397,562073.6,0.018755594,14.251274,0.0,5732.078645833334,6453.15,4450.25,96,2023,1,Winter,2,0
2023-01-26,1.234993,1.8560791,0.88171387,1.3507726,474026.66,0.262324,14.265007,0.0,5756.008854166666,6421.79,4455.85,96,2023,1,Winter,3,0
2023-01-27,0.2056427,1.1089783,-0.2373352,2.9252973,618824.56,0.19553503,15.294357,0.0,5794.251458333333,6475.99,4548.2,96,2023,1,Winter,4,0
2023-01-28,0.029136658,0.8140564,-0.7871094,4.3843694,535304.56,0.042406715,15.470863,0.0,5254.593333333333,5829.21,4449.64,96,2023,1,Winter,5,1
2023-01-29,-0.39875793,0.30325317,-1.9912109,3.3407362,1326792.5,0.002861023,15.898758,0.0,5097.9295833333335,5862.97,4099.43,96,2023,1,Winter,6,1
2023-01-30,-0.8263931,2.4403687,-4.2628784,2.7422903,934848.0,0.018978119,16.326393,0.0,5713.599479166667,6495.32,4257.33,96,2023,1,Winter,0,0
2023-01-31,4.434807,6.159851,3.0679932,5.7392955,1320418.1,0.09950002,11.065193,0.0,5606.200937500001,6375.4,4584.6,96,2023,1,Winter,1,0
2023-02-01,4.5714493,7.183838,2.530243,3.6253467,647048.56,0.28855005,10.928551,0.0,5640.845416666667,6361.88,4493.15,96,2023,2,Winter,2,0
2023-02-02,4.0651016,6.1438904,2.623932,5.1077714,1247829.4,0.39561588,11.434898,0.0,5593.615312499999,6354.62,4484.4,96,2023,2,Winter,3,0
2023-02-03,3.6478958,6.339142,1.3628845,4.029648,459771.72,0.6668409,11.852104,0.0,5845.420520833333,6581.04,4595.52,96,2023,2,Winter,4,0
2023-02-04,3.8511887,6.163849,1.2746887,8.732763,1359940.2,0.3674507,11.648811,0.0,5169.1492708333335,5881.13,4388.23,96,2023,2,Winter,5,1
2023-02-05,-0.89862823,1.1481323,-2.261963,4.9405804,850811.75,0.002002716,16.398628,0.0,5013.0325,5941.34,4243.3,96,2023,2,Winter,6,1
2023-02-06,-3.861435,-1.3804016,-5.803833,2.3654726,1087270.4,0.00047683716,19.361435,0.0,5727.231979166667,6689.18,4436.22,96,2023,2,Winter,0,0
2023-02-07,-4.568474,0.0713501,-8.052551,1.761572,1541312.0,0.00012715659,20.068474,0.0,5875.391145833334,6734.94,4948.71,96,2023,2,Winter,1,0
2023-02-08,-2.983574,1.497406,-5.950012,1.5741053,1401766.4,0.0044186907,18.483574,0.0,5819.955833333333,6689.86,4882.87,96,2023,2,Winter,2,0
2023-02-09,-2.8701172,3.1340332,-7.120819,2.2368023,1590967.5,0.0,18.370117,0.0,5828.917395833333,6736.41,4944.56,96,2023,2,Winter,3,0
2023-02-10,-2.1285782,4.1357117,-6.7922363,2.294811,1625617.1,0.0,17.628578,0.0,5771.8810416666665,6569.19,4986.67,96,2023,2,Winter,4,0
2023-02-11,0.2765808,5.600464,-4.8261414,2.6105046,1190182.4,0.0,15.223419,0.0,5315.520520833333,5904.99,4554.6,96,2023,2,Winter,5,1
2023-02-12,6.1054764,9.617523,4.5352173,4.1899896,984618.7,0.10121664,9.394524,0.0,4879.274479166666,5787.23,4202.29,96,2023,2,Winter,6,1
2023-02-13,2.634262,6.984741,-1.4670715,1.9159656,1162210.1,0.00038146973,12.865738,0.0,5483.826770833333,6346.04,4337.66,96,2023,2,Winter,0,0
2023-02-14,4.0478516,7.081604,2.706543,3.0594473,1290525.9,3.1789146e-05,11.452148,0.0,5581.225208333333,6369.77,4586.38,96,2023,2,Winter,1,0
2023-02-15,1.3360443,5.705902,-1.6975708,1.6631247,1698990.9,0.0,14.163956,0.0,5506.0529166666665,6382.54,4628.94,96,2023,2,Winter,2,0
2023-02-16,0.64302826,5.859009,-2.79776,1.5436355,1709858.1,0.0,14.856972,0.0,5558.096875,6309.85,4681.44,96,2023,2,Winter,3,0
2023-02-17,4.332329,8.932709,-0.99295044,2.2283347,523592.53,0.2398173,11.167671,0.0,5541.756875,6134.3,4625.28,96,2023,2,Winter,4,0
2023-02-18,10.566772,14.380188,8.326599,3.0809407,708206.94,0.004863739,4.9332275,0.0,4855.135833333333,5472.97,4155.17,96,2023,2,Winter,5,1
2023-02-19,10.782593,14.153076,8.658722,3.7476802,1601245.9,0.41631064,4.717407,0.0,4607.050416666666,5456.6,3800.68,96,2023,2,Winter,6,1
2023-02-20,7.470314,11.8714905,3.3191528,3.2874584,1303044.2,0.23288727,8.029686,0.0,5212.842187499999,6060.37,3969.39,96,2023,2,Winter,0,0
2023-02-21,9.698486,16.007233,6.1116943,3.3914895,1797418.6,0.0,5.8015137,0.0,5021.474999999999,5974.54,4243.91,96,2023,2,Winter,1,0
2023-02-22,8.718178,13.564178,5.8422546,1.7681711,1463931.6,0.0,6.781822,0.0,5169.371979166667,6004.05,4181.51,96,2023,2,Winter,2,0
2023-02-23,8.1874695,11.466339,5.4380493,2.9859385,1112089.6,0.08322398,7.3125305,0.0,5255.665729166667,6052.7,4242.34,96,2023,2,Winter,3,0
2023-02-24,10.098221,13.81604,6.4397583,3.3975813,1755345.1,0.0060717263,5.401779,0.0,5162.392916666667,5850.49,4245.3,96,2023,2,Winter,4,0
2023-02-25,7.2890625,9.284454,5.2257996,4.5002666,1698568.6,0.9977659,8.2109375,0.0,4818.641041666667,5452.87,4086.52,96,2023,2,Winter,5,1
2023-02-26,2.981247,4.9096375,1.1972961,5.0595975,1439394.1,0.19661586,12.518753,0.0,4796.688958333333,5583.95,3905.91,96,2023,2,Winter,6,1
2023-02-27,1.2054672,3.5479126,-0.5267639,2.840539,1317145.6,0.0014940898,14.294533,0.0,5425.9134375,6306.31,4115.65,96,2023,2,Winter,0,0
2023-02-28,1.3359756,5.303131,-2.0783691,1.394353,1816887.5,0.010903676,14.164024,0.0,5525.491770833333,6261.6,4517.38,96,2023,2,Winter,1,0
2023-03-01,3.613037,6.845337,0.49569702,1.5142907,825382.44,0.0024159749,11.886963,0.0,5405.715416666667,6203.45,4438.32,96,2023,3,Spring,2,0
2023-03-02,3.9071503,9.85379,-0.7199402,1.4756446,1946380.8,0.002861023,11.59285,0.0,5269.494375,6115.64,4507.37,96,2023,3,Spring,3,0
2023-03-03,4.6610336,10.460236,0.6652527,2.0117836,1788902.4,0.025208792,10.838966,0.0,5274.6853125,6016.82,4423.68,96,2023,3,Spring,4,0
2023-03-04,3.8638306,11.133636,-1.8382874,2.9430742,2098180.2,0.0,11.636169,0.0,4674.841770833334,5544.52,4042.61,96,2023,3,Spring,5,1
2023-03-05,4.043297,6.401642,2.6181335,2.9632258,1011456.0,0.036303204,11.456703,0.0,4813.65375,5644.77,3984.05,96,2023,3,Spring,6,1
2023-03-06,4.6197586,6.579956,2.9248352,1.8988221,1460761.6,0.32672882,10.880241,0.0,5427.814791666667,6193.48,4037.49,96,2023,3,Spring,0,0
2023-03-07,3.8701248,5.759369,1.7329712,2.9146836,872106.7,0.053151447,11.629875,0.0,5504.442916666667,6226.23,4436.32,96,2023,3,Spring,1,0
2023-03-08,7.3889313,12.138794,3.1912537,3.785496,1006400.0,0.00667572,8.111069,0.0,5308.815520833333,6048.67,4410.84,96,2023,3,Spring,2,0
2023-03-09,12.208626,16.307953,10.097137,4.612959,1434841.6,0.37387213,3.2913742,0.0,5295.251979166666,6001.25,4294.74,96,2023,3,Spring,3,0
2023-03-10,10.571236,17.807922,6.43985,3.5232267,2087820.9,0.07940928,4.9287643,0.0,5077.986041666666,5865.96,4296.21,96,2023,3,Spring,4,0
2023-03-11,7.0080643,10.211121,4.5226746,6.8466406,1374003.2,0.010553995,8.491936,0.0,4779.928645833334,5516.48,4122.9,96,2023,3,Spring,5,1
2023-03-12,3.4205704,7.955139,-1.5783691,2.5988646,2252573.8,0.0,12.07943,0.0,4449.211666666667,5608.63,3776.86,96,2023,3,Spring,6,1
2023-03-13,9.735672,15.343353,4.2710266,5.1945705,2092586.6,0.00019073486,5.764328,0.0,4942.244270833334,5962.66,3998.63,96,2023,3,Spring,0,0
2023-03-14,13.089081,18.072144,10.5408325,5.063091,1633373.9,0.48834482,2.4109192,0.0,4981.2496875,5781.7,4212.69,96,2023,3,Spring,1,0
2023-03-15,7.029129,8.932404,5.130493,6.4697914,1892718.9,0.008996327,8.470871,0.0,4588.419895833334,5248.33,3869.74,96,2023,3,Spring,2,0
2023-03-16,4.13253,8.742462,0.8855591,3.9894629,2510361.5,0.0,11.36747,0.0,4908.545,6070.52,3853.28,96,2023,3,Spring,3,0
2023-03-17,4.3804474,11.127838,-1.8030396,3.99116,2435520.0,0.0,11.119553,0.0,4987.274479166666,5974.1,4288.42,96,2023,3,Spring,4,0
2023-03-18,7.502594,13.611176,2.2583008,3.993851,2508787.2,0.0,7.997406,0.0,4526.1028125,5500.94,3907.97,96,2023,3,Spring,5,1
2023-03-19,8.647743,14.486603,3.4563904,3.2626066,2332437.2,0.0,6.852257,0.0,4278.6554166666665,5410.12,3687.57,96,2023,3,Spring,6,1
2023-03-20,10.648872,16.893616,5.1413574,1.6690053,2224682.8,0.0010808309,4.8511276,0.0,4869.398749999999,5929.11,3810.61,96,2023,3,Spring,0,0
2023-03-21,11.890167,16.7659,8.718597,2.7634273,2009122.1,0.001780192,3.6098328,0.0,4876.9228125,5891.46,4170.04,96,2023,3,Spring,1,0
2023-03-22,12.314224,17.466003,8.285919,2.0908582,1727065.6,0.0028292339,3.1857758,0.0,4897.4384375,5872.2,4138.79,96,2023,3,Spring,2,0
2023-03-23,13.378906,20.072937,8.242798,3.214462,2514086.5,0.0,2.1210938,0.0,4805.7612500000005,5807.45,4155.37,96,2023,3,Spring,3,0
2023-03-24,14.397911,21.253387,8.895233,3.0526035,2417642.8,0.11240642,1.1020889,0.0,4727.838541666667,5691.64,4095.91,96,2023,3,Spring,4,0
2023-03-25,12.343887,14.4800415,10.588104,3.4560452,1661563.6,0.6453832,3.1561127,0.0,4475.674791666667,5188.68,3912.93,96,2023,3,Spring,5,1
2023-03-26,10.705124,16.190338,6.7113647,3.8390691,2619874.0,0.7424673,4.794876,0.0,4133.337395833333,5225.56,3714.34,96,2023,3,Spring,6,1
2023-03-27,7.286522,9.440491,4.7124634,6.6154804,1213094.4,0.9781202,8.213478,0.0,5165.784791666667,5891.9,3714.86,96,2023,3,Spring,0,0
2023-03-28,3.6900406,5.94989,2.3941345,5.904438,2646088.8,0.06516775,11.809959,0.0,5063.0221875,6094.86,4303.87,96,2023,3,Spring,1,0
2023-03-29,3.9891052,9.043091,-0.22729492,2.339229,2217527.5,0.013923646,11.510895,0.0,5082.985520833333,6010.88,4402.44,96,2023,3,Spring,2,0
2023-03-30,9.826706,13.822784,6.588745,2.953552,1766046.0,0.12203852,5.673294,0.0,5119.7273958333335,5916.94,4298.76,96,2023,3,Spring,3,0
2023-03-31,11.830368,17.631134,8.227234,4.3638616,2797158.2,0.3485362,3.669632,0.0,4758.773645833334,5597.86,4137.68,96,2023,3,Spring,4,0
2023-04-01,11.115875,14.754028,8.951721,3.5523248,2345391.0,0.12111664,4.3841248,0.0,4306.532708333333,5107.44,3734.12,96,2023,4,Spring,5,1
2023-04-02,9.97187,13.019531,7.6477966,4.561092,1795801.5,0.13027191,5.5281296,0.0,4127.301875,5188.96,3566.95,96,2023,4,Spring,6,1
2023-04-03,5.4539413,7.80307,4.496277,7.1681933,2288819.2,0.0,10.046059,0.0,4860.021145833333,5896.69,3708.97,96,2023,4,Spring,0,0
2023-04-04,3.1358185,6.123657,0.91223145,6.692915,2356403.2,0.0,12.3641815,0.0,5156.411666666667,6044.2,4304.94,96,2023,4,Spring,1,0
2023-04-05,2.734703,7.5979004,-1.0549927,4.572879,3007594.8,0.0,12.765297,0.0,5014.568749999999,5986.35,4366.67,96,2023,4,Spring,2,0
2023-04-06,4.245308,9.260468,-0.15960693,4.6769934,2543342.8,0.013828278,11.254692,0.0,5200.298020833333,6507.63,4354.32,96,2023,4,Spring,3,0
2023-04-07,5.261635,5.61438,4.9238586,3.1828597,921920.0,0.3871282,10.238365,0.0,4619.01875,5173.7,3861.33,96,2023,4,Spring,4,0
2023-04-08,3.9128113,4.983032,2.4508057,1.4977648,884787.2,1.6488075,11.587189,0.0,4547.169479166667,5175.55,3698.12,96,2023,4,Spring,5,1
2023-04-09,5.640709,8.069305,3.6349792,1.430942,2452155.8,0.27923584,9.859291,0.0,4050.648541666667,4796.33,3618.07,96,2023,4,Spring,6,1
2023-04-10,8.240875,13.887695,3.3032227,2.737587,2159590.5,3.1789146e-05,7.2591248,0.0,3834.7225,4809.73,3385.02,96,2023,4,Spring,0,0
2023-04-11,8.945808,15.250183,4.359497,2.5088875,2421056.0,0.27427673,6.5541916,0.0,4668.868750000001,5688.88,3495.66,96,2023,4,Spring,1,0
2023-04-12,10.014908,14.218842,6.3592834,2.9340932,3429913.5,0.0,5.485092,0.0,4745.2765625,5759.23,4131.11,96,2023,4,Spring,2,0
2023-04-13,9.52079,10.650299,8.535858,2.4678068,972300.8,1.8591881,5.97921,0.0,4931.128645833333,5731.67,4121.13,96,2023,4,Spring,3,0
2023-04-14,6.894226,8.094635,5.3912354,3.7005882,345228.78,3.610007,8.605774,0.0,5220.064895833333,5774.55,4118.19,96,2023,4,Spring,4,0
2023-04-15,7.5037766,9.348511,5.7466736,2.904996,928153.6,1.4169056,7.9962234,0.0,4542.341770833334,5307.72,3927.08,96,2023,4,Spring,5,1
2023-04-16,8.573448,11.236633,6.1584473,2.7037234,1233186.1,0.88818866,6.926552,0.0,4264.634375000001,5198.54,3771.22,96,2023,4,Spring,6,1
2023-04-17,12.409332,17.508759,8.710846,4.512968,2576076.8,0.19194286,3.0906677,0.0,4799.7034375,5693.38,3707.96,96,2023,4,Spring,0,0
2023-04-18,11.637131,13.527771,10.67511,3.535252,1076731.8,0.33925372,3.8628693,0.0,4860.476145833333,5646.32,4062.76,96,2023,4,Spring,1,0
2023-04-19,10.54734,12.824707,9.383209,3.4209046,2000503.4,0.43423972,4.9526596,0.0,4775.426145833333,5714.42,4038.18,96,2023,4,Spring,2,0
2023-04-20,10.877441,16.12799,6.6780396,1.5833255,2366481.0,0.03681183,4.6225586,0.0,4647.563854166667,5618.32,4057.99,96,2023,4,Spring,3,0
2023-04-21,13.111511,18.643494,8.246887,1.9706385,3416729.5,0.005626678,2.3884888,0.0,4573.318854166667,5462.99,3987.3,96,2023,4,Spring,4,0
2023-04-22,13.561531,20.44403,6.8079834,2.271915,3052394.5,0.0,1.9384689,0.0,4051.5636458333333,5009.66,3592.08,96,2023,4,Spring,5,1
2023-04-23,16.240791,22.365295,10.741241,3.89325,3596672.0,0.0,0.0,0.0,3794.046979166667,4935.67,3219.84,96,2023,4,Spring,6,1
2023-04-24,13.607391,14.303986,11.903198,3.4078274,1608678.4,1.428477,1.8926086,0.0,4781.237708333333,6466.47,3546.78,96,2023,4,Spring,0,0
2023-04-25,11.829918,14.623962,10.4339905,4.4183517,3011451.8,0.08656184,3.670082,0.0,4818.0628125,5597.87,3988.65,96,2023,4,Spring,1,0
2023-04-26,9.433998,12.012909,8.112762,4.7371264,3124462.8,0.00082651776,6.066002,0.0,4720.670729166667,5720.65,4064.01,96,2023,4,Spring,2,0
2023-04-27,9.521065,14.321594,4.5599976,1.4925458,3216430.8,6.357829e-05,5.9789352,0.0,4654.45,5593.18,4170.98,96,2023,4,Spring,3,0
2023-04-28,11.497337,16.657196,5.9875183,3.4770951,2833224.5,0.23384094,4.0026627,0.0,4527.266979166667,5381.53,3954.4,96,2023,4,Spring,4,0
2023-04-29,13.970978,17.378113,11.373657,1.6852401,2255296.0,1.7441432,1.5290222,0.0,4126.357916666667,4970.06,3656.67,96,2023,4,Spring,5,1
2023-04-30,13.917114,17.09082,11.968109,4.195508,3341337.5,0.035381317,1.5828857,0.0,3780.7740625,4711.71,3335.72,96,2023,4,Spring,6,1
2023-05-01,13.856506,19.480774,8.205505,2.1617773,3649015.5,0.009918212,1.6434937,0.0,3488.7598958333333,4711.04,2743.75,96,2023,5,Spring,0,0
2023-05-02,14.750168,19.585419,11.143768,2.5545177,2334152.5,0.73782605,0.74983215,0.0,4410.722604166666,5450.65,3314.61,96,2023,5,Spring,1,0
2023-05-03,13.218094,14.695618,12.250275,3.9047744,1022562.2,1.9658725,2.2819061,0.0,4700.201770833333,5552.06,3891.26,96,2023,5,Spring,2,0
2023-05-04,14.259331,18.353394,10.653229,2.4469984,2696072.5,0.07578532,1.2406693,0.0,4629.972604166666,5555.47,4012.78,96,2023,5,Spring,3,0
2023-05-05,15.102051,21.733307,7.677765,1.7354102,3979503.0,0.0,0.39794922,0.0,4456.438958333333,5319.02,3951.24,96,2023,5,Spring,4,0
2023-05-06,16.309845,21.285065,11.895203,1.5452867,3320580.2,0.0040690107,0.0,0.0,4055.1340625,4831.42,3589.66,96,2023,5,Spring,5,1
2023-05-07,16.000893,20.83493,13.592163,2.8483872,3191599.0,0.020853678,0.0,0.0,3843.1921875000003,4830.85,3377.48,96,2023,5,Spring,6,1
2023-05-08,12.128029,15.854553,8.602936,2.2421274,2381376.0,0.013033548,3.3719711,0.0,4311.958958333334,5414.32,3447.65,96,2023,5,Spring,0,0
2023-05-09,12.636139,17.448975,7.6839294,2.5613122,3433356.8,0.0075658164,2.863861,0.0,4482.640416666666,5507.5,3888.08,96,2023,5,Spring,1,0
2023-05-10,14.13427,18.65915,9.676544,4.3832746,2897062.2,0.0019391377,1.3657303,0.0,4545.542604166667,5505.7,3931.68,96,2023,5,Spring,2,0
2023-05-11,14.720169,18.617126,12.5616455,4.510206,1792324.1,0.655365,0.77983093,0.0,4574.313958333333,5461.31,3966.02,96,2023,5,Spring,3,0
2023-05-12,10.973831,11.65802,10.495789,4.5344152,788381.9,2.7637162,4.526169,0.0,4902.360625,5426.2,3956.32,96,2023,5,Spring,4,0
2023-05-13,12.033356,13.500549,10.531189,3.671242,1203515.8,0.3915469,3.4666443,0.0,4265.202083333334,4890.54,3599.33,96,2023,5,Spring,5,1
2023-05-14,11.51873,11.994232,10.801819,3.4440534,653892.3,4.3688774,3.9812698,0.0,4269.007604166666,4964.11,3408.42,96,2023,5,Spring,6,1
2023-05-15,14.438522,17.242401,11.750061,1.1076506,2571464.8,0.7749875,1.0614777,0.0,4715.496041666666,5419.75,3525.52,96,2023,5,Spring,0,0
2023-05-16,12.557106,13.116577,11.972717,3.0557504,893235.2,3.2003722,2.942894,0.0,4993.609375,5537.2,3892.4,96,2023,5,Spring,1,0
2023-05-17,11.21566,12.993103,9.725952,6.2466946,649962.7,1.4650663,4.28434,0.0,4882.546145833333,5542.46,3957.03,96,2023,5,Spring,2,0
2023-05-18,11.235008,12.592712,9.871033,4.3646593,736076.9,0.24913152,4.2649918,0.0,5020.556666666666,5544.61,3992.13,96,2023,5,Spring,3,0
2023-05-19,14.867119,18.623444,11.055145,1.2813461,2279027.2,0.26572546,0.63288116,0.0,4471.819375,5261.71,3948.0,96,2023,5,Spring,4,0
2023-05-20,18.574959,24.347687,12.444519,2.5248475,4137045.2,0.2143224,0.0,0.5749588,3862.3155208333333,4696.42,3389.22,96,2023,5,Spring,5,1
2023-05-21,20.421959,25.270905,15.48407,2.2181044,4066803.2,0.006866455,0.0,2.421959,3684.082395833333,4771.92,3248.59,96,2023,5,Spring,6,1
2023-05-22,20.157997,25.272278,14.761536,1.2955186,4108399.0,0.011126201,0.0,2.1579971,4305.5581250000005,5310.14,3421.3,96,2023,5,Spring,0,0
2023-05-23,19.499985,26.614319,14.528381,2.178289,4121284.5,0.8678436,0.0,1.4999847,4455.478854166667,5254.4,3853.5,96,2023,5,Spring,1,0
2023-05-24,18.149208,21.315704,16.21698,3.9341393,3647790.8,0.005372365,0.0,0.14920807,4466.944375,5240.49,3798.93,96,2023,5,Spring,2,0
2023-05-25,17.493896,21.706512,13.352509,3.2456448,2927424.0,0.04196167,0.0,0.0,4407.575416666667,5245.45,3805.45,96,2023,5,Spring,3,0
2023-05-26,18.553894,23.078644,14.246307,4.1890106,3464123.8,0.020281473,0.0,0.55389404,4281.807708333333,5055.14,3762.38,96,2023,5,Spring,4,0
2023-05-27,18.254654,22.154419,15.251587,3.4747043,3578346.8,1.0530789,0.0,0.25465393,3824.6942708333336,4583.17,3395.68,96,2023,5,Spring,5,1
2023-05-28,17.938728,22.660767,12.790527,1.3452313,3657250.0,0.008328756,0.0,0.0,3335.3634375,4278.45,2822.34,96,2023,5,Spring,6,1
2023-05-29,18.706795,23.699768,13.497559,1.7110473,3762474.5,0.06580353,0.0,0.70679474,3509.3945833333332,4440.9,2974.6,96,2023,5,Spring,0,0
2023-05-30,18.80046,23.439484,14.322784,2.752065,3679304.5,0.022093454,0.0,0.8004608,4319.1909375000005,5097.9,3175.79,96,2023,5,Spring,1,0
2023-05-31,19.692535,24.380554,15.078552,2.360191,3608328.5,0.06504058,0.0,1.6925354,4376.701770833333,5292.27,3731.43,96,2023,5,Spring,2,0
2023-06-01,20.398483,25.768494,14.630188,1.110365,4125777.0,0.015258789,0.0,2.3984833,4407.559583333333,5274.95,3824.49,96,2023,6,Summer,3,0
2023-06-02,20.892433,25.870667,15.403381,2.0428133,3510361.5,0.024795532,0.0,2.8924332,4453.809479166667,5140.12,3827.46,96,2023,6,Summer,4,0
2023-06-03,17.82093,21.266357,14.9539795,2.2710557,3689945.8,0.00082651776,0.0,0.0,3799.334375,4670.98,3353.68,96,2023,6,Summer,5,1
2023-06-04,17.399025,20.666046,14.911652,2.9291825,3606523.8,0.050640106,0.0,0.0,3749.3351041666665,4716.68,3207.04,96,2023,6,Summer,6,1
2023-06-05,18.203842,22.236572,15.074249,1.8200303,2086527.9,1.1279424,0.0,0.20384216,4430.120729166667,5274.23,3406.49,96,2023,6,Summer,0,0
2023-06-06,18.19976,20.869843,16.595947,1.0770621,2351803.8,1.7821629,0.0,0.19976044,4801.200104166667,5289.27,3917.13,96,2023,6,Summer,1,0
2023-06-07,18.561234,20.706848,16.983093,0.91797054,2523114.8,3.2354991,0.0,0.5612335,4684.103020833333,5292.76,3884.63,96,2023,6,Summer,2,0
2023-06-08,18.823975,22.318176,16.068817,0.8115778,3020352.0,1.3845444,0.0,0.8239746,4610.548958333334,5255.55,3902.66,96,2023,6,Summer,3,0
2023-06-09,18.585014,20.958588,16.585358,1.4864981,2493576.5,3.0169804,0.0,0.58501434,4541.204583333333,5023.11,3794.32,96,2023,6,Summer,4,0
2023-06-10,19.383186,23.167938,16.083496,1.9692447,2647172.2,0.13548534,0.0,1.3831863,3955.6167708333337,4645.36,3482.62,96,2023,6,Summer,5,1
2023-06-11,19.60788,22.502441,17.829895,2.683917,3337088.0,1.1577606,0.0,1.6078796,3762.1835416666668,4584.38,3232.63,96,2023,6,Summer,6,1
2023-06-12,18.8601,22.232056,15.959869,2.1973999,4584205.0,0.00012715659,0.0,0.8600998,4152.504270833333,5093.64,3355.16,96,2023,6,Summer,0,0
2023-06-13,17.749344,21.362823,13.779541,1.3107476,4061017.5,0.0,0.0,0.0,4345.040520833333,5167.6,3749.87,96,2023,6,Summer,1,0
2023-06-14,17.127472,21.09024,11.995605,0.69842494,3352836.2,0.0055948896,0.0,0.0,4474.4975,5197.07,3832.58,96,2023,6,Summer,2,0
2023-06-15,18.456451,23.381195,12.536407,1.8389344,4147076.2,0.000667572,0.0,0.45645142,4418.686979166667,5204.3,3814.84,96,2023,6,Summer,3,0
2023-06-16,19.750687,24.39737,15.059448,3.4844532,3643127.5,0.0012715658,0.0,1.7506866,4466.7803125,4968.66,3850.89,96,2023,6,Summer,4,0
2023-06-17,19.492783,23.36731,15.7508545,3.6130521,4251814.5,0.004164378,0.0,1.4927826,3888.7940624999997,4636.27,3546.46,96,2023,6,Summer,5,1
2023-06-18,21.300957,26.840088,13.860046,1.0141898,4033450.5,0.009409587,0.0,3.3009567,3695.8678125,4702.32,3256.74,96,2023,6,Summer,6,1
2023-06-19,22.947037,28.617462,16.246979,1.4591928,4471270.5,0.008074442,0.0,4.9470367,4440.478958333333,5360.08,3453.42,96,2023,6,Summer,0,0
2023-06-20,24.591492,30.458069,17.775482,2.11035,4410807.5,0.001335144,0.0,6.5914917,4642.489090909091,5517.77,3903.54,88,2023,6,Summer,1,0
2023-06-21,25.964256,31.352661,21.60373,1.762763,4259942.5,0.021743774,0.0,7.9642563,4918.398958333333,5768.91,4028.33,96,2023,6,Summer,2,0
2023-06-22,26.131256,30.919128,21.171173,1.702536,4486758.5,0.0,0.0,8.131256,5015.3298958333335,5902.23,4147.27,96,2023,6,Summer,3,0
2023-06-23,25.670708,29.92273,21.221252,4.3513794,3890005.5,0.0,0.0,7.6707077,5013.012916666667,5812.62,4069.78,96,2023,6,Summer,4,0
2023-06-24,19.615456,21.091705,18.196503,5.89916,2631995.8,0.07775624,0.0,1.6154556,4107.7673958333335,4800.75,3707.93,96,2023,6,Summer,5,1
2023-06-25,22.08007,26.442291,17.700653,3.465797,3716774.5,0.010935465,0.0,4.0800705,3960.7334374999996,4880.8,3478.79,96,2023,6,Summer,6,1
2023-06-26,23.087639,28.266022,16.342316,2.2135956,4498705.0,0.0007947286,0.0,5.087639,4597.303645833334,5502.95,3618.09,96,2023,6,Summer,0,0
2023-06-27,20.3928,21.563751,19.021454,3.596207,2543343.0,0.14177959,0.0,2.3927994,4901.508125,5433.77,4051.03,96,2023,6,Summer,1,0
2023-06-28,18.662727,21.673126,15.933075,2.9160337,3294370.2,0.09508133,0.0,0.66272736,4554.381354166667,5264.12,3924.23,96,2023,6,Summer,2,0
2023-06-29,20.56794,25.079773,14.203003,2.3403037,3362329.5,0.0032107034,0.0,2.5679398,4521.6189583333335,5290.23,3975.07,96,2023,6,Summer,3,0
2023-06-30,22.28624,27.848236,15.755737,3.067891,4593113.5,0.0,0.0,4.2862396,4513.665729166666,5284.79,3958.73,96,2023,6,Summer,4,0
2023-07-01,21.915207,25.611237,18.934204,2.0456681,2786747.8,0.8435567,0.0,3.915207,4117.2032291666665,4816.65,3655.53,96,2023,7,Summer,5,1
2023-07-02,22.855537,26.812683,19.076172,3.56188,4278208.0,0.12575786,0.0,4.8555374,3953.180208333333,4869.46,3489.61,96,2023,7,Summer,6,1
2023-07-03,21.91729,25.385925,17.886597,2.415626,3017463.5,0.15150706,0.0,3.9172897,4582.79375,5434.67,3573.79,96,2023,7,Summer,0,0
2023-07-04,22.274734,25.83722,19.157928,1.901258,3273975.5,0.4655838,0.0,4.2747345,4834.450520833333,5365.44,4055.64,96,2023,7,Summer,1,0
2023-07-05,22.591637,27.96222,17.013885,2.4363961,3994171.8,0.022029877,0.0,4.5916367,4774.657604166667,5610.52,4046.49,96,2023,7,Summer,2,0
2023-07-06,21.97419,26.134888,18.944183,3.0696788,4188015.0,0.0,0.0,3.9741898,4752.932916666667,5426.21,4103.1,96,2023,7,Summer,3,0
2023-07-07,22.519875,27.79657,17.052643,2.672761,4552418.0,0.0,0.0,4.5198746,4610.0086458333335,5333.6,4033.67,96,2023,7,Summer,4,0
2023-07-08,22.764229,28.610046,15.909576,1.7118576,4471803.5,0.0,0.0,4.764229,4047.7741666666666,4904.71,3651.39,96,2023,7,Summer,5,1
2023-07-09,24.324142,30.863739,16.638458,1.3103387,4255057.0,0.0,0.0,6.3241425,3993.2688541666666,5062.22,3447.06,96,2023,7,Summer,6,1
2023-07-10,25.928185,34.00464,20.323364,2.6557963,4256439.5,0.022252401,0.0,7.9281845,4840.028854166667,5761.51,3663.89,96,2023,7,Summer,0,0
2023-07-11,26.303802,30.43219,21.60675,2.4113765,4294604.5,0.0,0.0,8.3038025,4978.713854166667,5856.6,4149.92,96,2023,7,Summer,1,0
2023-07-12,27.230995,31.933563,23.06662,2.5457993,4020070.2,0.004514058,0.0,9.230995,5115.484895833333,5942.33,4192.89,96,2023,7,Summer,2,0
2023-07-13,22.628677,27.82315,19.180664,2.6431313,2672298.5,2.3535411,0.0,4.6286774,4897.9015625,5518.39,4194.98,96,2023,7,Summer,3,0
2023-07-14,23.306038,28.121063,18.475708,1.9539912,4302315.0,0.0,0.0,5.306038,4739.377708333333,5536.76,4062.35,96,2023,7,Summer,4,0
2023-07-15,25.673119,30.947784,18.795593,3.4047651,4478575.0,0.0,0.0,7.6731186,4365.9503125,5305.55,3859.36,96,2023,7,Summer,5,1
2023-07-16,27.904205,32.09796,23.334717,2.8327541,4117777.2,0.0013987224,0.0,9.904205,4398.600104166667,5578.25,3646.51,96,2023,7,Summer,6,1
2023-07-17,27.128296,31.226776,22.607666,2.204588,3789696.0,0.2948761,0.0,9.128296,5182.132395833333,5977.54,3939.3,96,2023,7,Summer,0,0
2023-07-18,25.820953,29.983185,22.50534,2.3494878,3823095.5,0.008042653,0.0,7.8209534,5078.692916666667,5961.82,4256.93,96,2023,7,Summer,1,0
2023-07-19,25.531517,30.774658,21.62262,2.709358,3234513.2,0.18984477,0.0,7.531517,5046.272395833334,5789.66,4213.75,96,2023,7,Summer,2,0
2023-07-20,24.193779,28.308807,20.526215,3.1161318,3914534.5,0.0005722046,0.0,6.193779,4863.951979166667,5649.03,4188.64,96,2023,7,Summer,3,0
2023-07-21,20.524162,24.113678,18.12918,1.8520427,2234901.2,0.6561279,0.0,2.5241623,4721.7482291666665,5172.55,3922.1,96,2023,7,Summer,4,0
2023-07-22,21.327934,26.1958,16.426666,2.840044,4081715.2,0.03461838,0.0,3.3279343,3957.0470833333334,4800.24,3522.95,96,2023,7,Summer,5,1
2023-07-23,23.154327,28.787598,17.399384,3.1066463,4181303.5,0.05133947,0.0,5.1543274,3876.8253124999997,4985.12,3406.99,96,2023,7,Summer,6,1
2023-07-24,26.627922,32.262573,21.590637,4.8746967,4159901.8,0.000890096,0.0,8.627922,4692.633125,5660.43,3623.21,96,2023,7,Summer,0,0
2023-07-25,21.638527,22.542755,20.730682,2.2139368,1438647.5,1.2436231,0.0,3.638527,4762.66,5441.44,3951.76,96,2023,7,Summer,1,0
2023-07-26,18.382164,19.752716,16.825165,4.6801653,2247176.5,0.11278789,0.0,0.382164,4418.925833333334,4979.66,3782.48,96,2023,7,Summer,2,0
2023-07-27,18.42575,22.908752,13.614838,3.343576,3687765.5,0.00073115027,0.0,0.42575073,4096.414583333333,4949.94,3667.53,96,2023,7,Summer,3,0
2023-07-28,21.917915,27.695831,18.005432,3.1693108,3206242.0,0.018501282,0.0,3.9179153,4208.1634375,4951.77,3596.84,96,2023,7,Summer,4,0
2023-07-29,23.646545,28.872345,19.426636,1.9286246,3720601.5,0.1411438,0.0,5.6465454,3884.5305208333334,4679.28,3478.39,96,2023,7,Summer,5,1
2023-07-30,21.243065,23.337097,19.59497,1.8716551,2461717.5,0.68572366,0.0,3.2430649,3828.7256249999996,4563.57,3273.49,96,2023,7,Summer,6,1
2023-07-31,21.724266,25.691864,18.50418,3.2542953,3756638.0,0.0,0.0,3.724266,4081.1120833333334,5013.14,3307.74,96,2023,7,Summer,0,0
2023-08-01,19.896492,25.037476,16.000824,2.8672543,2258645.5,4.2377152,0.0,1.896492,4312.166041666666,5032.46,3592.52,96,2023,8,Summer,1,0
2023-08-02,20.926239,25.182098,16.16098,3.733434,3661329.2,0.0,0.0,2.926239,4209.501145833333,5118.16,3606.6,96,2023,8,Summer,2,0
2023-08-03,21.332916,22.84378,20.00058,3.203877,1819677.9,0.05976359,0.0,3.3329163,4476.7690625000005,5226.25,3689.75,96,2023,8,Summer,3,0
2023-08-04,18.242683,20.63379,16.360596,2.070583,2374583.5,1.8423716,0.0,0.24268341,4389.3521875,5089.46,3709.25,96,2023,8,Summer,4,0
2023-08-05,18.302536,20.093658,17.198273,3.870263,981738.7,3.5209656,0.0,0.302536,4050.8818750000005,4680.79,3457.86,96,2023,8,Summer,5,1
2023-08-06,17.451637,18.277405,16.423126,4.563765,1345651.1,1.3691902,0.0,0.0,3826.6408333333334,4423.44,3299.11,96,2023,8,Summer,6,1
2023-08-07,15.886604,16.228088,15.241028,4.139352,2155443.2,0.08185704,0.0,0.0,4063.745729166667,4873.76,3213.02,96,2023,8,Summer,0,0
2023-08-08,17.28373,21.365906,13.413544,3.1891565,3186316.8,0.03007253,0.0,0.0,4109.298125,4969.06,3555.27,96,2023,8,Summer,1,0
2023-08-09,17.315475,20.568268,14.185883,2.008406,2036620.9,0.29112497,0.0,0.0,4283.054166666667,5074.78,3592.23,96,2023,8,Summer,2,0
2023-08-10,17.896225,22.268738,14.493256,1.9079025,3590016.0,0.029277803,0.0,0.0,4184.88,5015.41,3646.7,96,2023,8,Summer,3,0
2023-08-11,19.096115,24.799042,13.276672,1.6596942,3951095.2,0.0,0.0,1.0961151,4139.61,4969.8,3635.71,96,2023,8,Summer,4,0
2023-08-12,20.780746,27.167786,14.873474,2.1330202,3863675.8,0.0,0.0,2.7807465,3734.440416666667,4717.86,3250.61,96,2023,8,Summer,5,1
2023-08-13,22.033134,28.351898,16.190979,2.7828894,3760111.0,0.0,0.0,4.0331345,3636.7759375,4773.98,3005.19,96,2023,8,Summer,6,1
2023-08-14,23.108582,29.933868,17.57669,2.4698484,3782165.2,0.0,0.0,5.1085815,4328.030833333333,5396.44,3363.18,96,2023,8,Summer,0,0
2023-08-15,23.720703,30.92392,17.08551,2.2674747,3697860.2,0.0,0.0,5.720703,4578.034375,5428.98,3754.61,96,2023,8,Summer,1,0
2023-08-16,23.293945,27.927094,21.308807,1.4191706,2250253.0,2.018102,0.0,5.2939453,4670.716666666666,5390.86,3860.7,96,2023,8,Summer,2,0
2023-08-17,21.94522,26.24939,18.340546,1.5898881,2163972.2,0.6342888,0.0,3.945221,4688.373333333334,5413.84,3862.26,96,2023,8,Summer,3,0
2023-08-18,23.12339,28.072815,19.178528,0.98787165,2981661.8,0.059382122,0.0,5.12339,4681.558854166667,5359.26,3925.75,96,2023,8,Summer,4,0
2023-08-19,23.605766,28.054413,20.02069,1.101853,2692531.2,0.0667572,0.0,5.6057663,4241.501562500001,5080.42,3696.5,96,2023,8,Summer,5,1
2023-08-20,25.112793,31.592651,19.757812,0.82459456,3428979.0,6.357829e-05,0.0,7.112793,3962.966770833333,5061.49,3403.72,96,2023,8,Summer,6,1
2023-08-21,25.995651,32.61862,20.620941,0.9938663,3502656.0,0.0,0.0,7.9956512,4905.6790625,6099.39,3538.73,96,2023,8,Summer,0,0
2023-08-22,26.384819,33.31958,20.673248,2.4891093,3412766.0,0.0,0.0,8.384819,5208.9940625,6319.99,4114.92,96,2023,8,Summer,1,0
2023-08-23,25.830017,28.925323,23.348236,2.8819509,2444612.2,0.00031789145,0.0,7.830017,5324.034270833333,6214.51,4272.33,96,2023,8,Summer,2,0
2023-08-24,25.243164,30.868622,21.690948,1.1763667,3112456.8,0.0010172527,0.0,7.243164,5199.025000000001,6138.01,4321.67,96,2023,8,Summer,3,0
2023-08-25,25.978828,31.328644,22.16919,2.733479,3050086.5,0.006612142,0.0,7.9788284,5148.732916666667,6093.0,4241.1,96,2023,8,Summer,4,0
2023-08-26,26.671188,32.05789,23.37793,1.7560617,3249442.2,0.25749207,0.0,8.671188,4714.690416666667,5757.82,4093.5,96,2023,8,Summer,5,1
2023-08-27,25.698425,31.241913,21.27243,2.1201704,3289689.8,0.0007947286,0.0,7.6984253,4543.6023958333335,5782.07,3823.6,96,2023,8,Summer,6,1
2023-08-28,23.279411,27.211823,20.315308,3.3839054,2901567.8,0.46243668,0.0,5.2794113,5224.259270833333,6439.82,3920.63,96,2023,8,Summer,0,0
2023-08-29,18.502579,20.529175,16.418396,2.4702644,1260629.4,4.872322,0.0,0.50257874,5083.744791666667,5706.55,4193.14,96,2023,8,Summer,1,0
2023-08-30,16.829361,19.734436,15.301666,2.8167794,1517866.6,0.11701584,0.0,0.0,4774.638125,5472.03,4067.9,96,2023,8,Summer,2,0
2023-08-31,18.153336,22.678314,15.002075,2.3810904,2513915.8,0.12003581,0.0,0.15333557,4676.5737500000005,5572.1,3955.18,96,2023,8,Summer,3,0
2023-09-01,19.258049,24.451904,14.641144,2.3203561,2707033.5,0.043614704,0.0,1.258049,4567.037083333334,5451.53,3942.79,96,2023,9,Autumn,4,0
2023-09-02,21.506462,27.324432,17.650665,1.3608437,3001147.8,0.0003496806,0.0,3.506462,4099.2065625000005,5075.35,3657.53,96,2023,9,Autumn,5,1
2023-09-03,19.629791,22.52069,17.882507,2.430174,2037550.9,0.22150676,0.0,1.6297913,4100.121145833334,4960.2,3561.38,96,2023,9,Autumn,6,1
2023-09-04,18.62033,22.652222,16.274048,4.2741885,2940253.8,0.0,0.0,0.6203308,4412.550625,5517.07,3566.43,96,2023,9,Autumn,0,0
2023-09-05,18.287369,24.679962,14.041229,2.021641,3111765.2,0.0,0.0,0.28736877,4521.505104166667,5599.24,3880.81,96,2023,9,Autumn,1,0
2023-09-06,19.371979,26.608368,14.155273,1.1990519,3093423.0,0.0,0.0,1.3719788,4599.1665625,5747.4,3919.19,96,2023,9,Autumn,2,0
2023-09-07,19.66835,26.772919,14.818481,1.6580135,3065796.5,0.0,0.0,1.6683502,4603.774583333333,5635.42,3941.96,96,2023,9,Autumn,3,0
2023-09-08,19.92482,27.514404,14.459259,1.649034,3030054.2,0.0,0.0,1.92482,4572.3680208333335,5441.8,3950.2,96,2023,9,Autumn,4,0
2023-09-09,20.16478,28.338257,15.127197,1.2915268,2990289.0,0.0,0.0,2.1647797,4092.2102083333334,5047.57,3629.38,96,2023,9,Autumn,5,1
2023-09-10,20.36644,28.994446,14.92981,1.8123602,2970218.8,0.0,0.0,2.3664398,3988.0177083333333,5117.43,3483.19,96,2023,9,Autumn,6,1
2023-09-11,20.888924,29.18274,15.494263,2.1366434,2920541.8,0.0,0.0,2.8889236,4618.879166666667,5762.48,3563.45,96,2023,9,Autumn,0,0
2023-09-12,21.52108,29.58081,16.079407,2.1808496,2867690.8,0.0,0.0,3.52108,4775.243750000001,5829.51,3951.99,96,2023,9,Autumn,1,0
2023-09-13,21.636772,28.88321,17.01361,1.5653645,2586824.8,0.0,0.0,3.6367722,4858.645520833333,5932.45,4011.32,96,2023,9,Autumn,2,0
2023-09-14,20.311104,23.134216,18.901428,3.674288,2163003.8,1.4646848,0.0,2.3111038,4863.622604166667,5577.38,4079.46,96,2023,9,Autumn,3,0
2023-09-15,18.329544,23.660706,14.909973,1.471806,2290470.5,0.07400513,0.0,0.32954407,4715.625416666667,5526.1,3971.9,96,2023,9,Autumn,4,0
2023-09-16,19.11547,24.95578,15.024933,2.3280559,2285444.2,0.009663899,0.0,1.1154709,4201.603020833333,4968.49,3620.72,96,2023,9,Autumn,5,1
2023-09-17,20.353523,26.854034,16.501709,2.824825,2271300.2,0.003306071,0.0,2.3535233,3997.0725,5081.03,3490.92,96,2023,9,Autumn,6,1
2023-09-18,21.733498,27.204315,17.171509,4.610214,2148224.0,0.050226845,0.0,3.7334976,4589.967708333334,5746.82,3531.5,96,2023,9,Autumn,0,0
2023-09-19,20.257462,23.417664,17.92099,3.1558669,2169928.5,1.0802587,0.0,2.2574615,4789.0525,5590.1,3959.79,96,2023,9,Autumn,1,0
2023-09-20,19.411522,26.060242,14.993744,2.671459,2570052.2,0.00816981,0.0,1.4115219,4605.728958333333,5651.75,3876.8,96,2023,9,Autumn,2,0
2023-09-21,21.321259,26.926361,17.749756,5.133265,2291221.5,0.012938182,0.0,3.3212585,4738.239895833333,5639.11,3901.21,96,2023,9,Autumn,3,0
2023-09-22,22.289848,27.402863,18.76059,5.6865163,2366997.5,0.023778278,0.0,4.2898483,4733.336249999999,5558.16,3901.74,96,2023,9,Autumn,4,0
2023-09-23,16.915688,19.242462,15.16684,3.0983307,726677.4,1.1136373,0.0,0.0,4317.864895833333,4951.79,3501.23,96,2023,9,Autumn,5,1
2023-09-24,14.235443,14.806915,13.498871,6.19386,397708.8,3.484567,1.2645569,0.0,4169.925729166666,4915.58,3401.64,96,2023,9,Autumn,6,1
2023-09-25,16.340805,19.899933,14.269012,2.5778928,1440576.0,0.018882751,0.0,0.0,4533.2326041666665,5580.48,3459.62,96,2023,9,Autumn,0,0
2023-09-26,18.308304,25.513123,13.753418,1.4510652,2361933.0,0.07689794,0.0,0.30830383,4606.193854166667,5653.01,3869.22,96,2023,9,Autumn,1,0
2023-09-27,18.60881,26.226654,14.2994995,1.5279155,2435712.0,0.0,0.0,0.6088104,4569.281458333334,5634.86,3858.19,96,2023,9,Autumn,2,0
2023-09-28,17.723907,25.990814,13.105194,2.1731985,2422357.2,0.0,0.0,0.0,4544.141041666667,5570.1,3855.83,96,2023,9,Autumn,3,0
2023-09-29,16.930801,25.98935,12.546753,1.9453431,2393433.5,0.0,0.0,0.0,4486.688541666666,5461.34,3810.72,96,2023,9,Autumn,4,0
2023-09-30,16.985405,22.845947,12.455536,3.1254163,1674551.5,0.022315979,0.0,0.0,4096.345729166666,4915.39,3474.81,96,2023,9,Autumn,5,1
2023-10-01,15.434006,20.930267,11.46283,2.6135125,2270097.0,0.0029881797,0.06599426,0.0,3827.8859374999997,4948.81,3342.67,96,2023,10,Autumn,6,1
2023-10-02,16.624489,24.390442,11.720428,2.083345,2247500.8,0.0,0.0,0.0,4373.228125000001,5507.13,3392.74,96,2023,10,Autumn,0,0
2023-10-03,18.27298,25.110138,14.229065,3.8195834,2259635.2,0.0,0.0,0.27297974,4491.822291666666,5607.56,3755.83,96,2023,10,Autumn,1,0
2023-10-04,16.337463,18.438293,12.273651,3.8479092,1679701.4,0.2199173,0.0,0.0,4602.800208333333,5569.03,3785.84,96,2023,10,Autumn,2,0
2023-10-05,12.823669,20.201233,8.33432,1.8609385,2037802.8,0.0,2.6763306,0.0,4558.948125,5605.09,3825.83,96,2023,10,Autumn,3,0
2023-10-06,14.190834,20.047974,10.543243,2.2819517,2132894.0,0.0,1.309166,0.0,4513.396874999999,5550.28,3845.97,96,2023,10,Autumn,4,0
2023-10-07,15.705864,22.936249,10.602722,3.0258896,2120751.0,0.0,0.0,0.0,4099.0060416666665,5076.47,3549.45,96,2023,10,Autumn,5,1
2023-10-08,15.748177,18.36554,11.848633,4.200617,417454.94,0.00047683716,0.0,0.0,4113.886041666667,5062.98,3401.33,96,2023,10,Autumn,6,1
2023-10-09,12.686195,16.616669,9.559479,2.328999,1842274.1,0.5273501,2.8138046,0.0,4727.212291666667,5790.13,3410.96,96,2023,10,Autumn,0,0
2023-10-10,15.108261,17.871582,13.520996,1.8068318,1311906.1,0.27917227,0.3917389,0.0,4858.790520833333,5837.97,3846.49,96,2023,10,Autumn,1,0
2023-10-11,16.349693,22.347473,12.589172,3.731751,1999304.5,0.0,0.0,0.0,4756.229166666667,5789.61,3903.58,96,2023,10,Autumn,2,0
2023-10-12,16.808105,23.346893,12.696259,2.6379058,1977813.4,0.0,0.0,0.0,4696.867916666667,5809.68,3937.1,96,2023,10,Autumn,3,0
2023-10-13,18.25885,25.446503,14.33429,2.455214,1892160.0,0.0,0.0,0.2588501,4768.1180208333335,5716.81,3910.57,96,2023,10,Autumn,4,0
2023-10-14,18.344162,24.446045,14.148315,2.6419768,1919232.0,0.022474926,0.0,0.344162,4158.043020833334,5097.98,3664.3,96,2023,10,Autumn,5,1
2023-10-15,12.115196,15.507629,9.25235,4.2539496,572522.7,1.071612,3.3848038,0.0,4383.925104166667,5230.22,3516.02,96,2023,10,Autumn,6,1
2023-10-16,7.397682,12.651611,4.6547546,2.3562994,1924309.2,0.0,8.102318,0.0,4690.6111458333335,5979.49,3612.85,96,2023,10,Autumn,0,0
2023-10-17,5.934181,12.951691,1.5063782,1.7326627,1384789.4,0.0,9.565819,0.0,4942.508541666667,6124.36,4129.34,96,2023,10,Autumn,1,0
2023-10-18,6.9672165,13.908569,2.1801758,3.2856147,1814122.6,0.0,8.5327835,0.0,4989.494166666666,6184.3,4208.72,96,2023,10,Autumn,2,0
2023-10-19,15.025337,19.733185,10.733124,5.233748,1373632.0,0.042978927,0.47466278,0.0,5236.905625,6047.65,4179.74,96,2023,10,Autumn,3,0
2023-10-20,21.323677,24.428314,18.133728,7.36691,1207270.5,6.357829e-05,0.0,3.323677,5050.9009375,5765.78,4083.56,96,2023,10,Autumn,4,0
2023-10-21,19.816109,22.2193,17.528198,6.2097015,1044851.25,0.27478537,0.0,1.8161087,4563.303229166667,5274.63,3737.75,96,2023,10,Autumn,5,1
2023-10-22,15.099968,17.512665,12.627136,2.6467445,1055121.0,2.8217952,0.40003204,0.0,4131.784583333333,5005.29,3554.66,96,2023,10,Autumn,6,1
2023-10-23,12.988243,18.322845,9.215088,2.2125359,1454963.1,0.008010864,2.511757,0.0,3895.496458333333,5085.59,3308.99,96,2023,10,Autumn,0,0
2023-10-24,14.547661,17.082397,12.104462,3.4466958,484023.47,0.43042502,0.9523392,0.0,4884.949791666667,5881.22,3419.58,96,2023,10,Autumn,1,0
2023-10-25,14.809723,17.099365,13.001495,2.698411,788800.0,5.0405188,0.6902771,0.0,4954.68875,5862.09,3994.87,96,2023,10,Autumn,2,0
2023-10-26,14.235207,17.990265,11.042694,2.649281,1368593.0,0.15389125,1.2647934,0.0,4978.8503125,5877.45,3995.44,96,2023,10,Autumn,3,0
2023-10-27,13.401581,14.608185,12.096313,4.4668913,281437.88,2.6233993,2.0984192,0.0,5205.7990625,5842.72,4048.31,96,2023,10,Autumn,4,0
2023-10-28,10.769936,14.871826,9.2144165,2.0210657,1023854.94,0.15687943,4.7300644,0.0,4490.888125,5351.84,3840.31,96,2023,10,Autumn,5,1
2023-10-29,13.672813,18.563782,9.11969,5.283826,1506483.1,0.0,1.8271866,0.0,4242.839270833333,5185.4,3645.09,96,2023,10,Autumn,6,1
2023-10-30,17.376099,20.25531,15.619202,6.2707553,1460872.6,0.0,0.0,0.0,4830.016770833333,5808.77,3622.8,96,2023,10,Autumn,0,0
2023-10-31,13.946617,16.54956,10.68988,4.871129,339178.7,2.3988724,1.5533829,0.0,5080.7553125,5846.51,3932.57,96,2023,10,Autumn,1,0
2023-11-01,11.28698,16.496643,7.4888,3.8238206,1512486.4,0.0,4.2130203,0.0,4027.3545833333333,4876.92,3283.78,96,2023,11,Autumn,2,0
2023-11-02,13.893341,18.132355,10.174835,6.648746,1444437.4,0.10725657,1.6066589,0.0,4708.545208333334,5822.13,3502.27,96,2023,11,Autumn,3,0
2023-11-03,12.188499,14.445282,7.512024,5.1479244,501632.0,2.5503478,3.3115005,0.0,5213.039791666667,5901.52,3978.04,96,2023,11,Autumn,4,0
2023-11-04,8.200348,12.074097,5.720398,2.3555417,1249425.0,0.004037221,7.299652,0.0,4624.058333333333,5498.21,4008.41,96,2023,11,Autumn,5,1
2023-11-05,10.473007,12.621979,9.562958,4.631971,1084676.2,2.4141946,5.026993,0.0,4651.535729166667,5403.27,3714.83,96,2023,11,Autumn,6,1
2023-11-06,10.598473,16.315125,7.6444397,2.170675,1389576.6,6.357829e-05,4.9015274,0.0,4975.565208333333,6005.17,3757.8,96,2023,11,Autumn,0,0
2023-11-07,9.181068,13.332092,5.9835815,1.788681,1235200.0,0.001525879,6.3189316,0.0,5247.408229166666,6182.35,4149.86,96,2023,11,Autumn,1,0
2023-11-08,8.853493,12.997162,6.042328,3.5994654,1325316.2,0.637118,6.6465073,0.0,5196.176770833333,6177.32,4116.39,96,2023,11,Autumn,2,0
2023-11-09,8.234917,13.473724,4.127136,5.2657804,1203302.4,0.0,7.2650833,0.0,5218.789583333333,6231.56,4301.65,96,2023,11,Autumn,3,0
2023-11-10,9.435608,9.952942,9.19519,4.1387763,268398.9,0.93205774,6.064392,0.0,5494.7471875,6316.51,4262.31,96,2023,11,Autumn,4,0
2023-11-11,8.111153,8.949493,7.474579,2.8357334,335061.3,0.46860376,7.3888474,0.0,5092.9063541666665,5799.4,4185.92,96,2023,11,Autumn,5,1
2023-11-12,5.7146683,11.081665,2.6532898,2.8939986,1329152.0,0.0,9.785332,0.0,4645.851979166667,5650.21,3920.47,96,2023,11,Autumn,6,1
2023-11-13,5.401718,7.970337,2.9418335,2.1558235,263833.6,0.25323233,10.098282,0.0,5403.141145833333,6333.99,3968.71,96,2023,11,Autumn,0,0
2023-11-14,10.700195,13.035034,8.864166,3.0620804,612744.5,1.1948267,4.7998047,0.0,5486.132604166666,6266.88,4294.82,96,2023,11,Autumn,1,0
2023-11-15,10.392616,14.210693,7.7454224,3.828208,1133376.0,0.43354034,5.1073837,0.0,5388.52125,6279.57,4283.4,96,2023,11,Autumn,2,0
2023-11-16,9.509422,13.546936,5.4290466,3.8438697,1230545.0,0.08325577,5.9905777,0.0,5281.1076041666665,6254.14,4267.63,96,2023,11,Autumn,3,0
2023-11-17,7.7424088,9.512085,5.4739685,5.7073812,455795.2,0.4925092,7.7575912,0.0,5582.505,6381.42,4272.39,96,2023,11,Autumn,4,0
2023-11-18,5.3035583,7.351654,4.1466064,6.5302715,699955.2,0.033601124,10.196442,0.0,5043.916458333333,5878.49,4288.49,96,2023,11,Autumn,5,1
2023-11-19,3.0878143,5.367798,1.0725708,2.5853977,209702.4,0.30323663,12.412186,0.0,5055.5372916666665,5808.27,4121.17,96,2023,11,Autumn,6,1
2023-11-20,7.114479,11.462952,4.4982605,2.5609326,612881.06,0.05725225,8.385521,0.0,5564.4975,6413.48,4093.93,96,2023,11,Autumn,0,0
2023-11-21,7.193306,10.171722,6.159027,1.9233263,765930.7,0.01929601,8.306694,0.0,5724.291875,6526.62,4418.6,96,2023,11,Autumn,1,0
2023-11-22,3.7711105,5.2059937,0.6699219,4.503225,891801.6,0.000667572,11.728889,0.0,5626.3280208333335,6566.15,4444.7,96,2023,11,Autumn,2,0
2023-11-23,1.3719559,6.268738,-2.0183105,2.895975,1161928.5,0.0,14.128044,0.0,5798.555625,6641.85,4706.71,96,2023,11,Autumn,3,0
2023-11-24,4.1317444,7.1454163,0.63378906,3.4310868,620292.25,0.17881393,11.368256,0.0,5779.824895833332,6596.36,4673.22,96,2023,11,Autumn,4,0
2023-11-25,2.0451431,3.5944824,0.798645,4.9650574,1072785.1,0.07918676,13.454857,0.0,5305.540208333333,6115.26,4465.6,96,2023,11,Autumn,5,1
2023-11-26,1.0059357,2.5271606,-0.043395996,4.4415293,966165.3,0.1145045,14.494064,0.0,5219.4115625,6109.97,4358.38,96,2023,11,Autumn,6,1
2023-11-27,2.1079102,5.2902527,0.2696228,2.700022,715072.0,0.17353694,13.39209,0.0,5931.949375,6808.77,4430.44,96,2023,11,Autumn,0,0
2023-11-28,4.111595,4.4149475,3.6428223,2.8440204,414788.28,1.0404586,11.388405,0.0,6024.481875,6746.61,4693.02,96,2023,11,Autumn,1,0
2023-11-29,0.046783447,2.113678,-2.040985,3.9637089,1121109.4,0.01748403,15.453217,0.0,5955.589375,6906.19,4701.51,96,2023,11,Autumn,2,0
2023-11-30,0.8234482,2.1779175,-0.62231445,3.361019,264627.2,0.94493234,14.676552,0.0,6301.822604166667,7094.31,4881.44,96,2023,11,Autumn,3,0
2023-12-01,1.5383148,1.7663879,1.1441345,2.0466847,67084.8,2.3772876,13.961685,0.0,6145.913229166667,6924.43,4858.34,96,2023,12,Winter,4,0
2023-12-02,0.9336319,1.7312012,-0.32958984,3.8775725,126903.47,1.1805534,14.566368,0.0,5527.4321875,6193.47,4629.98,96,2023,12,Winter,5,1
2023-12-03,-1.3362427,0.49349976,-2.9121094,4.7208257,981367.44,0.007470449,16.836243,0.0,5360.126979166666,6249.86,4424.25,96,2023,12,Winter,6,1
2023-12-04,-2.308838,1.5785828,-5.6905823,3.8149266,1041762.1,0.0,17.808838,0.0,6032.297604166666,7105.44,4671.96,96,2023,12,Winter,0,0
2023-12-05,0.00032043457,1.6860962,-1.1049194,3.0783122,961403.75,0.09915034,15.49968,0.0,6327.823541666668,7070.09,5023.39,96,2023,12,Winter,1,0
2023-12-06,0.2203064,0.40457153,-0.027435303,1.8285949,346798.94,1.9990284,15.279694,0.0,6333.971979166668,7060.89,5015.05,96,2023,12,Winter,2,0
2023-12-07,1.8961182,2.9750977,0.8388672,4.3432407,606250.7,0.6841977,13.603882,0.0,6320.025416666667,7115.71,4984.25,96,2023,12,Winter,3,0
2023-12-08,-0.93026733,1.724823,-3.6156006,3.022886,857331.2,0.0016848247,16.430267,0.0,6189.9753125,6975.69,4952.02,96,2023,12,Winter,4,0
2023-12-09,-0.07834625,0.7210083,-0.57385254,2.962641,358391.47,0.07060369,15.578346,0.0,5701.460625,6371.99,4803.26,96,2023,12,Winter,5,1
2023-12-10,0.7410736,2.169281,-0.29241943,3.2937665,590865.06,0.6353696,14.758926,0.0,5567.373333333333,6272.54,4494.88,96,2023,12,Winter,6,1
2023-12-11,3.076149,4.717407,0.9501648,3.3428547,909243.75,0.7772764,12.423851,0.0,6045.744374999999,6904.75,4580.48,96,2023,12,Winter,0,0
2023-12-12,4.569031,8.674011,1.8218994,2.2601714,729958.4,0.018056232,10.930969,0.0,5865.793645833332,6696.92,4781.55,96,2023,12,Winter,1,0
2023-12-13,5.352371,5.674011,4.9318237,1.2129834,211763.2,1.9069672,10.147629,0.0,6041.669479166667,6751.18,4690.07,96,2023,12,Winter,2,0
2023-12-14,6.02861,7.9794006,4.661682,3.3416765,508475.72,0.3507614,9.47139,0.0,5964.8828125,6832.37,4639.56,96,2023,12,Winter,3,0
2023-12-15,4.383827,5.591522,2.0460205,4.4782543,910574.94,0.0077565513,11.116173,0.0,5843.690625,6600.08,4625.06,96,2023,12,Winter,4,0
2023-12-16,2.3782501,6.298065,0.26904297,2.2089934,677550.94,0.0040372214,13.12175,0.0,5322.836249999999,6096.19,4620.36,96,2023,12,Winter,5,1
2023-12-17,2.88562,7.487335,-0.16012573,2.4822025,954615.44,0.0,12.61438,0.0,5202.7820833333335,5966.45,4395.55,96,2023,12,Winter,6,1
2023-12-18,2.2047424,7.4437866,-1.1769714,1.5084386,950976.0,0.0,13.295258,0.0,5686.344791666666,6575.7,4411.47,96,2023,12,Winter,0,0
2023-12-19,0.348114,4.4490967,-2.0761719,1.2124045,943974.4,0.0,15.151886,0.0,5955.391354166666,6723.51,4735.9,96,2023,12,Winter,1,0
2023-12-20,0.34823608,3.3814087,-2.936798,1.9952295,593216.0,0.03188451,15.151764,0.0,5881.113541666667,6613.3,4811.43,96,2023,12,Winter,2,0
2023-12-21,4.0265274,6.605011,1.8396606,4.60081,248192.0,0.6470998,11.473473,0.0,5576.461458333334,6371.57,4520.79,96,2023,12,Winter,3,0
2023-12-22,5.201782,6.772339,3.3959656,5.5465264,806468.25,0.67288077,10.298218,0.0,5230.948854166667,6175.16,4240.03,96,2023,12,Winter,4,0
2023-12-23,1.8038635,3.4946594,0.33792114,3.4486632,327458.12,3.8095157,13.696136,0.0,5215.3725,6124.91,4161.46,96,2023,12,Winter,5,1
2023-12-24,5.569519,8.576843,1.8655396,2.7128463,311867.72,0.25698343,9.930481,0.0,4766.958125,5542.9,3925.2,96,2023,12,Winter,6,1
2023-12-25,8.071587,10.259857,6.5603027,2.3755145,249843.2,0.0047683716,7.4284134,0.0,4347.3445833333335,4789.57,3591.57,96,2023,12,Winter,0,0
2023-12-26,7.6281815,10.890961,4.483795,2.5564053,907584.0,0.0,7.8718185,0.0,4228.1814583333335,4799.14,3505.35,96,2023,12,Winter,1,0
2023-12-27,6.721428,10.24118,4.418518,2.2326365,861440.0,0.00012715659,8.778572,0.0,4497.071875000001,5340.94,3545.85,96,2023,12,Winter,2,0
2023-12-28,4.506386,7.4468994,2.5596924,2.4459438,988629.3,0.0,10.993614,0.0,4604.4530208333335,5451.02,3738.69,96,2023,12,Winter,3,0
2023-12-29,3.7061005,8.860565,0.7371521,1.9584912,873506.1,0.0,11.7939,0.0,4719.951875,5555.98,3868.53,96,2023,12,Winter,4,0
2023-12-30,3.9595947,9.6345215,1.0927124,2.327407,906410.7,0.0,11.540405,0.0,4712.237083333333,5505.94,3863.84,96,2023,12,Winter,5,1
2023-12-31,5.7621613,10.159119,1.4917603,3.797445,773367.44,0.0056266785,9.737839,0.0,4664.520729166667,5543.61,3808.51,96,2023,12,Winter,6,1
2024-01-01,5.9786987,8.360626,4.0567627,3.6768818,953237.3,1.7283757,9.521301,0.0,4321.4376041666665,5059.61,3670.02,96,2024,1,Winter,0,0
2024-01-02,3.8294678,5.8413696,1.042572,4.0751743,622122.7,0.0986735,11.670532,0.0,5086.4731249999995,6023.13,3741.25,96,2024,1,Winter,1,0
2024-01-03,8.609734,11.845215,6.3916016,4.1399164,984785.06,0.17878214,6.8902664,0.0,5254.521458333334,6053.7,4117.77,96,2024,1,Winter,2,0
2024-01-04,7.5557404,10.321869,4.9711914,3.2816658,569813.3,0.12114843,7.9442596,0.0,5291.012395833333,6132.99,4186.96,96,2024,1,Winter,3,0
2024-01-05,5.5148087,8.043732,1.8083496,3.2627168,643622.4,0.0,9.985191,0.0,5378.610104166667,6231.44,4309.57,96,2024,1,Winter,4,0
2024-01-06,6.1643677,6.8841553,5.409149,2.4155338,153147.73,2.1058717,9.335632,0.0,5200.878541666667,5874.9,4284.2,96,2024,1,Winter,5,1
2024-01-07,1.5710754,5.000763,-1.3640747,6.668735,185335.47,0.84056854,13.928925,0.0,5187.764270833333,5975.92,4045.95,96,2024,1,Winter,6,1
2024-01-08,-3.4885712,-2.6881714,-4.171112,7.2395,497237.34,0.10318756,18.988571,0.0,6027.876041666666,6888.43,4408.83,96,2024,1,Winter,0,0
2024-01-09,-4.967926,-2.774109,-6.317993,3.341178,891089.06,0.00054041547,20.467926,0.0,6151.338958333334,6958.24,4908.86,96,2024,1,Winter,1,0
2024-01-10,-4.647888,0.8477783,-8.875366,1.2490897,1128128.0,0.0,20.147888,0.0,6150.099375000001,7043.16,5075.64,96,2024,1,Winter,2,0
2024-01-11,-3.6971664,-0.26412964,-6.9697266,2.1264882,1168537.6,0.0,19.197166,0.0,6221.972916666667,7118.58,5186.23,96,2024,1,Winter,3,0
2024-01-12,-0.57450867,1.4597473,-1.8641968,4.7741537,774233.6,0.011412302,16.074509,0.0,6221.796458333333,7018.2,5075.33,96,2024,1,Winter,4,0
2024-01-13,-1.911438,0.87423706,-3.4398804,2.4561148,1066406.4,0.0028292339,17.411438,0.0,5721.634166666667,6453.99,4937.43,96,2024,1,Winter,5,1
2024-01-14,-1.975296,2.8850403,-4.685852,2.4415116,1020189.9,0.00019073486,17.475296,0.0,5476.751875000001,6370.93,4641.54,96,2024,1,Winter,6,1
2024-01-15,-0.044059753,5.1192627,-3.7239075,2.299562,1058491.8,0.000222524,15.54406,0.0,6054.299791666667,6914.36,4717.02,96,2024,1,Winter,0,0
2024-01-16,0.49887848,4.103058,-1.2414246,3.318261,1036838.4,0.0166893,15.0011215,0.0,6053.161354166667,6952.19,4952.61,96,2024,1,Winter,1,0
2024-01-17,0.08820343,4.1613464,-3.1523132,4.3114243,820672.0,0.052928925,15.411797,0.0,6373.755,7088.4,5101.46,96,2024,1,Winter,2,0
2024-01-18,5.354225,5.7098694,4.6634827,2.7726912,243933.86,0.6780942,10.145775,0.0,6107.464583333333,6736.45,4849.6,96,2024,1,Winter,3,0
2024-01-19,0.7267227,2.1936035,-0.1887207,6.578739,476488.53,0.44368112,14.773277,0.0,6257.0746875,7103.26,4763.18,96,2024,1,Winter,4,0
2024-01-20,-1.1935806,2.6385803,-3.418518,2.7121065,1270156.8,0.0,16.69358,0.0,5513.513020833333,6317.65,4870.95,96,2024,1,Winter,5,1
2024-01-21,-1.8255539,3.189911,-5.9058533,2.2613435,1273096.5,0.0,17.325554,0.0,5358.760833333333,6361.45,4608.37,96,2024,1,Winter,6,1
2024-01-22,-0.9529495,2.4916687,-4.185028,4.626185,1260317.9,0.0,16.45295,0.0,6236.0,7164.28,4786.69,96,2024,1,Winter,0,0
2024-01-23,2.252533,7.522217,-1.4990845,2.3385696,1161024.0,0.3332138,13.247467,0.0,6169.759166666667,6934.7,5156.11,96,2024,1,Winter,1,0
2024-01-24,3.9273376,6.4943237,0.89331055,3.9669862,346589.88,0.34786862,11.572662,0.0,6287.235937500001,6929.39,5050.86,96,2024,1,Winter,2,0
2024-01-25,8.440559,10.695343,7.577362,6.5935826,1178598.4,0.0,7.0594406,0.0,5863.345208333333,6709.16,4888.72,96,2024,1,Winter,3,0
2024-01-26,5.1504974,7.552948,2.55896,3.4315476,1084053.4,0.21457672,10.349503,0.0,5692.860625,6632.23,4755.09,96,2024,1,Winter,4,0
2024-01-27,6.3410873,7.6141663,5.2452087,7.665076,1154978.1,0.054391224,9.158913,0.0,5213.372604166667,6091.9,4578.47,96,2024,1,Winter,5,1
2024-01-28,3.565033,7.428131,1.5456238,3.284492,1250022.4,6.357829e-05,11.934967,0.0,4941.9375,5940.08,4280.55,96,2024,1,Winter,6,1
2024-01-29,1.1364136,6.5808716,-2.2104492,2.7249131,1388599.5,0.0,14.363586,0.0,5648.794375,6639.03,4494.48,96,2024,1,Winter,0,0
2024-01-30,1.4172974,5.472473,-1.3095703,3.708796,1410683.8,0.0,14.082703,0.0,5882.308541666666,6791.75,4944.69,96,2024,1,Winter,1,0
2024-01-31,0.74443054,4.3023376,-2.4682922,1.4211082,1142314.6,6.357829e-05,14.755569,0.0,6023.245729166666,6815.23,5033.67,96,2024,1,Winter,2,0
2024-02-01,3.3073883,6.65567,0.03387451,2.4171422,881344.0,0.10903676,12.192612,0.0,6033.590833333333,6669.42,4948.14,96,2024,2,Winter,3,0
2024-02-02,5.564125,8.340515,2.7107239,3.3702443,1375658.6,0.016276041,9.935875,0.0,5751.9646875,6599.43,4812.38,96,2024,2,Winter,4,0
2024-02-03,7.4529724,11.739044,3.7652283,3.6099145,1192486.4,0.00019073486,8.047028,0.0,5102.7830208333335,5837.32,4502.88,96,2024,2,Winter,5,1
2024-02-04,10.130241,13.088135,8.220978,3.9188,740313.6,0.045617424,5.3697586,0.0,4843.176354166667,5749.73,4109.23,96,2024,2,Winter,6,1
2024-02-05,11.157082,14.285675,9.865326,4.5375195,1010662.4,0.1493454,4.3429184,0.0,5358.755416666667,6242.83,4050.38,96,2024,2,Winter,0,0
2024-02-06,8.859856,15.55426,4.9357605,2.5858166,1466568.5,0.0,6.6401443,0.0,5250.8142708333335,6174.65,4432.27,96,2024,2,Winter,1,0
2024-02-07,7.217659,13.557251,1.7341003,2.8374162,1504558.9,0.0,8.282341,0.0,5268.854375,6170.74,4425.09,96,2024,2,Winter,2,0
2024-02-08,9.784782,13.971191,6.0186462,2.860464,1221905.1,0.056393944,5.7152176,0.0,5259.845104166667,6116.43,4342.75,96,2024,2,Winter,3,0
2024-02-09,11.564926,14.455902,9.112427,6.14452,1168759.5,0.0,3.9350739,0.0,5398.346145833333,5997.66,4328.38,96,2024,2,Winter,4,0
2024-02-10,13.732849,16.955841,10.983459,6.901555,1514205.9,0.006993612,1.7671509,0.0,4666.25875,5382.3,4127.13,96,2024,2,Winter,5,1
2024-02-11,9.879684,10.783722,8.895142,3.8794327,194794.67,1.6218185,5.6203156,0.0,4703.2413541666665,5450.75,3788.2,96,2024,2,Winter,6,1
2024-02-12,8.226334,10.970245,5.647705,2.1401467,964778.7,0.22471745,7.2736664,0.0,5281.70125,6125.54,3899.46,96,2024,2,Winter,0,0
2024-02-13,7.345604,9.8591,6.1758423,4.958625,1406549.4,0.023619333,8.154396,0.0,5310.605833333334,6223.18,4296.71,96,2024,2,Winter,1,0
2024-02-14,4.8557816,10.292755,-0.7726135,1.9928852,1573738.6,0.0,10.644218,0.0,5338.872604166667,6308.36,4527.77,96,2024,2,Winter,2,0
2024-02-15,8.968681,12.98291,6.1936646,1.853481,943010.1,0.0045776367,6.5313187,0.0,5529.84625,6330.96,4519.07,96,2024,2,Winter,3,0
2024-02-16,8.289795,13.50946,4.3754883,3.5261502,1667400.5,0.0010172527,7.210205,0.0,5234.052604166666,6153.9,4478.15,96,2024,2,Winter,4,0
2024-02-17,5.906067,9.617767,2.3205566,2.17644,568251.75,0.25701523,9.593933,0.0,4902.878125,5665.97,4370.39,96,2024,2,Winter,5,1
2024-02-18,7.1323013,11.569733,4.002411,2.2848506,1668706.1,0.0002861023,8.367699,0.0,4644.571770833333,5739.69,4010.07,96,2024,2,Winter,6,1
2024-02-19,6.5161743,9.067444,4.00885,2.7827182,634491.75,0.15071233,8.983826,0.0,5552.8446875,6334.2,4160.11,96,2024,2,Winter,0,0
2024-02-20,7.713722,12.091309,4.1798096,2.7322822,1276855.5,0.09981791,7.786278,0.0,5361.823958333333,6314.25,4489.03,96,2024,2,Winter,1,0
2024-02-21,8.36734,12.062103,5.606018,3.0313218,1536652.8,0.014718374,7.13266,0.0,5434.589270833333,6376.08,4513.48,96,2024,2,Winter,2,0
2024-02-22,9.21904,12.597931,6.4679565,6.2692175,964864.0,0.00012715659,6.28096,0.0,5504.763333333333,6294.5,4520.0,96,2024,2,Winter,3,0
2024-02-23,10.245583,10.9487,8.782532,6.2152348,711261.9,1.115799,5.2544174,0.0,5563.5115625,6150.0,4424.1,96,2024,2,Winter,4,0
2024-02-24,9.637344,11.912384,7.6652527,2.95935,1275093.4,0.20828249,5.8626556,0.0,4838.334270833333,5459.15,4192.0,96,2024,2,Winter,5,1
2024-02-25,8.416603,12.478058,5.01355,3.7741513,1440742.4,0.0,7.083397,0.0,4584.791979166666,5500.21,3884.91,96,2024,2,Winter,6,1
2024-02-26,9.457657,14.553314,6.307251,4.27884,1816913.0,0.013796488,6.042343,0.0,5023.410104166666,6047.25,3902.77,96,2024,2,Winter,0,0
2024-02-27,10.002678,14.434448,5.7401123,2.425246,1527931.8,0.03862381,5.497322,0.0,5125.146145833333,6038.58,4211.21,96,2024,2,Winter,1,0
2024-02-28,10.995949,15.469025,7.8877563,1.8710171,1795268.4,0.0068028765,4.504051,0.0,5120.510833333333,6070.75,4263.91,96,2024,2,Winter,2,0
2024-02-29,9.823624,14.934631,4.6864624,1.9835443,1715532.8,0.0,5.6763763,0.0,5167.320729166667,6054.99,4279.42,96,2024,2,Winter,3,0
2024-03-01,9.512215,11.341034,7.8079224,2.4253652,457049.6,0.27847293,5.9877853,0.0,5272.25125,5931.35,4189.25,96,2024,3,Spring,4,0
2024-03-02,7.3185043,10.045013,4.8859253,2.476156,615714.1,0.26362738,8.181496,0.0,4864.154687499999,5492.83,4102.99,96,2024,3,Spring,5,1
2024-03-03,10.736809,16.372375,7.0769043,4.78551,2021900.9,0.0006039938,4.763191,0.0,4341.249375,5414.44,3687.07,96,2024,3,Spring,6,1
2024-03-04,10.390099,16.432434,5.9434814,2.9132264,2077388.8,0.0,5.1099014,0.0,4816.674166666667,5966.69,3815.92,96,2024,3,Spring,0,0
2024-03-05,9.190964,14.185669,6.253296,2.3652706,1628394.6,0.01042684,6.3090363,0.0,4946.4190625,6050.21,4221.14,96,2024,3,Spring,1,0
2024-03-06,7.1817703,12.180756,3.2054138,3.363533,1631048.5,0.0020345054,8.31823,0.0,5083.769791666667,6131.0,4259.99,96,2024,3,Spring,2,0
2024-03-07,5.24485,6.467682,4.69751,2.9462907,1180868.2,0.74243546,10.25515,0.0,5563.2221875,6318.42,4285.79,96,2024,3,Spring,3,0
2024-03-08,5.202484,7.0643005,3.7010498,1.5412722,869380.25,0.32647452,10.297516,0.0,5517.055729166666,6156.85,4383.06,96,2024,3,Spring,4,0
2024-03-09,7.1291046,10.2352295,4.19223,4.9550867,2079453.9,0.1235962,8.370895,0.0,4782.832708333333,5567.7,4302.57,96,2024,3,Spring,5,1
2024-03-10,11.563965,15.447144,8.21991,5.3914776,1516497.0,0.047620136,3.9360352,0.0,4610.6779166666665,5528.83,3913.99,96,2024,3,Spring,6,1
2024-03-11,11.060646,12.613342,10.066345,3.5726252,747413.3,2.4600983,4.439354,0.0,5314.126458333333,6098.13,3870.25,96,2024,3,Spring,0,0
2024-03-12,8.572067,8.968536,7.859192,4.817441,454732.78,1.0282516,6.9279327,0.0,5330.251875,6159.49,4271.61,96,2024,3,Spring,1,0
2024-03-13,10.014908,12.759766,8.336121,5.578771,883443.2,0.101343796,5.485092,0.0,5263.04,6153.93,4310.82,96,2024,3,Spring,2,0
2024-03-14,9.111214,13.707428,5.7546997,1.7884297,1889156.4,0.003115336,6.3887863,0.0,5047.4470833333335,5970.89,4333.65,96,2024,3,Spring,3,0
2024-03-15,9.322441,15.471497,4.5438843,1.665083,2202679.5,0.0,6.177559,0.0,4197.308645833334,5174.72,3426.46,96,2024,3,Spring,4,0
2024-03-16,11.621353,15.731262,8.94339,2.4440544,1573563.8,0.42498904,3.8786469,0.0,4491.639375,5335.56,3720.35,96,2024,3,Spring,5,1
2024-03-17,9.292595,11.922455,6.9223633,3.2754319,2308313.5,0.0012079874,6.207405,0.0,4245.230416666666,5470.92,3647.38,96,2024,3,Spring,6,1
2024-03-18,6.7573547,11.248535,4.148224,2.2485826,2334579.0,0.0,8.742645,0.0,4944.846666666666,6176.31,3933.57,96,2024,3,Spring,0,0
2024-03-19,3.4739914,7.7802124,-0.23825073,2.2681093,1968964.2,0.0,12.026009,0.0,5162.854166666667,6318.15,4418.11,96,2024,3,Spring,1,0
2024-03-20,4.7618027,12.075653,-0.45108032,1.4352967,2667481.5,0.0,10.738197,0.0,5089.397708333333,6272.53,4218.7,96,2024,3,Spring,2,0
2024-03-21,8.527161,15.701294,3.0361328,1.188716,2409092.2,0.0,6.9728394,0.0,5015.9165625,6103.4,4210.86,96,2024,3,Spring,3,0
2024-03-22,12.750908,16.369476,10.47113,2.8090978,2309333.2,0.0044822693,2.749092,0.0,5066.1665625,5981.47,4235.4,96,2024,3,Spring,4,0
2024-03-23,11.491615,18.03836,8.61554,4.971703,2485636.2,0.5141894,4.0083847,0.0,4598.230625,5541.63,4044.38,96,2024,3,Spring,5,1
2024-03-24,6.7743835,10.884766,5.026428,2.8771544,2526630.8,0.1841545,8.725616,0.0,4432.037604166667,5620.05,3870.16,96,2024,3,Spring,6,1
2024-03-25,6.617584,11.216553,3.7290344,2.6048594,2539097.5,0.09415944,8.882416,0.0,4955.455104166666,6105.42,4026.35,96,2024,3,Spring,0,0
2024-03-26,9.297691,16.006561,3.0824585,5.4077244,2837013.2,0.0,6.2023087,0.0,4849.274791666667,6054.24,3976.65,96,2024,3,Spring,1,0
2024-03-27,13.239738,16.684448,9.723022,5.454146,2665873.0,0.35635632,2.2602615,0.0,4940.033958333333,5886.07,4221.59,96,2024,3,Spring,2,0
2024-03-28,13.235291,16.654999,9.962402,6.731397,2214191.0,0.6207466,2.2647095,0.0,4818.562291666666,5761.3,4107.36,96,2024,3,Spring,3,0
2024-03-29,12.401985,18.446564,6.8920593,5.247541,1435993.6,0.018056232,3.0980148,0.0,4067.6678125,5009.05,3373.33,96,2024,3,Spring,4,0
2024-03-30,18.133423,21.60788,15.298462,5.4992113,2476680.5,0.0,0.0,0.13342285,3860.3763541666667,4924.54,3365.41,96,2024,3,Spring,5,1
2024-03-31,17.548912,22.26715,14.24231,5.397493,2444322.2,0.0,0.0,0.0,3621.8278124999997,4584.61,2923.11,96,2024,3,Spring,6,1
2024-04-01,19.489716,25.191498,16.262299,6.397795,2567168.2,0.039958954,0.0,1.4897156,3478.0656249999997,4646.45,2684.8,96,2024,4,Spring,0,0
2024-04-02,11.249619,15.260803,8.550598,4.24784,2331443.2,2.4068832,4.2503815,0.0,4585.84875,5616.6,3331.46,96,2024,4,Spring,1,0
2024-04-03,11.847191,17.181519,7.4387207,3.740458,2383637.2,0.0019073485,3.6528091,0.0,4567.1797916666665,5653.14,3772.81,96,2024,4,Spring,2,0
2024-04-04,13.702301,18.092651,10.574799,2.301258,2529092.2,0.05531311,1.797699,0.0,4664.826666666667,5693.6,3998.63,96,2024,4,Spring,3,0
2024-04-05,15.627609,20.329102,11.9461975,1.9418857,2531238.5,0.24970372,0.0,0.0,4521.746875,5556.42,3846.59,96,2024,4,Spring,4,0
2024-04-06,17.860603,24.152283,13.813446,1.8350186,2988778.8,0.0,0.0,0.0,4161.197395833334,5094.36,3574.06,96,2024,4,Spring,5,1
2024-04-07,17.96431,25.10373,12.317963,2.6976302,3202611.2,0.0,0.0,0.0,3842.5016666666666,5128.3,3141.92,96,2024,4,Spring,6,1
2024-04-08,19.414406,25.39093,15.44577,4.4064965,3033301.2,0.0,0.0,1.4144058,4370.858958333333,5593.1,3527.59,96,2024,4,Spring,0,0
2024-04-09,19.580788,24.809082,15.599945,4.986702,2885405.8,0.0,0.0,1.5807877,4508.527291666666,5664.47,3861.82,96,2024,4,Spring,1,0
2024-04-10,12.797379,15.413574,11.45401,7.5027857,1730171.8,0.00019073486,2.7026215,0.0,4531.039583333333,5675.5,3942.2,96,2024,4,Spring,2,0
2024-04-11,14.295998,19.016968,10.794067,4.1636915,3107464.5,0.00012715659,1.2040024,0.0,4486.923854166666,5608.98,3792.42,96,2024,4,Spring,3,0
2024-04-12,15.154343,20.887817,11.235687,2.649082,3407180.8,0.0,0.34565735,0.0,4375.300520833333,5396.46,3637.78,96,2024,4,Spring,4,0
2024-04-13,16.92456,23.736786,10.808899,2.5313773,3409117.8,0.0,0.0,0.0,3893.3302083333333,4960.88,3206.64,96,2024,4,Spring,5,1
2024-04-14,19.664444,27.2612,14.067963,2.2560534,3439778.2,0.0,0.0,1.664444,3806.9270833333335,5015.76,3247.91,96,2024,4,Spring,6,1
2024-04-15,17.060738,24.228333,14.364197,1.9085081,2725794.2,0.9081523,0.0,0.0,4439.417916666666,5553.57,3487.43,96,2024,4,Spring,0,0
2024-04-16,8.603806,13.31546,6.11322,2.7154653,774335.94,2.3153622,6.8961945,0.0,5036.5803125,5741.15,3892.99,96,2024,4,Spring,1,0
2024-04-17,7.586693,11.125732,4.2380066,4.510083,2744994.2,0.078868866,7.913307,0.0,4801.314583333334,5771.7,4108.4,96,2024,4,Spring,2,0
2024-04-18,7.5029984,11.525848,4.50412,4.8828254,3042624.0,0.01001358,7.9970016,0.0,4812.966354166667,5844.72,4134.17,96,2024,4,Spring,3,0
2024-04-19,7.08313,11.482819,3.821106,2.8552432,3463582.0,0.07626215,8.41687,0.0,4643.130833333334,5763.62,3893.63,96,2024,4,Spring,4,0
2024-04-20,8.33313,11.371155,6.735779,2.9060555,2623407.0,0.15850067,7.16687,0.0,4346.1518750000005,5335.41,3821.28,96,2024,4,Spring,5,1
2024-04-21,6.4885483,9.495544,4.7820435,5.8516316,2326890.8,0.04310608,9.011452,0.0,4098.697604166667,5363.56,3530.33,96,2024,4,Spring,6,1
2024-04-22,6.1915436,8.978485,3.4400635,3.9449008,1769429.4,0.07673899,9.308456,0.0,4957.393958333333,5888.54,3824.62,96,2024,4,Spring,0,0
2024-04-23,7.1856537,8.988525,5.5124207,3.6484685,1394786.1,0.7269541,8.314346,0.0,5132.3012499999995,5903.06,4258.29,96,2024,4,Spring,1,0
2024-04-24,6.1622925,6.977112,5.6614685,4.4517,1031573.3,1.1162758,9.3377075,0.0,5318.725520833334,5980.36,4258.12,96,2024,4,Spring,2,0
2024-04-25,7.568489,11.25412,3.743866,1.5414295,3310152.5,0.017738342,7.931511,0.0,4927.702708333333,6047.67,4327.74,96,2024,4,Spring,3,0
2024-04-26,9.333748,14.6649475,3.7903137,2.5209146,3139891.2,0.11157989,6.166252,0.0,4849.0384375,5894.45,4145.84,96,2024,4,Spring,4,0
2024-04-27,13.952904,19.25003,8.636169,3.8220696,3816490.8,0.00031789145,1.5470963,0.0,4120.108645833333,5168.64,3456.4,96,2024,4,Spring,5,1
2024-04-28,17.062965,22.671753,11.758301,4.7245445,3864815.2,0.0,0.0,0.0,3836.8803125,5062.09,3154.31,96,2024,4,Spring,6,1
2024-04-29,18.867813,25.269043,13.203064,3.5727217,3855142.5,0.0,0.0,0.8678131,4281.810937499999,5472.0,3538.33,96,2024,4,Spring,0,0
2024-04-30,18.6726,24.254211,13.640625,3.5045989,4017421.0,0.0,0.0,0.6725998,4255.031770833333,5303.19,3574.46,96,2024,4,Spring,1,0
2024-05-01,17.392563,21.531677,13.481201,4.292335,3381346.2,0.0,0.0,0.0,3592.8562500000003,4709.75,2817.31,96,2024,5,Spring,2,0
2024-05-02,17.465088,20.484985,15.483704,4.788677,2775607.5,0.03709793,0.0,0.0,4397.357291666666,5401.79,3340.38,96,2024,5,Spring,3,0
2024-05-03,14.94574,17.4617,13.897003,2.2726142,2032132.2,0.8904457,0.55426025,0.0,4602.570104166666,5325.43,3864.08,96,2024,5,Spring,4,0
2024-05-04,16.68885,22.054993,11.611298,3.7587762,3817698.0,0.022411346,0.0,0.0,3915.6896875,4961.95,3232.82,96,2024,5,Spring,5,1
2024-05-05,18.365837,24.057983,12.856934,3.1873953,3662993.2,0.007756551,0.0,0.3658371,3720.1186458333336,4949.25,3048.65,96,2024,5,Spring,6,1
2024-05-06,18.301575,23.574646,13.642273,3.7609692,4027400.2,0.0011444092,0.0,0.3015747,4291.7865625,5440.54,3528.14,96,2024,5,Spring,0,0
2024-05-07,17.36341,20.383484,15.978149,3.2107637,2592358.5,0.20278294,0.0,0.0,4541.469375,5484.71,3886.61,96,2024,5,Spring,1,0
2024-05-08,14.818001,16.111511,13.625214,2.3995957,713036.8,0.87776184,0.6819992,0.0,4735.653125,5557.64,3968.52,96,2024,5,Spring,2,0
2024-05-09,15.724998,20.313416,12.14798,3.4229302,3373977.5,0.0014305116,0.0,0.0,4514.3359375,5587.27,3807.81,96,2024,5,Spring,3,0
2024-05-10,16.099907,22.029053,10.675781,2.2304096,3885888.0,0.004259745,0.0,0.0,4436.4665625,5410.91,3816.03,96,2024,5,Spring,4,0
2024-05-11,16.342148,22.176605,10.571655,1.60342,3303931.8,0.001970927,0.0,0.0,4033.6823958333334,4957.6,3441.0,96,2024,5,Spring,5,1
2024-05-12,17.248985,21.377075,13.160492,1.5809538,3523938.2,0.018692015,0.0,0.0,3806.216875,5035.56,3138.77,96,2024,5,Spring,6,1
2024-05-13,16.344978,20.516632,12.82666,3.078628,3679859.0,0.040245056,0.0,0.0,4313.846145833333,5555.69,3586.09,96,2024,5,Spring,0,0
2024-05-14,17.058197,22.370575,11.482147,1.9267788,4313455.0,0.0,0.0,0.0,4422.6671875,5564.05,3762.67,96,2024,5,Spring,1,0
2024-05-15,17.155289,22.329895,11.468536,3.0411267,3464904.5,0.006262461,0.0,0.0,4498.942708333333,5545.78,3817.69,96,2024,5,Spring,2,0
2024-05-16,16.582375,20.290436,13.147064,5.1561975,2559274.8,0.4090945,0.0,0.0,4536.964166666667,5522.16,3970.89,96,2024,5,Spring,3,0
2024-05-17,14.904747,17.740051,12.418274,4.768178,2378333.8,2.5560381,0.595253,0.0,4780.8263541666665,5335.31,4018.51,96,2024,5,Spring,4,0
2024-05-18,16.055534,20.422485,11.44455,1.6380118,3561702.5,0.07375082,0.0,0.0,3961.458020833333,4856.33,3256.49,96,2024,5,Spring,5,1
2024-05-19,19.100288,22.89856,14.87912,1.6072899,3848341.2,0.031026203,0.0,1.1002884,3609.4695833333335,4601.18,2876.28,96,2024,5,Spring,6,1
2024-05-20,19.765015,24.543457,14.82782,1.4400544,3761638.5,0.093619026,0.0,1.7650146,3620.7625000000003,4753.84,3047.04,96,2024,5,Spring,0,0
2024-05-21,19.081154,22.728912,17.631104,4.8757057,2187362.0,3.1591098,0.0,1.0811539,4410.8126041666665,5464.23,3399.83,96,2024,5,Spring,1,0
2024-05-22,17.64341,20.58725,15.547333,2.1466858,3064930.2,0.06726582,0.0,0.0,4579.0340625,5411.89,3950.09,96,2024,5,Spring,2,0
2024-05-23,18.721924,22.94812,14.727997,2.1180587,3222178.0,0.024032593,0.0,0.7219238,4539.076458333334,5464.53,3947.61,96,2024,5,Spring,3,0
2024-05-24,18.027412,21.439728,15.589386,1.7031024,2711210.8,0.74243546,0.0,0.027412415,4637.869375,5317.4,3978.02,96,2024,5,Spring,4,0
2024-05-25,18.589241,22.732117,14.680695,2.9723969,3330150.2,1.0320663,0.0,0.589241,3993.2495833333337,4898.92,3495.96,96,2024,5,Spring,5,1
2024-05-26,19.351097,23.680695,16.844055,1.5273973,3238451.2,0.22710162,0.0,1.3510971,3846.8578125,4956.81,3304.19,96,2024,5,Spring,6,1
2024-05-27,19.984612,25.614471,15.562012,1.2905443,3674227.2,0.00069936115,0.0,1.9846115,4390.2517708333335,5422.01,3577.83,96,2024,5,Spring,0,0
2024-05-28,18.90406,24.383514,14.625549,2.9230561,3527888.8,0.73636377,0.0,0.90406036,4439.173229166667,5434.56,3882.08,96,2024,5,Spring,1,0
2024-05-29,18.58641,22.89206,14.616577,3.9102416,4023390.0,0.03341039,0.0,0.5864105,4460.300416666667,5473.02,3885.42,96,2024,5,Spring,2,0
2024-05-30,19.029778,24.936829,13.347351,1.8387554,4396036.0,0.004196167,0.0,1.0297775,4510.049270833333,5422.43,3957.13,96,2024,5,Spring,3,0
2024-05-31,17.790771,19.003784,16.266785,1.7805871,1261115.8,1.5889168,0.0,0.0,4641.46375,5255.26,3959.01,96,2024,5,Spring,4,0
2024-06-01,16.277039,19.356476,14.020355,3.088912,3517196.5,0.5436261,0.0,0.0,4059.9756249999996,4861.34,3665.03,96,2024,6,Summer,5,1
2024-06-02,18.70382,22.395325,14.464203,1.8875684,3372718.8,0.16536713,0.0,0.7038193,3827.9363541666667,4949.24,3388.29,96,2024,6,Summer,6,1
2024-06-03,18.115456,20.416626,16.5719,1.3692303,1885503.9,4.9987793,0.0,0.11545563,4640.802604166666,5353.47,3549.27,96,2024,6,Summer,0,0
2024-06-04,17.169914,19.327179,15.456421,3.706006,2326587.8,0.7831573,0.0,0.0,4614.3065625,5407.43,3974.15,96,2024,6,Summer,1,0
2024-06-05,19.64241,24.598358,13.52298,0.6635355,3655603.2,0.018660229,0.0,1.6424103,4554.2231249999995,5529.23,3994.18,96,2024,6,Summer,2,0
2024-06-06,21.745644,26.705536,16.13919,1.5687996,3788484.0,0.0017166138,0.0,3.7456436,4613.634479166666,5585.54,4023.25,96,2024,6,Summer,3,0
2024-06-07,22.09951,27.305634,18.555664,1.499371,3919752.5,0.4650434,0.0,4.09951,4701.6345833333335,5419.36,4107.66,96,2024,6,Summer,4,0
2024-06-08,22.56852,27.904053,17.601868,1.7055905,3772723.2,0.36970773,0.0,4.5685196,4185.404791666667,5171.36,3718.11,96,2024,6,Summer,5,1
2024-06-09,22.094002,25.573334,19.838593,2.0490375,3702959.0,1.1086464,0.0,4.094002,4054.675416666667,5149.16,3431.92,96,2024,6,Summer,6,1
2024-06-10,19.523537,20.531311,18.84851,2.0046792,2039931.8,2.2261937,0.0,1.5235367,4880.7716666666665,5521.44,3780.07,96,2024,6,Summer,0,0
2024-06-11,18.164085,21.392853,16.432495,2.9356582,2286660.2,0.4541079,0.0,0.16408539,4766.77125,5458.2,4133.02,96,2024,6,Summer,1,0
2024-06-12,14.798477,15.421356,14.202698,4.452502,2053811.2,0.015608469,0.7015228,0.0,4760.386666666666,5362.62,4017.59,96,2024,6,Summer,2,0
2024-06-13,15.626419,18.57721,12.5433655,2.0813167,3779699.2,0.014050802,0.0,0.0,4652.8940625000005,5325.56,4037.62,96,2024,6,Summer,3,0
2024-06-14,17.114456,22.047699,11.102509,1.8105184,4173085.8,0.0,0.0,0.0,4392.458854166666,5196.4,3837.58,96,2024,6,Summer,4,0
2024-06-15,19.945992,25.407196,12.957489,3.1946378,4468309.5,0.00019073486,0.0,1.9459915,3934.033020833333,4991.5,3311.36,96,2024,6,Summer,5,1
2024-06-16,20.182213,23.485168,17.387085,2.37546,3861832.2,0.22732419,0.0,2.1822128,3932.3580208333333,4999.0,3415.84,96,2024,6,Summer,6,1
2024-06-17,22.111885,27.269318,15.626282,1.3871667,4459498.5,0.008074442,0.0,4.111885,4574.124687500001,5716.49,3638.99,96,2024,6,Summer,0,0
2024-06-18,24.68991,29.829895,18.703064,2.269607,4402641.0,0.0009854634,0.0,6.689911,4886.636979166667,5963.22,4143.01,96,2024,6,Summer,1,0
2024-06-19,25.893486,30.602356,20.906372,3.0743895,4633485.0,0.0,0.0,7.893486,5060.4696875,6222.53,4228.8,96,2024,6,Summer,2,0
2024-06-20,23.796806,26.003479,21.48169,3.1184156,4372083.0,0.0,0.0,5.7968063,5157.830208333334,6069.58,4404.87,96,2024,6,Summer,3,0
2024-06-21,26.315765,30.833923,21.351257,2.8526423,4450922.5,0.0,0.0,8.315765,5179.521979166667,6177.74,4363.94,96,2024,6,Summer,4,0
2024-06-22,22.667656,25.491272,19.243652,4.051804,3352281.5,2.31212,0.0,4.667656,4628.954687500001,5279.85,3988.43,96,2024,6,Summer,5,1
2024-06-23,22.510948,26.401215,18.752441,4.6058216,4093883.8,0.0051498413,0.0,4.510948,4248.3751041666665,5256.16,3691.44,96,2024,6,Summer,6,1
2024-06-24,22.551071,26.578918,18.792786,3.7637763,4331084.5,0.0,0.0,4.551071,4717.31625,5780.66,3868.98,96,2024,6,Summer,0,0
2024-06-25,22.406822,27.160614,16.693237,1.2170312,3813819.8,0.011380513,0.0,4.406822,4878.136875,5827.23,4191.03,96,2024,6,Summer,1,0
2024-06-26,22.850403,27.556213,20.518585,2.623138,3399423.8,1.3863245,0.0,4.850403,5037.318125,5778.36,4246.63,96,2024,6,Summer,2,0
2024-06-27,21.880302,25.40741,18.639465,0.9228358,2762641.2,0.81300735,0.0,3.8803024,4970.024166666667,5702.29,4246.65,96,2024,6,Summer,3,0
2024-06-28,24.067734,28.693207,19.111938,1.2139361,4013303.5,0.049177807,0.0,6.067734,4947.344895833333,5731.27,4186.55,96,2024,6,Summer,4,0
2024-06-29,26.360657,32.107635,19.763489,1.6338813,4357760.0,0.00025431317,0.0,8.360657,4546.469062499999,5569.88,3983.59,96,2024,6,Summer,5,1
2024-06-30,28.123932,32.990692,24.05066,4.9363365,4450850.0,0.0,0.0,10.123932,4514.214895833334,5725.48,3825.16,96,2024,6,Summer,6,1
2024-07-01,22.481186,24.22696,21.357117,3.6107616,3206860.8,0.03786087,0.0,4.481186,4913.451666666667,5718.44,3960.16,96,2024,7,Summer,0,0
2024-07-02,20.329498,22.925476,18.617126,5.3608885,4164283.5,0.20809174,0.0,2.3294983,4763.595,5351.95,4139.93,96,2024,7,Summer,1,0
2024-07-03,18.697624,21.503937,15.038757,2.6785932,3037303.5,0.07266999,0.0,0.6976242,4675.7508333333335,5382.59,4004.09,96,2024,7,Summer,2,0
2024-07-04,19.419098,23.222473,14.352539,3.277572,4441007.0,0.00025431317,0.0,1.4190979,4534.241458333333,5424.77,4032.5,96,2024,7,Summer,3,0
2024-07-05,22.50708,26.831116,16.873322,2.5408485,4057365.2,6.357829e-05,0.0,4.50708,4582.749479166667,5521.99,4075.06,96,2024,7,Summer,4,0
2024-07-06,25.201866,30.173157,19.848236,5.4224453,4426329.5,0.0,0.0,7.201866,4279.563645833333,5305.65,3818.33,96,2024,7,Summer,5,1
2024-07-07,24.33332,28.125214,21.769531,2.2193055,3317986.0,0.009282431,0.0,6.3333206,4299.930416666667,5556.25,3725.32,96,2024,7,Summer,6,1
2024-07-08,24.57837,28.80661,20.562042,2.264999,3626479.0,0.84330237,0.0,6.578369,5209.288541666667,6205.86,4033.73,96,2024,7,Summer,0,0
2024-07-09,27.154144,32.719757,21.472748,1.4305861,3927407.0,0.01300176,0.0,9.154144,5426.0515625,6580.08,4481.4,96,2024,7,Summer,1,0
2024-07-10,29.031235,34.72766,23.200378,1.9532977,4164347.8,0.011603037,0.0,11.031235,5634.761666666666,6704.96,4624.64,96,2024,7,Summer,2,0
2024-07-11,27.681152,32.880463,24.267517,2.4288857,3505403.8,0.9817124,0.0,9.681152,5674.6159375,6614.0,4699.64,96,2024,7,Summer,3,0
2024-07-12,27.390915,33.81888,23.491241,2.3151393,4046174.0,0.01783371,0.0,9.390915,5614.6753125,6661.98,4654.3,96,2024,7,Summer,4,0
2024-07-13,25.351624,29.353546,21.51175,2.2059922,4205184.0,0.038146973,0.0,7.3516235,4946.232395833334,5889.64,4425.24,96,2024,7,Summer,5,1
2024-07-14,26.18927,30.694305,21.749512,2.268055,3958302.0,0.043964386,0.0,8.18927,4860.061458333334,6008.97,4134.86,96,2024,7,Summer,6,1
2024-07-15,28.317238,33.014465,23.688019,1.8945776,3915486.0,0.015830994,0.0,10.317238,5581.839791666666,6775.62,4223.14,96,2024,7,Summer,0,0
2024-07-16,28.368973,32.970398,23.852783,2.0929375,4113254.5,0.012111664,0.0,10.368973,5824.2940625,6874.2,4771.79,96,2024,7,Summer,1,0
2024-07-17,26.980042,31.677063,24.312988,5.5300255,4124561.2,0.020503998,0.0,8.9800415,5607.440833333333,6469.89,4682.23,96,2024,7,Summer,2,0
2024-07-18,26.043716,30.89853,21.506744,3.238268,3581546.5,0.008010864,0.0,8.043716,5367.419895833334,6454.17,4489.04,96,2024,7,Summer,3,0
2024-07-19,26.737144,31.767517,21.839844,1.2452579,3769710.8,0.055344895,0.0,8.737144,5210.379270833333,6109.6,4471.93,96,2024,7,Summer,4,0
2024-07-20,22.115257,23.128998,20.59253,1.1883094,1175761.1,0.8723259,0.0,4.1152573,4512.955729166667,4966.0,3874.34,96,2024,7,Summer,5,1
2024-07-21,24.155907,28.251556,19.967499,1.4164007,3491605.5,0.04285177,0.0,6.1559067,4244.638229166667,5361.19,3721.99,96,2024,7,Summer,6,1
2024-07-22,24.689278,29.769989,19.418427,3.0587819,3327086.8,0.26842752,0.0,6.6892776,4923.0398958333335,5942.0,3806.62,96,2024,7,Summer,0,0
2024-07-23,25.610474,30.128845,22.382019,4.020818,3725013.5,0.0014305115,0.0,7.6104736,5015.510416666667,5801.56,4197.52,96,2024,7,Summer,1,0
2024-07-24,24.178078,27.621826,21.866821,4.2736974,3792567.5,0.011189779,0.0,6.1780777,4794.013020833333,5573.48,4100.61,96,2024,7,Summer,2,0
2024-07-25,22.207367,25.913483,18.980682,3.5417528,3369088.0,0.0018437703,0.0,4.207367,4508.644895833333,5307.57,3965.23,96,2024,7,Summer,3,0
2024-07-26,22.723999,28.638275,16.44873,0.99198365,3984473.5,0.0,0.0,4.723999,4393.0981249999995,5322.69,3864.7,96,2024,7,Summer,4,0
2024-07-27,26.231407,32.619354,19.026062,2.9404495,4146602.8,0.0,0.0,8.231407,4097.149375,5178.71,3555.39,96,2024,7,Summer,5,1
2024-07-28,25.9991,30.458801,22.442932,3.7638686,3221747.2,0.15859604,0.0,7.9990997,4094.4166666666665,5058.71,3480.94,96,2024,7,Summer,6,1
2024-07-29,22.463387,26.89032,18.210815,2.8996058,4052096.0,0.0,0.0,4.4633865,4300.553541666667,5373.29,3560.4,96,2024,7,Summer,0,0
2024-07-30,21.753876,27.040497,16.411835,1.877356,4309615.0,0.0,0.0,3.7538757,4354.948125,5408.53,3775.67,96,2024,7,Summer,1,0
2024-07-31,23.339996,30.983307,14.550995,1.9011962,4180757.2,0.0,0.0,5.3399963,4463.675208333333,5560.44,3767.19,96,2024,7,Summer,2,0
2024-08-01,24.4206,27.773346,19.381317,1.5221822,3255458.0,0.21444957,0.0,6.420601,4662.327083333334,5560.53,3855.88,96,2024,8,Summer,3,0
2024-08-02,22.88021,25.447357,20.951508,1.6797211,2095330.1,0.4450798,0.0,4.880211,4681.390104166667,5335.39,3893.28,96,2024,8,Summer,4,0
2024-08-03,21.648216,25.595276,19.089386,4.7232494,3813261.0,0.0,0.0,3.6482162,3979.5941666666663,4675.19,3519.19,96,2024,8,Summer,5,1
2024-08-04,20.55304,24.352142,16.455963,1.08748,2455957.2,1.71388,0.0,2.5530396,3677.8605208333333,4811.38,3100.71,96,2024,8,Summer,6,1
2024-08-05,20.24414,23.099854,17.401917,2.9851248,1713885.8,0.36147436,0.0,2.2441406,4388.079687500001,5149.98,3387.28,96,2024,8,Summer,0,0
2024-08-06,20.440712,25.578613,15.207153,1.7243134,3992964.2,0.0,0.0,2.440712,4315.842708333334,5299.56,3690.75,96,2024,8,Summer,1,0
2024-08-07,22.155281,28.566986,15.156067,2.2148864,3751965.8,0.0,0.0,4.155281,4441.111979166667,5525.27,3742.71,96,2024,8,Summer,2,0
2024-08-08,22.058517,26.532928,19.774017,2.0308986,2114188.8,1.3376553,0.0,4.0585175,4693.8689583333335,5499.21,3846.0,96,2024,8,Summer,3,0
2024-08-09,22.58677,27.607147,18.137512,2.651193,3599343.0,0.0,0.0,4.586769,4460.8793749999995,5379.99,3903.66,96,2024,8,Summer,4,0
2024-08-10,24.777763,30.845062,18.373718,1.7485747,3444125.8,0.0020980835,0.0,6.7777634,4077.7946875,5154.88,3534.68,96,2024,8,Summer,5,1
2024-08-11,26.604378,32.393158,21.19629,1.4711401,3749534.0,0.0,0.0,8.604378,4152.6866666666665,5470.34,3495.91,96,2024,8,Summer,6,1
2024-08-12,26.837135,32.994507,21.926666,1.773914,3580411.8,0.0,0.0,8.837135,4919.0642708333335,6274.75,3701.81,96,2024,8,Summer,0,0
2024-08-13,27.715858,33.8537,22.34079,2.292096,3322829.0,0.3794034,0.0,9.715858,5147.777291666666,6383.57,4168.42,96,2024,8,Summer,1,0
2024-08-14,27.887817,33.718475,24.206451,2.8802607,3606169.8,0.0,0.0,9.887817,5201.5025,6491.88,4216.25,96,2024,8,Summer,2,0
2024-08-15,26.55378,31.702118,22.986847,1.1709319,3355063.5,0.05489985,0.0,8.55378,5276.902916666667,6473.25,4286.34,96,2024,8,Summer,3,0
2024-08-16,26.873535,33.214233,21.839722,0.98917276,3345591.5,0.06380081,0.0,8.873535,5323.888958333334,6335.98,4336.29,96,2024,8,Summer,4,0
2024-08-17,26.197891,30.34674,23.54309,1.4452584,2655168.0,3.2603264,0.0,8.197891,4727.134479166666,5457.37,3943.97,96,2024,8,Summer,5,1
2024-08-18,25.057785,31.070587,20.995209,2.7058563,3180744.5,1.1614481,0.0,7.057785,4325.685937499999,5499.08,3769.8,96,2024,8,Summer,6,1
2024-08-19,23.69088,27.65036,21.208527,3.2923174,3170495.8,0.03792445,0.0,5.69088,4337.6484375,5390.52,3722.93,96,2024,8,Summer,0,0
2024-08-20,23.607025,28.993378,20.176239,3.595022,2284343.5,1.589171,0.0,5.607025,4178.6865625,5256.85,3604.23,96,2024,8,Summer,1,0
2024-08-21,23.03627,26.784882,19.6698,3.7702684,2923170.2,0.00041325888,0.0,5.03627,4770.1717708333335,5729.89,3666.61,96,2024,8,Summer,2,0
2024-08-22,21.322624,25.464111,18.30429,2.4179947,2527799.5,0.0,0.0,3.3226242,4727.2509375,5656.11,4035.42,96,2024,8,Summer,3,0
2024-08-23,23.00351,30.345673,16.21643,2.044971,3447458.0,0.0,0.0,5.0035095,4723.472604166666,5856.01,3946.19,96,2024,8,Summer,4,0
2024-08-24,25.943962,33.457306,19.566132,2.3870175,3384687.0,0.0,0.0,7.943962,4508.641770833333,5606.38,3967.8,96,2024,8,Summer,5,1
2024-08-25,27.382217,33.315918,23.632233,3.9040856,3224426.5,0.008487701,0.0,9.382217,4477.973020833333,5768.81,3787.66,96,2024,8,Summer,6,1
2024-08-26,24.45633,28.815247,20.656769,5.043311,3086212.2,0.0,0.0,6.4563293,5199.954583333333,6493.2,3936.98,96,2024,8,Summer,0,0
2024-08-27,23.345436,27.514984,19.736176,3.601248,2994722.2,0.5527178,0.0,5.345436,5246.59,6172.26,4374.53,96,2024,8,Summer,1,0
2024-08-28,25.020134,31.23288,20.414642,1.0710474,2996881.0,0.04240672,0.0,7.020134,5380.447604166667,6492.92,4380.43,96,2024,8,Summer,2,0
2024-08-29,25.875786,32.35794,21.682404,1.394481,2969310.0,0.0047683716,0.0,7.875786,5309.498020833334,6382.15,4408.83,96,2024,8,Summer,3,0
2024-08-30,25.674667,32.782257,21.340698,0.8097709,2894562.2,0.005722046,0.0,7.6746674,5281.3925,6371.85,4327.59,96,2024,8,Summer,4,0
2024-08-31,25.444038,33.077484,19.944702,0.8619633,3018329.8,0.012906393,0.0,7.4440384,4795.926354166667,5924.89,4189.83,96,2024,8,Summer,5,1
2024-09-01,25.501282,32.18112,21.933655,1.5790924,3071415.2,6.357829e-05,0.0,7.5012817,4596.1046875,5912.07,4001.85,96,2024,9,Autumn,6,1
2024-09-02,24.893394,32.84854,20.087463,2.230123,2991791.0,0.001335144,0.0,6.8933945,5172.9279166666665,6488.3,3972.53,96,2024,9,Autumn,0,0
2024-09-03,25.085876,33.497833,19.87976,1.8923235,3092040.5,0.000445048,0.0,7.0858765,5291.0378125,6540.89,4359.94,96,2024,9,Autumn,1,0
2024-09-04,25.091843,33.46231,19.804169,2.4810867,2948283.8,0.0,0.0,7.0918427,5319.003229166667,6473.24,4405.64,96,2024,9,Autumn,2,0
2024-09-05,24.709442,30.611145,21.46997,3.6130893,3041109.5,0.0,0.0,6.709442,5091.628854166666,6172.11,4336.0,96,2024,9,Autumn,3,0
2024-09-06,22.587616,26.358582,20.06549,2.6260438,2231658.5,0.09101232,0.0,4.587616,5054.9236458333335,5927.43,4231.13,96,2024,9,Autumn,4,0
2024-09-07,23.444427,29.714355,19.098206,2.587621,2498163.0,0.16409557,0.0,5.4444275,4554.949791666667,5514.13,3958.16,96,2024,9,Autumn,5,1
2024-09-08,24.577538,29.982697,20.792877,3.9039948,2062984.6,0.005722046,0.0,6.5775375,4366.676041666667,5580.5,3838.27,96,2024,9,Autumn,6,1
2024-09-09,19.100937,24.058289,15.580261,2.9587595,329894.4,5.4754577,0.0,1.1009369,5027.141041666667,5684.21,3855.29,96,2024,9,Autumn,0,0
2024-09-10,17.989647,22.210358,15.104218,4.037156,1790976.0,6.357829e-05,0.0,0.0,4885.3949999999995,5733.56,4075.01,96,2024,9,Autumn,1,0
2024-09-11,17.903961,23.464172,15.116821,2.6057577,2444463.0,0.0,0.0,0.0,4746.856458333333,5704.59,4057.16,96,2024,9,Autumn,2,0
2024-09-12,12.85099,14.616547,10.082703,4.253509,923285.4,2.1236737,2.6490097,0.0,4755.66375,5655.68,4007.87,96,2024,9,Autumn,3,0
2024-09-13,8.345222,8.920319,7.698761,7.573459,179729.06,5.9366226,7.1547775,0.0,5018.287395833334,5717.42,3973.64,96,2024,9,Autumn,4,0
2024-09-14,9.841415,10.627289,8.711243,7.0684724,492433.06,2.1138191,5.6585846,0.0,4577.745833333333,5249.27,3723.4,96,2024,9,Autumn,5,1
2024-09-15,10.517014,10.853088,10.304474,7.1536546,364680.53,5.844466,4.9829865,0.0,4431.214479166667,5399.58,3613.68,96,2024,9,Autumn,6,1
2024-09-16,11.791031,12.363617,11.114777,5.2607474,599756.8,1.1581421,3.708969,0.0,5097.723854166667,5962.8,3646.26,96,2024,9,Autumn,0,0
2024-09-17,13.157982,17.174744,10.020355,2.4423466,1681058.1,0.0066121416,2.3420181,0.0,4853.6407291666665,5920.44,4063.17,96,2024,9,Autumn,1,0
2024-09-18,16.913551,23.279846,12.898224,2.32381,2557772.8,0.009759267,0.0,0.0,4763.831145833333,5913.01,4054.05,96,2024,9,Autumn,2,0
2024-09-19,16.739899,22.748901,13.526703,2.8205848,2635012.2,0.023460388,0.0,0.0,4671.463541666667,5862.26,4001.08,96,2024,9,Autumn,3,0
2024-09-20,16.257751,21.688965,13.605957,2.5381923,2359249.0,0.0023206074,0.0,0.0,4628.225416666667,5721.71,3974.03,96,2024,9,Autumn,4,0
2024-09-21,15.120804,22.971436,10.579346,1.8193207,2640418.2,0.0,0.37919617,0.0,4064.316145833333,5161.78,3285.94,96,2024,9,Autumn,5,1
2024-09-22,15.405243,23.888855,10.671112,2.6270618,2644458.8,0.0,0.09475708,0.0,3901.5011458333333,5211.03,3208.78,96,2024,9,Autumn,6,1
2024-09-23,16.818474,24.40036,11.473389,3.468038,2477333.2,0.0,0.0,0.0,4393.267291666666,5643.83,3512.48,96,2024,9,Autumn,0,0
2024-09-24,16.35759,18.470642,15.188385,2.6113791,675648.0,1.7245611,0.0,0.0,4689.7903125,5748.71,3854.96,96,2024,9,Autumn,1,0
2024-09-25,16.485382,20.662903,13.698669,2.3843303,2017706.8,0.28489432,0.0,0.0,4818.434583333333,5747.47,3941.69,96,2024,9,Autumn,2,0
2024-09-26,19.907036,24.560822,16.128632,7.5409503,1855761.0,0.0,0.0,1.9070358,4781.654270833334,5785.27,3947.84,96,2024,9,Autumn,3,0
2024-09-27,18.443947,19.27768,16.681396,2.930439,1104358.4,0.30721027,0.0,0.44394684,4919.9540625,5662.5,3983.51,96,2024,9,Autumn,4,0
2024-09-28,14.665291,16.316223,12.990997,3.534217,1229576.5,0.017706554,0.83470917,0.0,4532.2503125,5200.98,3663.6,96,2024,9,Autumn,5,1
2024-09-29,11.869873,14.471619,9.822479,5.994076,1886720.0,0.010363261,3.630127,0.0,4161.2678125,5282.0,3574.41,96,2024,9,Autumn,6,1
2024-09-30,9.264145,15.348755,5.7061768,1.4866637,1856942.9,0.00044504803,6.235855,0.0,4556.415,5905.38,3591.67,96,2024,9,Autumn,0,0
2024-10-01,11.164009,17.598755,5.835449,2.8616903,2163904.0,0.0,4.335991,0.0,4694.128854166666,5952.44,3869.34,96,2024,10,Autumn,1,0
2024-10-02,11.37883,11.900848,10.846863,3.9670167,362214.4,4.0500007,4.12117,0.0,5285.668854166667,6223.73,4059.92,96,2024,10,Autumn,2,0
2024-10-03,11.42588,13.389008,10.126984,2.3514585,571554.1,0.96530914,4.0741196,0.0,5347.085625,6186.52,4139.31,96,2024,10,Autumn,3,0
2024-10-04,10.642059,11.125214,10.07135,4.755576,174835.19,2.9368083,4.8579407,0.0,5343.0425000000005,6163.01,4178.0,96,2024,10,Autumn,4,0
2024-10-05,11.26429,13.478424,9.906342,3.045155,752904.5,0.07616679,4.23571,0.0,4693.707291666667,5434.55,3793.58,96,2024,10,Autumn,5,1
2024-10-06,11.321365,14.186005,9.9904785,2.5368497,708091.75,0.023015339,4.1786346,0.0,4525.360937500001,5488.66,3674.25,96,2024,10,Autumn,6,1
2024-10-07,11.331833,16.917023,6.6201477,2.9937658,2023773.9,0.0,4.168167,0.0,4754.66125,5972.29,3718.59,96,2024,10,Autumn,0,0
2024-10-08,17.3359,22.84317,12.97641,5.8636293,1997077.2,3.1789146e-05,0.0,0.0,4852.0763541666665,5950.35,4054.18,96,2024,10,Autumn,1,0
2024-10-09,17.033081,18.446594,15.264282,3.6134663,1630237.9,2.5352795,0.0,0.0,5051.138333333333,5955.88,4008.32,96,2024,10,Autumn,2,0
2024-10-10,17.46637,22.515686,13.601166,6.371715,1266824.5,1.5856425,0.0,0.0,4920.0642708333335,5919.26,4043.2,96,2024,10,Autumn,3,0
2024-10-11,13.616051,17.47049,11.675659,3.602607,1502536.5,0.024064383,1.8839493,0.0,4811.4842708333335,5729.96,4018.25,96,2024,10,Autumn,4,0
2024-10-12,11.019249,15.583221,7.359131,3.078453,1628983.4,0.0028928122,4.480751,0.0,4317.938229166667,5351.25,3714.07,96,2024,10,Autumn,5,1
2024-10-13,12.085274,15.028015,9.549744,3.8631303,1338517.4,0.012683868,3.4147263,0.0,4354.963333333333,5393.96,3661.17,96,2024,10,Autumn,6,1
2024-10-14,10.763535,14.593536,7.262207,2.3330176,1431833.6,0.0,4.7364655,0.0,4789.5356249999995,5941.04,3655.92,96,2024,10,Autumn,0,0
2024-10-15,11.269112,14.698578,8.774597,3.175463,1800960.0,0.14969507,4.2308884,0.0,5052.9759375,6072.34,4074.15,96,2024,10,Autumn,1,0
2024-10-16,10.4888,13.602112,8.459747,3.4877975,1331831.5,0.0,5.0112,0.0,5038.233020833333,6142.15,4208.17,96,2024,10,Autumn,2,0
2024-10-17,10.863899,12.969635,8.682251,4.380411,1152307.1,0.06974538,4.636101,0.0,5179.9934375,8265.55,4240.53,96,2024,10,Autumn,3,0
2024-10-18,12.272652,16.080109,9.73407,4.2477703,1729459.2,0.119400024,3.2273483,0.0,4942.816666666667,6006.73,4148.59,96,2024,10,Autumn,4,0
2024-10-19,10.650078,16.17392,7.677948,3.1974256,1798378.6,0.0,4.849922,0.0,4494.574791666667,5518.18,3745.11,96,2024,10,Autumn,5,1
2024-10-20,9.099518,16.17511,4.6969604,2.9981122,1835392.0,0.0,6.400482,0.0,4341.821770833333,5584.08,3557.35,96,2024,10,Autumn,6,1
2024-10-21,9.848572,16.576233,5.510559,3.1104133,1766412.9,0.0,5.651428,0.0,4921.1570833333335,6110.98,3900.53,96,2024,10,Autumn,0,0
2024-10-22,10.905205,16.904297,7.2421875,2.0864182,1594218.8,0.00031789145,4.594795,0.0,4944.5690625,5960.34,4181.88,96,2024,10,Autumn,1,0
2024-10-23,10.889534,15.861847,7.965149,1.5993466,1055372.8,0.09034474,4.610466,0.0,4279.8028125,5310.52,3640.99,96,2024,10,Autumn,2,0
2024-10-24,11.998528,16.638733,9.337097,1.5852137,1292113.1,0.08522669,3.5014725,0.0,4892.971354166667,5994.79,3652.74,96,2024,10,Autumn,3,0
2024-10-25,12.900986,16.02887,10.735168,3.3464837,1344345.6,0.15068054,2.5990143,0.0,5002.764375,5920.5,4149.55,96,2024,10,Autumn,4,0
2024-10-26,13.007935,14.544312,11.5937805,3.4888153,683387.7,0.017515818,2.4920654,0.0,4665.350625,5444.89,3843.65,96,2024,10,Autumn,5,1
2024-10-27,13.994308,19.147064,11.786072,2.6246216,1342882.1,0.0050544734,1.5056915,0.0,4288.639270833333,5328.95,3680.1,96,2024,10,Autumn,6,1
2024-10-28,12.974281,17.96222,10.568573,2.6522996,1405380.2,0.0,2.5257187,0.0,4876.9490625,5908.72,3724.52,96,2024,10,Autumn,0,0
2024-10-29,11.971329,18.867065,7.5451965,0.7203576,1492864.0,0.0,3.5286713,0.0,4969.9122916666665,5969.77,4100.05,96,2024,10,Autumn,1,0
2024-10-30,12.550079,18.96817,9.380859,1.5811694,1446690.1,0.00050862634,2.9499207,0.0,5018.855625,5983.93,4107.78,96,2024,10,Autumn,2,0
2024-10-31,11.569115,16.6268,8.7854,1.9532384,1306747.8,0.0024159749,3.9308853,0.0,5034.323229166667,5906.79,4126.28,96,2024,10,Autumn,3,0
2024-11-01,10.775093,16.69165,7.362549,1.5696423,1390677.2,0.00012715659,4.724907,0.0,4221.534479166667,4977.76,3701.19,96,2024,11,Autumn,4,0
2024-11-02,9.533081,13.3446045,7.0141296,4.497278,686003.2,0.00019073486,5.966919,0.0,4384.391770833333,5340.24,3564.78,96,2024,11,Autumn,5,1
2024-11-03,4.9776382,10.528015,2.5343933,1.2377369,1337954.1,0.0,10.522362,0.0,4493.8665625,5597.31,3719.38,96,2024,11,Autumn,6,1
2024-11-04,4.4121246,11.755768,-0.12200928,2.3256655,1428501.2,0.0,11.087875,0.0,5160.253541666667,6259.45,3941.29,96,2024,11,Autumn,0,0
2024-11-05,5.0380707,11.64444,1.0922546,2.7159562,1428731.8,0.0,10.461929,0.0,5343.3009375,6405.93,4413.2,96,2024,11,Autumn,1,0
2024-11-06,5.5666656,11.492615,1.5071411,2.1064296,1305578.6,0.0,9.933334,0.0,5486.586458333334,6453.7,4577.01,96,2024,11,Autumn,2,0
2024-11-07,5.3047256,12.090515,1.0366821,2.0750191,1372262.4,0.0,10.195274,0.0,5464.875625000001,6427.05,4570.23,96,2024,11,Autumn,3,0
2024-11-08,4.734497,11.641174,0.36743164,1.9108326,1319321.6,0.0,10.765503,0.0,5487.5720833333335,6425.41,4612.6,96,2024,11,Autumn,4,0
2024-11-09,3.2924347,9.911072,-0.3585205,1.5954235,1170205.9,0.00012715659,12.207565,0.0,5015.699166666666,5915.36,4468.93,96,2024,11,Autumn,5,1
2024-11-10,0.9280548,3.6180725,-1.108429,0.9904995,1075054.9,0.0065485635,14.571945,0.0,5160.8793749999995,6054.42,4241.28,96,2024,11,Autumn,6,1
2024-11-11,1.5926514,2.0447998,1.0188293,0.5221884,573184.0,0.013287863,13.907349,0.0,5933.716145833333,6785.96,4282.77,96,2024,11,Autumn,0,0
2024-11-12,2.2929764,3.0432434,1.5513611,0.97225976,739413.3,0.012683869,13.207024,0.0,6127.746979166666,6987.47,4707.15,96,2024,11,Autumn,1,0
2024-11-13,2.2378082,2.4606934,1.7557678,1.2457033,459891.2,0.015036265,13.262192,0.0,6158.904374999999,7015.0,4737.92,96,2024,11,Autumn,2,0
2024-11-14,3.2554092,5.9329224,2.1227417,1.5652403,551825.06,0.008710225,12.244591,0.0,6037.504791666666,6771.96,4700.34,96,2024,11,Autumn,3,0
2024-11-15,5.9411774,8.831299,3.729187,2.9965842,602589.9,0.14254253,9.558823,0.0,5855.077708333333,6616.56,4741.55,96,2024,11,Autumn,4,0
2024-11-16,4.495247,9.904999,0.47677612,2.8044617,1133030.4,0.0,11.004753,0.0,5417.920208333334,6188.64,4692.51,96,2024,11,Autumn,5,1
2024-11-17,1.5267868,2.324768,0.1869812,2.5319133,704123.75,0.000667572,13.973213,0.0,5374.0053125,6187.18,4378.67,96,2024,11,Autumn,6,1
2024-11-18,3.2364044,6.546875,1.3522949,2.6421583,1168721.1,0.008106232,12.263596,0.0,5850.923541666667,6733.97,4472.94,96,2024,11,Autumn,0,0
2024-11-19,4.6541367,6.7085876,2.574524,3.2215333,454203.72,0.005785624,10.845863,0.0,5914.029374999999,6697.34,4693.89,96,2024,11,Autumn,1,0
2024-11-20,6.4092636,10.564728,2.9223022,4.873159,313693.88,0.508372,9.090736,0.0,6039.077708333333,6862.85,4587.41,96,2024,11,Autumn,2,0
2024-11-21,2.9057846,6.331299,0.49362183,3.9105525,1139323.8,0.048255917,12.594215,0.0,5836.068854166667,6853.84,4738.58,96,2024,11,Autumn,3,0
2024-11-22,1.53862,2.7108765,0.4498291,4.800539,461299.2,0.9275754,13.96138,0.0,6246.139166666667,7137.64,4919.89,96,2024,11,Autumn,4,0
2024-11-23,1.7511902,6.003479,-0.31829834,4.141765,1209446.4,0.17353693,13.74881,0.0,5635.7096875,6391.62,4863.58,96,2024,11,Autumn,5,1
2024-11-24,4.3799896,7.895294,1.8859558,3.7852066,637000.56,0.0,11.12001,0.0,5416.3438541666665,6173.61,4589.26,96,2024,11,Autumn,6,1
2024-11-25,5.844185,10.639526,1.9483643,4.3043375,1123639.5,0.0,9.655815,0.0,5801.811666666667,6775.31,4507.42,96,2024,11,Autumn,0,0
2024-11-26,6.3312683,8.05365,3.3412476,2.4571376,726685.9,0.008551279,9.168732,0.0,6016.018020833333,6834.67,4820.36,96,2024,11,Autumn,1,0
2024-11-27,5.5202103,8.153839,2.6035767,1.6227005,356706.12,0.09841919,9.97979,0.0,5985.202916666666,6738.23,4812.87,96,2024,11,Autumn,2,0
2024-11-28,6.578041,7.5878906,5.6383667,3.2843142,244228.27,0.08888245,8.921959,0.0,6050.831145833334,6790.79,4748.51,96,2024,11,Autumn,3,0
2024-11-29,6.1007843,7.0567627,5.3298645,5.506808,516424.53,0.4477501,9.399216,0.0,5891.891770833333,6718.39,4700.22,96,2024,11,Autumn,4,0
2024-11-30,3.7837296,7.115967,1.6236267,3.2006016,826504.56,0.006453196,11.71627,0.0,5212.7283333333335,6007.21,4570.58,96,2024,11,Autumn,5,1
2024-12-01,2.5171661,7.705261,-0.45309448,1.4983933,991249.06,0.0,12.982834,0.0,5041.996666666667,5907.05,4282.86,96,2024,12,Winter,6,1
2024-12-02,3.1991959,7.743561,1.2524719,3.1408966,1008366.94,0.0,12.300804,0.0,5892.705833333333,6749.03,4427.78,96,2024,12,Winter,0,0
2024-12-03,2.8417664,4.956909,0.8850708,2.31543,512921.6,0.00740687,12.658234,0.0,6050.184270833334,6790.93,4730.05,96,2024,12,Winter,1,0
2024-12-04,3.9452286,5.6386414,2.4701843,1.839583,369544.53,0.059858955,11.554771,0.0,6014.852083333334,6770.64,4688.64,96,2024,12,Winter,2,0
2024-12-05,1.4327316,5.559265,-0.77526855,2.095766,943914.7,0.00025431317,14.067268,0.0,5987.697187500001,6738.65,4703.23,96,2024,12,Winter,3,0
2024-12-06,0.33504486,1.2299805,-1.5722961,4.1524034,120302.93,0.8454958,15.164955,0.0,6232.5503125,7119.32,4844.0,96,2024,12,Winter,4,0
2024-12-07,3.3126755,5.790436,2.0115356,2.7310443,637184.0,0.30628842,12.187325,0.0,5746.062291666666,6435.74,4804.16,96,2024,12,Winter,5,1
2024-12-08,3.0441742,4.670166,1.9253845,3.3910816,359018.66,0.018151602,12.455826,0.0,5321.553020833334,6099.04,4422.92,96,2024,12,Winter,6,1
2024-12-09,2.1580353,2.9622498,1.4407349,2.5223618,192439.47,1.0466576,13.341965,0.0,5991.995625,6805.77,4383.27,96,2024,12,Winter,0,0
2024-12-10,3.4338837,4.235443,2.9555054,2.4180374,237461.33,0.15290579,12.066116,0.0,6089.032604166667,6853.67,4720.75,96,2024,12,Winter,1,0
2024-12-11,1.7656937,2.0708313,0.9894409,3.9599504,315746.12,0.34999847,13.734306,0.0,6204.7517708333335,6952.83,4818.53,96,2024,12,Winter,2,0
2024-12-12,1.5749741,3.9803772,0.11953735,2.2880096,725175.44,0.00079472864,13.925026,0.0,5954.1715625,6793.6,4839.02,96,2024,12,Winter,3,0
2024-12-13,0.8498459,1.6337585,0.048706055,2.127649,598877.9,0.0014623007,14.650154,0.0,6093.628333333333,6838.22,4793.64,96,2024,12,Winter,4,0
2024-12-14,1.0833206,1.8371887,0.26559448,3.4256248,485572.28,0.08408229,14.416679,0.0,5815.858958333333,6690.96,4751.22,96,2024,12,Winter,5,1
2024-12-15,3.6176987,5.822937,1.095581,3.8006911,828608.0,0.014336904,11.882301,0.0,5330.049583333333,6098.35,4456.95,96,2024,12,Winter,6,1
2024-12-16,6.2764587,10.36618,3.833435,2.8006175,835643.75,0.11472701,9.223541,0.0,5670.359583333334,6432.87,4359.14,96,2024,12,Winter,0,0
2024-12-17,6.469345,10.826569,3.542511,2.544285,691200.0,0.0059445696,9.030655,0.0,5575.460625,6382.58,4533.7,96,2024,12,Winter,1,0
2024-12-18,4.739296,8.908539,2.9014282,2.1741974,890240.0,0.00019073486,10.760704,0.0,5564.567604166667,6356.04,4528.4,96,2024,12,Winter,2,0
2024-12-19,6.106888,8.942291,2.2326965,3.9615629,924228.25,0.043137867,9.393112,0.0,5490.438229166666,6333.92,4506.49,96,2024,12,Winter,3,0
2024-12-20,6.327751,7.00589,5.4772644,5.9942007,380544.0,0.7975896,9.172249,0.0,5455.258229166667,6242.3,4356.5,96,2024,12,Winter,4,0
2024-12-21,3.148674,5.834259,1.2247009,3.8798704,751722.7,0.0,12.351326,0.0,5035.563229166667,5929.77,4264.44,96,2024,12,Winter,5,1
2024-12-22,2.0074234,4.541748,0.30526733,4.675055,504755.2,1.3878822,13.492577,0.0,5165.965833333334,6009.48,4254.93,96,2024,12,Winter,6,1
2024-12-23,2.553772,3.3867493,1.7972717,4.6722484,341725.88,0.34831366,12.946228,0.0,5390.859583333334,6268.78,4189.53,96,2024,12,Winter,0,0
2024-12-24,3.9354553,5.4780273,2.6602478,8.26138,716283.75,0.014241536,11.564545,0.0,4899.254583333333,5654.19,3978.97,96,2024,12,Winter,1,0
2024-12-25,3.325203,5.375885,1.4687195,5.884292,887150.94,0.050258636,12.174797,0.0,4433.566458333334,5065.78,3685.85,96,2024,12,Winter,2,0
2024-12-26,-0.60743713,3.4177246,-3.0532227,2.5566359,1005836.8,0.0,16.107437,0.0,4478.5734375,5220.0,3876.78,96,2024,12,Winter,3,0
2024-12-27,-0.5741577,4.4672546,-3.9839783,1.7910005,1002069.3,0.0,16.074158,0.0,4801.095729166666,5692.07,3979.81,96,2024,12,Winter,4,0
2024-12-28,0.5237427,5.909027,-2.5772095,1.5523362,882039.44,0.00050862634,14.976257,0.0,4882.9875,5697.46,4099.49,96,2024,12,Winter,5,1
2024-12-29,-0.20661163,5.4305725,-3.4391785,0.8838638,1002491.75,0.0,15.706612,0.0,5095.7478125,5841.96,4172.31,96,2024,12,Winter,6,1
2024-12-30,-1.7357712,2.0401611,-3.0882568,1.0577625,1015078.4,0.0,17.235771,0.0,5360.868229166666,6180.59,4271.12,96,2024,12,Winter,0,0
2024-12-31,-3.0688934,-1.9702759,-4.1859436,1.6027884,544947.2,0.009218851,18.568893,0.0,5411.254456521739,6324.84,4306.37,92,2024,12,Winter,1,0
