scenario,year,month,temp_mean_c,warming_delta,HDD_monthly,CDD_monthly
SSP1-2.6,2025,1,0.469,0.183,450.9,0.0
SSP1-2.6,2025,2,2.218,0.183,398.5,0.0
SSP1-2.6,2025,3,6.32,0.183,275.4,0.0
SSP1-2.6,2025,4,11.814,0.183,110.6,0.0
SSP1-2.6,2025,5,16.459,0.183,0.0,0.0
SSP1-2.6,2025,6,20.251,0.183,0.0,67.5
SSP1-2.6,2025,7,22.083,0.183,0.0,122.5
SSP1-2.6,2025,8,21.587,0.183,0.0,107.6
SSP1-2.6,2025,9,16.404,0.183,0.0,0.0
SSP1-2.6,2025,10,11.194,0.183,129.2,0.0
SSP1-2.6,2025,11,6.221,0.183,278.4,0.0
SSP1-2.6,2025,12,1.469,0.183,420.9,0.0
SSP1-2.6,2026,1,0.506,0.22,449.8,0.0
SSP1-2.6,2026,2,2.255,0.22,397.4,0.0
SSP1-2.6,2026,3,6.357,0.22,274.3,0.0
SSP1-2.6,2026,4,11.851,0.22,109.5,0.0
SSP1-2.6,2026,5,16.496,0.22,0.0,0.0
SSP1-2.6,2026,6,20.288,0.22,0.0,68.6
SSP1-2.6,2026,7,22.12,0.22,0.0,123.6
SSP1-2.6,2026,8,21.624,0.22,0.0,108.7
SSP1-2.6,2026,9,16.441,0.22,0.0,0.0
SSP1-2.6,2026,10,11.23,0.22,128.1,0.0
SSP1-2.6,2026,11,6.257,0.22,277.3,0.0
SSP1-2.6,2026,12,1.505,0.22,419.8,0.0
SSP1-2.6,2027,1,0.543,0.257,448.7,0.0
SSP1-2.6,2027,2,2.291,0.257,396.3,0.0
SSP1-2.6,2027,3,6.393,0.257,273.2,0.0
SSP1-2.6,2027,4,11.887,0.257,108.4,0.0
SSP1-2.6,2027,5,16.532,0.257,0.0,0.0
SSP1-2.6,2027,6,20.325,0.257,0.0,69.7
SSP1-2.6,2027,7,22.156,0.257,0.0,124.7
SSP1-2.6,2027,8,21.661,0.257,0.0,109.8
SSP1-2.6,2027,9,16.477,0.257,0.0,0.0
SSP1-2.6,2027,10,11.267,0.257,127.0,0.0
SSP1-2.6,2027,11,6.294,0.257,276.2,0.0
SSP1-2.6,2027,12,1.542,0.257,418.7,0.0
SSP1-2.6,2028,1,0.579,0.293,447.6,0.0
SSP1-2.6,2028,2,2.328,0.293,395.2,0.0
SSP1-2.6,2028,3,6.43,0.293,272.1,0.0
SSP1-2.6,2028,4,11.924,0.293,107.3,0.0
SSP1-2.6,2028,5,16.569,0.293,0.0,0.0
SSP1-2.6,2028,6,20.361,0.293,0.0,70.8
SSP1-2.6,2028,7,22.193,0.293,0.0,125.8
SSP1-2.6,2028,8,21.697,0.293,0.0,110.9
SSP1-2.6,2028,9,16.514,0.293,0.0,0.0
SSP1-2.6,2028,10,11.304,0.293,125.9,0.0
SSP1-2.6,2028,11,6.331,0.293,275.1,0.0
SSP1-2.6,2028,12,1.579,0.293,417.6,0.0
SSP1-2.6,2029,1,0.616,0.33,446.5,0.0
SSP1-2.6,2029,2,2.365,0.33,394.1,0.0
SSP1-2.6,2029,3,6.467,0.33,271.0,0.0
SSP1-2.6,2029,4,11.961,0.33,106.2,0.0
SSP1-2.6,2029,5,16.606,0.33,0.0,0.0
SSP1-2.6,2029,6,20.398,0.33,0.0,71.9
SSP1-2.6,2029,7,22.23,0.33,0.0,126.9
SSP1-2.6,2029,8,21.734,0.33,0.0,112.0
SSP1-2.6,2029,9,16.551,0.33,0.0,0.0
SSP1-2.6,2029,10,11.34,0.33,124.8,0.0
SSP1-2.6,2029,11,6.367,0.33,274.0,0.0
SSP1-2.6,2029,12,1.615,0.33,416.5,0.0
SSP1-2.6,2030,1,0.653,0.367,445.4,0.0
SSP1-2.6,2030,2,2.401,0.367,393.0,0.0
SSP1-2.6,2030,3,6.503,0.367,269.9,0.0
SSP1-2.6,2030,4,11.997,0.367,105.1,0.0
SSP1-2.6,2030,5,16.642,0.367,0.0,0.0
SSP1-2.6,2030,6,20.435,0.367,0.0,73.0
SSP1-2.6,2030,7,22.266,0.367,0.0,128.0
SSP1-2.6,2030,8,21.771,0.367,0.0,113.1
SSP1-2.6,2030,9,16.587,0.367,0.0,0.0
SSP1-2.6,2030,10,11.377,0.367,123.7,0.0
SSP1-2.6,2030,11,6.404,0.367,272.9,0.0
SSP1-2.6,2030,12,1.652,0.367,415.4,0.0
SSP1-2.6,2031,1,0.689,0.403,444.3,0.0
SSP1-2.6,2031,2,2.438,0.403,391.9,0.0
SSP1-2.6,2031,3,6.54,0.403,268.8,0.0
SSP1-2.6,2031,4,12.034,0.403,104.0,0.0
SSP1-2.6,2031,5,16.679,0.403,0.0,0.0
SSP1-2.6,2031,6,20.471,0.403,0.0,74.1
SSP1-2.6,2031,7,22.303,0.403,0.0,129.1
SSP1-2.6,2031,8,21.807,0.403,0.0,114.2
SSP1-2.6,2031,9,16.624,0.403,0.0,0.0
SSP1-2.6,2031,10,11.414,0.403,122.6,0.0
SSP1-2.6,2031,11,6.441,0.403,271.8,0.0
SSP1-2.6,2031,12,1.689,0.403,414.3,0.0
SSP1-2.6,2032,1,0.726,0.44,443.2,0.0
SSP1-2.6,2032,2,2.475,0.44,390.8,0.0
SSP1-2.6,2032,3,6.577,0.44,267.7,0.0
SSP1-2.6,2032,4,12.071,0.44,102.9,0.0
SSP1-2.6,2032,5,16.716,0.44,0.0,0.0
SSP1-2.6,2032,6,20.508,0.44,0.0,75.2
SSP1-2.6,2032,7,22.34,0.44,0.0,130.2
SSP1-2.6,2032,8,21.844,0.44,0.0,115.3
SSP1-2.6,2032,9,16.661,0.44,0.0,0.0
SSP1-2.6,2032,10,11.45,0.44,121.5,0.0
SSP1-2.6,2032,11,6.477,0.44,270.7,0.0
SSP1-2.6,2032,12,1.725,0.44,413.2,0.0
SSP1-2.6,2033,1,0.763,0.477,442.1,0.0
SSP1-2.6,2033,2,2.511,0.477,389.7,0.0
SSP1-2.6,2033,3,6.613,0.477,266.6,0.0
SSP1-2.6,2033,4,12.107,0.477,101.8,0.0
SSP1-2.6,2033,5,16.752,0.477,0.0,0.0
SSP1-2.6,2033,6,20.545,0.477,0.0,76.3
SSP1-2.6,2033,7,22.376,0.477,0.0,131.3
SSP1-2.6,2033,8,21.881,0.477,0.0,116.4
SSP1-2.6,2033,9,16.697,0.477,0.0,0.0
SSP1-2.6,2033,10,11.487,0.477,120.4,0.0
SSP1-2.6,2033,11,6.514,0.477,269.6,0.0
SSP1-2.6,2033,12,1.762,0.477,412.1,0.0
SSP1-2.6,2034,1,0.799,0.513,441.0,0.0
SSP1-2.6,2034,2,2.548,0.513,388.6,0.0
SSP1-2.6,2034,3,6.65,0.513,265.5,0.0
SSP1-2.6,2034,4,12.144,0.513,100.7,0.0
SSP1-2.6,2034,5,16.789,0.513,0.0,0.0
SSP1-2.6,2034,6,20.581,0.513,0.0,77.4
SSP1-2.6,2034,7,22.413,0.513,0.0,132.4
SSP1-2.6,2034,8,21.917,0.513,0.0,117.5
SSP1-2.6,2034,9,16.734,0.513,0.0,0.0
SSP1-2.6,2034,10,11.524,0.513,119.3,0.0
SSP1-2.6,2034,11,6.551,0.513,268.5,0.0
SSP1-2.6,2034,12,1.799,0.513,411.0,0.0
SSP1-2.6,2035,1,0.836,0.55,439.9,0.0
SSP1-2.6,2035,2,2.585,0.55,387.5,0.0
SSP1-2.6,2035,3,6.687,0.55,264.4,0.0
SSP1-2.6,2035,4,12.181,0.55,99.6,0.0
SSP1-2.6,2035,5,16.826,0.55,0.0,0.0
SSP1-2.6,2035,6,20.618,0.55,0.0,78.5
SSP1-2.6,2035,7,22.45,0.55,0.0,133.5
SSP1-2.6,2035,8,21.954,0.55,0.0,118.6
SSP1-2.6,2035,9,16.771,0.55,0.0,0.0
SSP1-2.6,2035,10,11.56,0.55,118.2,0.0
SSP1-2.6,2035,11,6.587,0.55,267.4,0.0
SSP1-2.6,2035,12,1.835,0.55,409.9,0.0
SSP1-2.6,2036,1,0.873,0.587,438.8,0.0
SSP1-2.6,2036,2,2.621,0.587,386.4,0.0
SSP1-2.6,2036,3,6.723,0.587,263.3,0.0
SSP1-2.6,2036,4,12.217,0.587,98.5,0.0
SSP1-2.6,2036,5,16.862,0.587,0.0,0.0
SSP1-2.6,2036,6,20.655,0.587,0.0,79.6
SSP1-2.6,2036,7,22.486,0.587,0.0,134.6
SSP1-2.6,2036,8,21.991,0.587,0.0,119.7
SSP1-2.6,2036,9,16.807,0.587,0.0,0.0
SSP1-2.6,2036,10,11.597,0.587,117.1,0.0
SSP1-2.6,2036,11,6.624,0.587,266.3,0.0
SSP1-2.6,2036,12,1.872,0.587,408.8,0.0
SSP1-2.6,2037,1,0.909,0.623,437.7,0.0
SSP1-2.6,2037,2,2.658,0.623,385.3,0.0
SSP1-2.6,2037,3,6.76,0.623,262.2,0.0
SSP1-2.6,2037,4,12.254,0.623,97.4,0.0
SSP1-2.6,2037,5,16.899,0.623,0.0,0.0
SSP1-2.6,2037,6,20.691,0.623,0.0,80.7
SSP1-2.6,2037,7,22.523,0.623,0.0,135.7
SSP1-2.6,2037,8,22.027,0.623,0.0,120.8
SSP1-2.6,2037,9,16.844,0.623,0.0,0.0
SSP1-2.6,2037,10,11.634,0.623,116.0,0.0
SSP1-2.6,2037,11,6.661,0.623,265.2,0.0
SSP1-2.6,2037,12,1.909,0.623,407.7,0.0
SSP1-2.6,2038,1,0.946,0.66,436.6,0.0
SSP1-2.6,2038,2,2.695,0.66,384.2,0.0
SSP1-2.6,2038,3,6.797,0.66,261.1,0.0
SSP1-2.6,2038,4,12.291,0.66,96.3,0.0
SSP1-2.6,2038,5,16.936,0.66,0.0,0.0
SSP1-2.6,2038,6,20.728,0.66,0.0,81.8
SSP1-2.6,2038,7,22.56,0.66,0.0,136.8
SSP1-2.6,2038,8,22.064,0.66,0.0,121.9
SSP1-2.6,2038,9,16.881,0.66,0.0,0.0
SSP1-2.6,2038,10,11.67,0.66,114.9,0.0
SSP1-2.6,2038,11,6.697,0.66,264.1,0.0
SSP1-2.6,2038,12,1.945,0.66,406.6,0.0
SSP1-2.6,2039,1,0.983,0.697,435.5,0.0
SSP1-2.6,2039,2,2.731,0.697,383.1,0.0
SSP1-2.6,2039,3,6.833,0.697,260.0,0.0
SSP1-2.6,2039,4,12.327,0.697,95.2,0.0
SSP1-2.6,2039,5,16.972,0.697,0.0,0.0
SSP1-2.6,2039,6,20.765,0.697,0.0,82.9
SSP1-2.6,2039,7,22.596,0.697,0.0,137.9
SSP1-2.6,2039,8,22.101,0.697,0.0,123.0
SSP1-2.6,2039,9,16.917,0.697,0.0,0.0
SSP1-2.6,2039,10,11.707,0.697,113.8,0.0
SSP1-2.6,2039,11,6.734,0.697,263.0,0.0
SSP1-2.6,2039,12,1.982,0.697,405.5,0.0
SSP1-2.6,2040,1,1.019,0.733,434.4,0.0
SSP1-2.6,2040,2,2.768,0.733,382.0,0.0
SSP1-2.6,2040,3,6.87,0.733,258.9,0.0
SSP1-2.6,2040,4,12.364,0.733,94.1,0.0
SSP1-2.6,2040,5,17.009,0.733,0.0,0.0
SSP1-2.6,2040,6,20.801,0.733,0.0,84.0
SSP1-2.6,2040,7,22.633,0.733,0.0,139.0
SSP1-2.6,2040,8,22.137,0.733,0.0,124.1
SSP1-2.6,2040,9,16.954,0.733,0.0,0.0
SSP1-2.6,2040,10,11.744,0.733,112.7,0.0
SSP1-2.6,2040,11,6.771,0.733,261.9,0.0
SSP1-2.6,2040,12,2.019,0.733,404.4,0.0
SSP1-2.6,2041,1,1.056,0.77,433.3,0.0
SSP1-2.6,2041,2,2.805,0.77,380.9,0.0
SSP1-2.6,2041,3,6.907,0.77,257.8,0.0
SSP1-2.6,2041,4,12.401,0.77,93.0,0.0
SSP1-2.6,2041,5,17.046,0.77,0.0,0.0
SSP1-2.6,2041,6,20.838,0.77,0.0,85.1
SSP1-2.6,2041,7,22.67,0.77,0.0,140.1
SSP1-2.6,2041,8,22.174,0.77,0.0,125.2
SSP1-2.6,2041,9,16.991,0.77,0.0,0.0
SSP1-2.6,2041,10,11.78,0.77,111.6,0.0
SSP1-2.6,2041,11,6.807,0.77,260.8,0.0
SSP1-2.6,2041,12,2.055,0.77,403.3,0.0
SSP1-2.6,2042,1,1.093,0.807,432.2,0.0
SSP1-2.6,2042,2,2.841,0.807,379.8,0.0
SSP1-2.6,2042,3,6.943,0.807,256.7,0.0
SSP1-2.6,2042,4,12.437,0.807,91.9,0.0
SSP1-2.6,2042,5,17.082,0.807,0.0,0.0
SSP1-2.6,2042,6,20.875,0.807,0.0,86.2
SSP1-2.6,2042,7,22.706,0.807,0.0,141.2
SSP1-2.6,2042,8,22.211,0.807,0.0,126.3
SSP1-2.6,2042,9,17.027,0.807,0.0,0.0
SSP1-2.6,2042,10,11.817,0.807,110.5,0.0
SSP1-2.6,2042,11,6.844,0.807,259.7,0.0
SSP1-2.6,2042,12,2.092,0.807,402.2,0.0
SSP1-2.6,2043,1,1.129,0.843,431.1,0.0
SSP1-2.6,2043,2,2.878,0.843,378.7,0.0
SSP1-2.6,2043,3,6.98,0.843,255.6,0.0
SSP1-2.6,2043,4,12.474,0.843,90.8,0.0
SSP1-2.6,2043,5,17.119,0.843,0.0,0.0
SSP1-2.6,2043,6,20.911,0.843,0.0,87.3
SSP1-2.6,2043,7,22.743,0.843,0.0,142.3
SSP1-2.6,2043,8,22.247,0.843,0.0,127.4
SSP1-2.6,2043,9,17.064,0.843,0.0,0.0
SSP1-2.6,2043,10,11.854,0.843,109.4,0.0
SSP1-2.6,2043,11,6.881,0.843,258.6,0.0
SSP1-2.6,2043,12,2.129,0.843,401.1,0.0
SSP1-2.6,2044,1,1.166,0.88,430.0,0.0
SSP1-2.6,2044,2,2.915,0.88,377.6,0.0
SSP1-2.6,2044,3,7.017,0.88,254.5,0.0
SSP1-2.6,2044,4,12.511,0.88,89.7,0.0
SSP1-2.6,2044,5,17.156,0.88,0.0,0.0
SSP1-2.6,2044,6,20.948,0.88,0.0,88.4
SSP1-2.6,2044,7,22.78,0.88,0.0,143.4
SSP1-2.6,2044,8,22.284,0.88,0.0,128.5
SSP1-2.6,2044,9,17.101,0.88,0.0,0.0
SSP1-2.6,2044,10,11.89,0.88,108.3,0.0
SSP1-2.6,2044,11,6.917,0.88,257.5,0.0
SSP1-2.6,2044,12,2.165,0.88,400.0,0.0
SSP1-2.6,2045,1,1.203,0.917,428.9,0.0
SSP1-2.6,2045,2,2.951,0.917,376.5,0.0
SSP1-2.6,2045,3,7.053,0.917,253.4,0.0
SSP1-2.6,2045,4,12.547,0.917,88.6,0.0
SSP1-2.6,2045,5,17.192,0.917,0.0,0.0
SSP1-2.6,2045,6,20.985,0.917,0.0,89.5
SSP1-2.6,2045,7,22.816,0.917,0.0,144.5
SSP1-2.6,2045,8,22.321,0.917,0.0,129.6
SSP1-2.6,2045,9,17.137,0.917,0.0,0.0
SSP1-2.6,2045,10,11.927,0.917,107.2,0.0
SSP1-2.6,2045,11,6.954,0.917,256.4,0.0
SSP1-2.6,2045,12,2.202,0.917,398.9,0.0
SSP1-2.6,2046,1,1.239,0.953,427.8,0.0
SSP1-2.6,2046,2,2.988,0.953,375.4,0.0
SSP1-2.6,2046,3,7.09,0.953,252.3,0.0
SSP1-2.6,2046,4,12.584,0.953,87.5,0.0
SSP1-2.6,2046,5,17.229,0.953,0.0,0.0
SSP1-2.6,2046,6,21.021,0.953,0.0,90.6
SSP1-2.6,2046,7,22.853,0.953,0.0,145.6
SSP1-2.6,2046,8,22.357,0.953,0.0,130.7
SSP1-2.6,2046,9,17.174,0.953,0.0,0.0
SSP1-2.6,2046,10,11.964,0.953,106.1,0.0
SSP1-2.6,2046,11,6.991,0.953,255.3,0.0
SSP1-2.6,2046,12,2.239,0.953,397.8,0.0
SSP1-2.6,2047,1,1.276,0.99,426.7,0.0
SSP1-2.6,2047,2,3.025,0.99,374.3,0.0
SSP1-2.6,2047,3,7.127,0.99,251.2,0.0
SSP1-2.6,2047,4,12.621,0.99,86.4,0.0
SSP1-2.6,2047,5,17.266,0.99,0.0,0.0
SSP1-2.6,2047,6,21.058,0.99,0.0,91.7
SSP1-2.6,2047,7,22.89,0.99,0.0,146.7
SSP1-2.6,2047,8,22.394,0.99,0.0,131.8
SSP1-2.6,2047,9,17.211,0.99,0.0,0.0
SSP1-2.6,2047,10,12.0,0.99,105.0,0.0
SSP1-2.6,2047,11,7.027,0.99,254.2,0.0
SSP1-2.6,2047,12,2.275,0.99,396.7,0.0
SSP1-2.6,2048,1,1.313,1.027,425.6,0.0
SSP1-2.6,2048,2,3.061,1.027,373.2,0.0
SSP1-2.6,2048,3,7.163,1.027,250.1,0.0
SSP1-2.6,2048,4,12.657,1.027,85.3,0.0
SSP1-2.6,2048,5,17.302,1.027,0.0,0.0
SSP1-2.6,2048,6,21.095,1.027,0.0,92.8
SSP1-2.6,2048,7,22.926,1.027,0.0,147.8
SSP1-2.6,2048,8,22.431,1.027,0.0,132.9
SSP1-2.6,2048,9,17.247,1.027,0.0,0.0
SSP1-2.6,2048,10,12.037,1.027,103.9,0.0
SSP1-2.6,2048,11,7.064,1.027,253.1,0.0
SSP1-2.6,2048,12,2.312,1.027,395.6,0.0
SSP1-2.6,2049,1,1.349,1.063,424.5,0.0
SSP1-2.6,2049,2,3.098,1.063,372.1,0.0
SSP1-2.6,2049,3,7.2,1.063,249.0,0.0
SSP1-2.6,2049,4,12.694,1.063,84.2,0.0
SSP1-2.6,2049,5,17.339,1.063,0.0,0.0
SSP1-2.6,2049,6,21.131,1.063,0.0,93.9
SSP1-2.6,2049,7,22.963,1.063,0.0,148.9
SSP1-2.6,2049,8,22.467,1.063,0.0,134.0
SSP1-2.6,2049,9,17.284,1.063,0.0,0.0
SSP1-2.6,2049,10,12.074,1.063,102.8,0.0
SSP1-2.6,2049,11,7.101,1.063,252.0,0.0
SSP1-2.6,2049,12,2.349,1.063,394.5,0.0
SSP1-2.6,2050,1,1.386,1.1,423.4,0.0
SSP1-2.6,2050,2,3.135,1.1,371.0,0.0
SSP1-2.6,2050,3,7.237,1.1,247.9,0.0
SSP1-2.6,2050,4,12.731,1.1,83.1,0.0
SSP1-2.6,2050,5,17.376,1.1,0.0,0.0
SSP1-2.6,2050,6,21.168,1.1,0.0,95.0
SSP1-2.6,2050,7,23.0,1.1,0.0,150.0
SSP1-2.6,2050,8,22.504,1.1,0.0,135.1
SSP1-2.6,2050,9,17.321,1.1,0.0,0.0
SSP1-2.6,2050,10,12.11,1.1,101.7,0.0
SSP1-2.6,2050,11,7.137,1.1,250.9,0.0
SSP1-2.6,2050,12,2.385,1.1,393.4,0.0
SSP1-2.6,2051,1,1.39,1.104,423.3,0.0
SSP1-2.6,2051,2,3.139,1.104,370.8,0.0
SSP1-2.6,2051,3,7.241,1.104,247.8,0.0
SSP1-2.6,2051,4,12.735,1.104,83.0,0.0
SSP1-2.6,2051,5,17.38,1.104,0.0,0.0
SSP1-2.6,2051,6,21.172,1.104,0.0,95.2
SSP1-2.6,2051,7,23.004,1.104,0.0,150.1
SSP1-2.6,2051,8,22.508,1.104,0.0,135.2
SSP1-2.6,2051,9,17.325,1.104,0.0,0.0
SSP1-2.6,2051,10,12.114,1.104,101.6,0.0
SSP1-2.6,2051,11,7.141,1.104,250.8,0.0
SSP1-2.6,2051,12,2.389,1.104,393.3,0.0
SSP1-2.6,2052,1,1.394,1.108,423.2,0.0
SSP1-2.6,2052,2,3.143,1.108,370.7,0.0
SSP1-2.6,2052,3,7.245,1.108,247.7,0.0
SSP1-2.6,2052,4,12.739,1.108,82.8,0.0
SSP1-2.6,2052,5,17.384,1.108,0.0,0.0
SSP1-2.6,2052,6,21.176,1.108,0.0,95.3
SSP1-2.6,2052,7,23.008,1.108,0.0,150.2
SSP1-2.6,2052,8,22.512,1.108,0.0,135.4
SSP1-2.6,2052,9,17.329,1.108,0.0,0.0
SSP1-2.6,2052,10,12.118,1.108,101.4,0.0
SSP1-2.6,2052,11,7.145,1.108,250.6,0.0
SSP1-2.6,2052,12,2.393,1.108,393.2,0.0
SSP1-2.6,2053,1,1.398,1.112,423.1,0.0
SSP1-2.6,2053,2,3.147,1.112,370.6,0.0
SSP1-2.6,2053,3,7.249,1.112,247.5,0.0
SSP1-2.6,2053,4,12.743,1.112,82.7,0.0
SSP1-2.6,2053,5,17.388,1.112,0.0,0.0
SSP1-2.6,2053,6,21.18,1.112,0.0,95.4
SSP1-2.6,2053,7,23.012,1.112,0.0,150.4
SSP1-2.6,2053,8,22.516,1.112,0.0,135.5
SSP1-2.6,2053,9,17.333,1.112,0.0,0.0
SSP1-2.6,2053,10,12.122,1.112,101.3,0.0
SSP1-2.6,2053,11,7.149,1.112,250.5,0.0
SSP1-2.6,2053,12,2.397,1.112,393.1,0.0
SSP1-2.6,2054,1,1.402,1.116,422.9,0.0
SSP1-2.6,2054,2,3.151,1.116,370.5,0.0
SSP1-2.6,2054,3,7.253,1.116,247.4,0.0
SSP1-2.6,2054,4,12.747,1.116,82.6,0.0
SSP1-2.6,2054,5,17.392,1.116,0.0,0.0
SSP1-2.6,2054,6,21.184,1.116,0.0,95.5
SSP1-2.6,2054,7,23.016,1.116,0.0,150.5
SSP1-2.6,2054,8,22.52,1.116,0.0,135.6
SSP1-2.6,2054,9,17.337,1.116,0.0,0.0
SSP1-2.6,2054,10,12.126,1.116,101.2,0.0
SSP1-2.6,2054,11,7.153,1.116,250.4,0.0
SSP1-2.6,2054,12,2.401,1.116,393.0,0.0
SSP1-2.6,2055,1,1.406,1.12,422.8,0.0
SSP1-2.6,2055,2,3.155,1.12,370.4,0.0
SSP1-2.6,2055,3,7.257,1.12,247.3,0.0
SSP1-2.6,2055,4,12.751,1.12,82.5,0.0
SSP1-2.6,2055,5,17.396,1.12,0.0,0.0
SSP1-2.6,2055,6,21.188,1.12,0.0,95.6
SSP1-2.6,2055,7,23.02,1.12,0.0,150.6
SSP1-2.6,2055,8,22.524,1.12,0.0,135.7
SSP1-2.6,2055,9,17.341,1.12,0.0,0.0
SSP1-2.6,2055,10,12.13,1.12,101.1,0.0
SSP1-2.6,2055,11,7.157,1.12,250.3,0.0
SSP1-2.6,2055,12,2.405,1.12,392.8,0.0
SSP1-2.6,2056,1,1.41,1.124,422.7,0.0
SSP1-2.6,2056,2,3.159,1.124,370.2,0.0
SSP1-2.6,2056,3,7.261,1.124,247.2,0.0
SSP1-2.6,2056,4,12.755,1.124,82.4,0.0
SSP1-2.6,2056,5,17.4,1.124,0.0,0.0
SSP1-2.6,2056,6,21.192,1.124,0.0,95.8
SSP1-2.6,2056,7,23.024,1.124,0.0,150.7
SSP1-2.6,2056,8,22.528,1.124,0.0,135.8
SSP1-2.6,2056,9,17.345,1.124,0.0,0.0
SSP1-2.6,2056,10,12.134,1.124,101.0,0.0
SSP1-2.6,2056,11,7.161,1.124,250.2,0.0
SSP1-2.6,2056,12,2.409,1.124,392.7,0.0
SSP1-2.6,2057,1,1.414,1.128,422.6,0.0
SSP1-2.6,2057,2,3.163,1.128,370.1,0.0
SSP1-2.6,2057,3,7.265,1.128,247.1,0.0
SSP1-2.6,2057,4,12.759,1.128,82.2,0.0
SSP1-2.6,2057,5,17.404,1.128,0.0,0.0
SSP1-2.6,2057,6,21.196,1.128,0.0,95.9
SSP1-2.6,2057,7,23.028,1.128,0.0,150.8
SSP1-2.6,2057,8,22.532,1.128,0.0,136.0
SSP1-2.6,2057,9,17.349,1.128,0.0,0.0
SSP1-2.6,2057,10,12.138,1.128,100.8,0.0
SSP1-2.6,2057,11,7.165,1.128,250.0,0.0
SSP1-2.6,2057,12,2.413,1.128,392.6,0.0
SSP1-2.6,2058,1,1.418,1.132,422.5,0.0
SSP1-2.6,2058,2,3.167,1.132,370.0,0.0
SSP1-2.6,2058,3,7.269,1.132,246.9,0.0
SSP1-2.6,2058,4,12.763,1.132,82.1,0.0
SSP1-2.6,2058,5,17.408,1.132,0.0,0.0
SSP1-2.6,2058,6,21.2,1.132,0.0,96.0
SSP1-2.6,2058,7,23.032,1.132,0.0,151.0
SSP1-2.6,2058,8,22.536,1.132,0.0,136.1
SSP1-2.6,2058,9,17.353,1.132,0.0,0.0
SSP1-2.6,2058,10,12.142,1.132,100.7,0.0
SSP1-2.6,2058,11,7.169,1.132,249.9,0.0
SSP1-2.6,2058,12,2.417,1.132,392.5,0.0
SSP1-2.6,2059,1,1.422,1.136,422.3,0.0
SSP1-2.6,2059,2,3.171,1.136,369.9,0.0
SSP1-2.6,2059,3,7.273,1.136,246.8,0.0
SSP1-2.6,2059,4,12.767,1.136,82.0,0.0
SSP1-2.6,2059,5,17.412,1.136,0.0,0.0
SSP1-2.6,2059,6,21.204,1.136,0.0,96.1
SSP1-2.6,2059,7,23.036,1.136,0.0,151.1
SSP1-2.6,2059,8,22.54,1.136,0.0,136.2
SSP1-2.6,2059,9,17.357,1.136,0.0,0.0
SSP1-2.6,2059,10,12.146,1.136,100.6,0.0
SSP1-2.6,2059,11,7.173,1.136,249.8,0.0
SSP1-2.6,2059,12,2.421,1.136,392.4,0.0
SSP1-2.6,2060,1,1.426,1.14,422.2,0.0
SSP1-2.6,2060,2,3.175,1.14,369.8,0.0
SSP1-2.6,2060,3,7.277,1.14,246.7,0.0
SSP1-2.6,2060,4,12.771,1.14,81.9,0.0
SSP1-2.6,2060,5,17.416,1.14,0.0,0.0
SSP1-2.6,2060,6,21.208,1.14,0.0,96.2
SSP1-2.6,2060,7,23.04,1.14,0.0,151.2
SSP1-2.6,2060,8,22.544,1.14,0.0,136.3
SSP1-2.6,2060,9,17.361,1.14,0.0,0.0
SSP1-2.6,2060,10,12.15,1.14,100.5,0.0
SSP1-2.6,2060,11,7.177,1.14,249.7,0.0
SSP1-2.6,2060,12,2.425,1.14,392.2,0.0
SSP1-2.6,2061,1,1.43,1.144,422.1,0.0
SSP1-2.6,2061,2,3.179,1.144,369.6,0.0
SSP1-2.6,2061,3,7.281,1.144,246.6,0.0
SSP1-2.6,2061,4,12.775,1.144,81.8,0.0
SSP1-2.6,2061,5,17.42,1.144,0.0,0.0
SSP1-2.6,2061,6,21.212,1.144,0.0,96.4
SSP1-2.6,2061,7,23.044,1.144,0.0,151.3
SSP1-2.6,2061,8,22.548,1.144,0.0,136.4
SSP1-2.6,2061,9,17.365,1.144,0.0,0.0
SSP1-2.6,2061,10,12.154,1.144,100.4,0.0
SSP1-2.6,2061,11,7.181,1.144,249.6,0.0
SSP1-2.6,2061,12,2.429,1.144,392.1,0.0
SSP1-2.6,2062,1,1.434,1.148,422.0,0.0
SSP1-2.6,2062,2,3.183,1.148,369.5,0.0
SSP1-2.6,2062,3,7.285,1.148,246.5,0.0
SSP1-2.6,2062,4,12.779,1.148,81.6,0.0
SSP1-2.6,2062,5,17.424,1.148,0.0,0.0
SSP1-2.6,2062,6,21.216,1.148,0.0,96.5
SSP1-2.6,2062,7,23.048,1.148,0.0,151.4
SSP1-2.6,2062,8,22.552,1.148,0.0,136.6
SSP1-2.6,2062,9,17.369,1.148,0.0,0.0
SSP1-2.6,2062,10,12.158,1.148,100.2,0.0
SSP1-2.6,2062,11,7.185,1.148,249.4,0.0
SSP1-2.6,2062,12,2.433,1.148,392.0,0.0
SSP1-2.6,2063,1,1.438,1.152,421.9,0.0
SSP1-2.6,2063,2,3.187,1.152,369.4,0.0
SSP1-2.6,2063,3,7.289,1.152,246.3,0.0
SSP1-2.6,2063,4,12.783,1.152,81.5,0.0
SSP1-2.6,2063,5,17.428,1.152,0.0,0.0
SSP1-2.6,2063,6,21.22,1.152,0.0,96.6
SSP1-2.6,2063,7,23.052,1.152,0.0,151.6
SSP1-2.6,2063,8,22.556,1.152,0.0,136.7
SSP1-2.6,2063,9,17.373,1.152,0.0,0.0
SSP1-2.6,2063,10,12.162,1.152,100.1,0.0
SSP1-2.6,2063,11,7.189,1.152,249.3,0.0
SSP1-2.6,2063,12,2.437,1.152,391.9,0.0
SSP1-2.6,2064,1,1.442,1.156,421.7,0.0
SSP1-2.6,2064,2,3.191,1.156,369.3,0.0
SSP1-2.6,2064,3,7.293,1.156,246.2,0.0
SSP1-2.6,2064,4,12.787,1.156,81.4,0.0
SSP1-2.6,2064,5,17.432,1.156,0.0,0.0
SSP1-2.6,2064,6,21.224,1.156,0.0,96.7
SSP1-2.6,2064,7,23.056,1.156,0.0,151.7
SSP1-2.6,2064,8,22.56,1.156,0.0,136.8
SSP1-2.6,2064,9,17.377,1.156,0.0,0.0
SSP1-2.6,2064,10,12.166,1.156,100.0,0.0
SSP1-2.6,2064,11,7.193,1.156,249.2,0.0
SSP1-2.6,2064,12,2.441,1.156,391.8,0.0
SSP1-2.6,2065,1,1.446,1.16,421.6,0.0
SSP1-2.6,2065,2,3.195,1.16,369.2,0.0
SSP1-2.6,2065,3,7.297,1.16,246.1,0.0
SSP1-2.6,2065,4,12.791,1.16,81.3,0.0
SSP1-2.6,2065,5,17.436,1.16,0.0,0.0
SSP1-2.6,2065,6,21.228,1.16,0.0,96.8
SSP1-2.6,2065,7,23.06,1.16,0.0,151.8
SSP1-2.6,2065,8,22.564,1.16,0.0,136.9
SSP1-2.6,2065,9,17.381,1.16,0.0,0.0
SSP1-2.6,2065,10,12.17,1.16,99.9,0.0
SSP1-2.6,2065,11,7.197,1.16,249.1,0.0
SSP1-2.6,2065,12,2.445,1.16,391.6,0.0
SSP1-2.6,2066,1,1.45,1.164,421.5,0.0
SSP1-2.6,2066,2,3.199,1.164,369.0,0.0
SSP1-2.6,2066,3,7.301,1.164,246.0,0.0
SSP1-2.6,2066,4,12.795,1.164,81.2,0.0
SSP1-2.6,2066,5,17.44,1.164,0.0,0.0
SSP1-2.6,2066,6,21.232,1.164,0.0,97.0
SSP1-2.6,2066,7,23.064,1.164,0.0,151.9
SSP1-2.6,2066,8,22.568,1.164,0.0,137.0
SSP1-2.6,2066,9,17.385,1.164,0.0,0.0
SSP1-2.6,2066,10,12.174,1.164,99.8,0.0
SSP1-2.6,2066,11,7.201,1.164,249.0,0.0
SSP1-2.6,2066,12,2.449,1.164,391.5,0.0
SSP1-2.6,2067,1,1.454,1.168,421.4,0.0
SSP1-2.6,2067,2,3.203,1.168,368.9,0.0
SSP1-2.6,2067,3,7.305,1.168,245.9,0.0
SSP1-2.6,2067,4,12.799,1.168,81.0,0.0
SSP1-2.6,2067,5,17.444,1.168,0.0,0.0
SSP1-2.6,2067,6,21.236,1.168,0.0,97.1
SSP1-2.6,2067,7,23.068,1.168,0.0,152.0
SSP1-2.6,2067,8,22.572,1.168,0.0,137.2
SSP1-2.6,2067,9,17.389,1.168,0.0,0.0
SSP1-2.6,2067,10,12.178,1.168,99.6,0.0
SSP1-2.6,2067,11,7.205,1.168,248.8,0.0
SSP1-2.6,2067,12,2.453,1.168,391.4,0.0
SSP1-2.6,2068,1,1.458,1.172,421.3,0.0
SSP1-2.6,2068,2,3.207,1.172,368.8,0.0
SSP1-2.6,2068,3,7.309,1.172,245.7,0.0
SSP1-2.6,2068,4,12.803,1.172,80.9,0.0
SSP1-2.6,2068,5,17.448,1.172,0.0,0.0
SSP1-2.6,2068,6,21.24,1.172,0.0,97.2
SSP1-2.6,2068,7,23.072,1.172,0.0,152.2
SSP1-2.6,2068,8,22.576,1.172,0.0,137.3
SSP1-2.6,2068,9,17.393,1.172,0.0,0.0
SSP1-2.6,2068,10,12.182,1.172,99.5,0.0
SSP1-2.6,2068,11,7.209,1.172,248.7,0.0
SSP1-2.6,2068,12,2.457,1.172,391.3,0.0
SSP1-2.6,2069,1,1.462,1.176,421.1,0.0
SSP1-2.6,2069,2,3.211,1.176,368.7,0.0
SSP1-2.6,2069,3,7.313,1.176,245.6,0.0
SSP1-2.6,2069,4,12.807,1.176,80.8,0.0
SSP1-2.6,2069,5,17.452,1.176,0.0,0.0
SSP1-2.6,2069,6,21.244,1.176,0.0,97.3
SSP1-2.6,2069,7,23.076,1.176,0.0,152.3
SSP1-2.6,2069,8,22.58,1.176,0.0,137.4
SSP1-2.6,2069,9,17.397,1.176,0.0,0.0
SSP1-2.6,2069,10,12.186,1.176,99.4,0.0
SSP1-2.6,2069,11,7.213,1.176,248.6,0.0
SSP1-2.6,2069,12,2.461,1.176,391.2,0.0
SSP1-2.6,2070,1,1.466,1.18,421.0,0.0
SSP1-2.6,2070,2,3.215,1.18,368.6,0.0
SSP1-2.6,2070,3,7.317,1.18,245.5,0.0
SSP1-2.6,2070,4,12.811,1.18,80.7,0.0
SSP1-2.6,2070,5,17.456,1.18,0.0,0.0
SSP1-2.6,2070,6,21.248,1.18,0.0,97.4
SSP1-2.6,2070,7,23.08,1.18,0.0,152.4
SSP1-2.6,2070,8,22.584,1.18,0.0,137.5
SSP1-2.6,2070,9,17.401,1.18,0.0,0.0
SSP1-2.6,2070,10,12.19,1.18,99.3,0.0
SSP1-2.6,2070,11,7.217,1.18,248.5,0.0
SSP1-2.6,2070,12,2.465,1.18,391.0,0.0
SSP1-2.6,2071,1,1.47,1.184,420.9,0.0
SSP1-2.6,2071,2,3.219,1.184,368.4,0.0
SSP1-2.6,2071,3,7.321,1.184,245.4,0.0
SSP1-2.6,2071,4,12.815,1.184,80.6,0.0
SSP1-2.6,2071,5,17.46,1.184,0.0,0.0
SSP1-2.6,2071,6,21.252,1.184,0.0,97.6
SSP1-2.6,2071,7,23.084,1.184,0.0,152.5
SSP1-2.6,2071,8,22.588,1.184,0.0,137.6
SSP1-2.6,2071,9,17.405,1.184,0.0,0.0
SSP1-2.6,2071,10,12.194,1.184,99.2,0.0
SSP1-2.6,2071,11,7.221,1.184,248.4,0.0
SSP1-2.6,2071,12,2.469,1.184,390.9,0.0
SSP1-2.6,2072,1,1.474,1.188,420.8,0.0
SSP1-2.6,2072,2,3.223,1.188,368.3,0.0
SSP1-2.6,2072,3,7.325,1.188,245.3,0.0
SSP1-2.6,2072,4,12.819,1.188,80.4,0.0
SSP1-2.6,2072,5,17.464,1.188,0.0,0.0
SSP1-2.6,2072,6,21.256,1.188,0.0,97.7
SSP1-2.6,2072,7,23.088,1.188,0.0,152.6
SSP1-2.6,2072,8,22.592,1.188,0.0,137.8
SSP1-2.6,2072,9,17.409,1.188,0.0,0.0
SSP1-2.6,2072,10,12.198,1.188,99.0,0.0
SSP1-2.6,2072,11,7.225,1.188,248.2,0.0
SSP1-2.6,2072,12,2.473,1.188,390.8,0.0
SSP1-2.6,2073,1,1.478,1.192,420.7,0.0
SSP1-2.6,2073,2,3.227,1.192,368.2,0.0
SSP1-2.6,2073,3,7.329,1.192,245.1,0.0
SSP1-2.6,2073,4,12.823,1.192,80.3,0.0
SSP1-2.6,2073,5,17.468,1.192,0.0,0.0
SSP1-2.6,2073,6,21.26,1.192,0.0,97.8
SSP1-2.6,2073,7,23.092,1.192,0.0,152.8
SSP1-2.6,2073,8,22.596,1.192,0.0,137.9
SSP1-2.6,2073,9,17.413,1.192,0.0,0.0
SSP1-2.6,2073,10,12.202,1.192,98.9,0.0
SSP1-2.6,2073,11,7.229,1.192,248.1,0.0
SSP1-2.6,2073,12,2.477,1.192,390.7,0.0
SSP1-2.6,2074,1,1.482,1.196,420.5,0.0
SSP1-2.6,2074,2,3.231,1.196,368.1,0.0
SSP1-2.6,2074,3,7.333,1.196,245.0,0.0
SSP1-2.6,2074,4,12.827,1.196,80.2,0.0
SSP1-2.6,2074,5,17.472,1.196,0.0,0.0
SSP1-2.6,2074,6,21.264,1.196,0.0,97.9
SSP1-2.6,2074,7,23.096,1.196,0.0,152.9
SSP1-2.6,2074,8,22.6,1.196,0.0,138.0
SSP1-2.6,2074,9,17.417,1.196,0.0,0.0
SSP1-2.6,2074,10,12.206,1.196,98.8,0.0
SSP1-2.6,2074,11,7.233,1.196,248.0,0.0
SSP1-2.6,2074,12,2.481,1.196,390.6,0.0
SSP1-2.6,2075,1,1.486,1.2,420.4,0.0
SSP1-2.6,2075,2,3.235,1.2,368.0,0.0
SSP1-2.6,2075,3,7.337,1.2,244.9,0.0
SSP1-2.6,2075,4,12.831,1.2,80.1,0.0
SSP1-2.6,2075,5,17.476,1.2,0.0,0.0
SSP1-2.6,2075,6,21.268,1.2,0.0,98.0
SSP1-2.6,2075,7,23.1,1.2,0.0,153.0
SSP1-2.6,2075,8,22.604,1.2,0.0,138.1
SSP1-2.6,2075,9,17.421,1.2,0.0,0.0
SSP1-2.6,2075,10,12.21,1.2,98.7,0.0
SSP1-2.6,2075,11,7.237,1.2,247.9,0.0
SSP1-2.6,2075,12,2.485,1.2,390.4,0.0
SSP1-2.6,2076,1,1.49,1.204,420.3,0.0
SSP1-2.6,2076,2,3.239,1.204,367.8,0.0
SSP1-2.6,2076,3,7.341,1.204,244.8,0.0
SSP1-2.6,2076,4,12.835,1.204,80.0,0.0
SSP1-2.6,2076,5,17.48,1.204,0.0,0.0
SSP1-2.6,2076,6,21.272,1.204,0.0,98.2
SSP1-2.6,2076,7,23.104,1.204,0.0,153.1
SSP1-2.6,2076,8,22.608,1.204,0.0,138.2
SSP1-2.6,2076,9,17.425,1.204,0.0,0.0
SSP1-2.6,2076,10,12.214,1.204,98.6,0.0
SSP1-2.6,2076,11,7.241,1.204,247.8,0.0
SSP1-2.6,2076,12,2.489,1.204,390.3,0.0
SSP1-2.6,2077,1,1.494,1.208,420.2,0.0
SSP1-2.6,2077,2,3.243,1.208,367.7,0.0
SSP1-2.6,2077,3,7.345,1.208,244.7,0.0
SSP1-2.6,2077,4,12.839,1.208,79.8,0.0
SSP1-2.6,2077,5,17.484,1.208,0.0,0.0
SSP1-2.6,2077,6,21.276,1.208,0.0,98.3
SSP1-2.6,2077,7,23.108,1.208,0.0,153.2
SSP1-2.6,2077,8,22.612,1.208,0.0,138.4
SSP1-2.6,2077,9,17.429,1.208,0.0,0.0
SSP1-2.6,2077,10,12.218,1.208,98.4,0.0
SSP1-2.6,2077,11,7.245,1.208,247.6,0.0
SSP1-2.6,2077,12,2.493,1.208,390.2,0.0
SSP1-2.6,2078,1,1.498,1.212,420.1,0.0
SSP1-2.6,2078,2,3.247,1.212,367.6,0.0
SSP1-2.6,2078,3,7.349,1.212,244.5,0.0
SSP1-2.6,2078,4,12.843,1.212,79.7,0.0
SSP1-2.6,2078,5,17.488,1.212,0.0,0.0
SSP1-2.6,2078,6,21.28,1.212,0.0,98.4
SSP1-2.6,2078,7,23.112,1.212,0.0,153.4
SSP1-2.6,2078,8,22.616,1.212,0.0,138.5
SSP1-2.6,2078,9,17.433,1.212,0.0,0.0
SSP1-2.6,2078,10,12.222,1.212,98.3,0.0
SSP1-2.6,2078,11,7.249,1.212,247.5,0.0
SSP1-2.6,2078,12,2.497,1.212,390.1,0.0
SSP1-2.6,2079,1,1.502,1.216,419.9,0.0
SSP1-2.6,2079,2,3.251,1.216,367.5,0.0
SSP1-2.6,2079,3,7.353,1.216,244.4,0.0
SSP1-2.6,2079,4,12.847,1.216,79.6,0.0
SSP1-2.6,2079,5,17.492,1.216,0.0,0.0
SSP1-2.6,2079,6,21.284,1.216,0.0,98.5
SSP1-2.6,2079,7,23.116,1.216,0.0,153.5
SSP1-2.6,2079,8,22.62,1.216,0.0,138.6
SSP1-2.6,2079,9,17.437,1.216,0.0,0.0
SSP1-2.6,2079,10,12.226,1.216,98.2,0.0
SSP1-2.6,2079,11,7.253,1.216,247.4,0.0
SSP1-2.6,2079,12,2.501,1.216,390.0,0.0
SSP1-2.6,2080,1,1.506,1.22,419.8,0.0
SSP1-2.6,2080,2,3.255,1.22,367.4,0.0
SSP1-2.6,2080,3,7.357,1.22,244.3,0.0
SSP1-2.6,2080,4,12.851,1.22,79.5,0.0
SSP1-2.6,2080,5,17.496,1.22,0.0,0.0
SSP1-2.6,2080,6,21.288,1.22,0.0,98.6
SSP1-2.6,2080,7,23.12,1.22,0.0,153.6
SSP1-2.6,2080,8,22.624,1.22,0.0,138.7
SSP1-2.6,2080,9,17.441,1.22,0.0,0.0
SSP1-2.6,2080,10,12.23,1.22,98.1,0.0
SSP1-2.6,2080,11,7.257,1.22,247.3,0.0
SSP1-2.6,2080,12,2.505,1.22,389.8,0.0
SSP1-2.6,2081,1,1.51,1.224,419.7,0.0
SSP1-2.6,2081,2,3.259,1.224,367.2,0.0
SSP1-2.6,2081,3,7.361,1.224,244.2,0.0
SSP1-2.6,2081,4,12.855,1.224,79.4,0.0
SSP1-2.6,2081,5,17.5,1.224,0.0,0.0
SSP1-2.6,2081,6,21.292,1.224,0.0,98.8
SSP1-2.6,2081,7,23.124,1.224,0.0,153.7
SSP1-2.6,2081,8,22.628,1.224,0.0,138.8
SSP1-2.6,2081,9,17.445,1.224,0.0,0.0
SSP1-2.6,2081,10,12.234,1.224,98.0,0.0
SSP1-2.6,2081,11,7.261,1.224,247.2,0.0
SSP1-2.6,2081,12,2.509,1.224,389.7,0.0
SSP1-2.6,2082,1,1.514,1.228,419.6,0.0
SSP1-2.6,2082,2,3.263,1.228,367.1,0.0
SSP1-2.6,2082,3,7.365,1.228,244.1,0.0
SSP1-2.6,2082,4,12.859,1.228,79.2,0.0
SSP1-2.6,2082,5,17.504,1.228,0.0,0.0
SSP1-2.6,2082,6,21.296,1.228,0.0,98.9
SSP1-2.6,2082,7,23.128,1.228,0.0,153.8
SSP1-2.6,2082,8,22.632,1.228,0.0,139.0
SSP1-2.6,2082,9,17.449,1.228,0.0,0.0
SSP1-2.6,2082,10,12.238,1.228,97.8,0.0
SSP1-2.6,2082,11,7.265,1.228,247.0,0.0
SSP1-2.6,2082,12,2.513,1.228,389.6,0.0
SSP1-2.6,2083,1,1.518,1.232,419.5,0.0
SSP1-2.6,2083,2,3.267,1.232,367.0,0.0
SSP1-2.6,2083,3,7.369,1.232,243.9,0.0
SSP1-2.6,2083,4,12.863,1.232,79.1,0.0
SSP1-2.6,2083,5,17.508,1.232,0.0,0.0
SSP1-2.6,2083,6,21.3,1.232,0.0,99.0
SSP1-2.6,2083,7,23.132,1.232,0.0,154.0
SSP1-2.6,2083,8,22.636,1.232,0.0,139.1
SSP1-2.6,2083,9,17.453,1.232,0.0,0.0
SSP1-2.6,2083,10,12.242,1.232,97.7,0.0
SSP1-2.6,2083,11,7.269,1.232,246.9,0.0
SSP1-2.6,2083,12,2.517,1.232,389.5,0.0
SSP1-2.6,2084,1,1.522,1.236,419.3,0.0
SSP1-2.6,2084,2,3.271,1.236,366.9,0.0
SSP1-2.6,2084,3,7.373,1.236,243.8,0.0
SSP1-2.6,2084,4,12.867,1.236,79.0,0.0
SSP1-2.6,2084,5,17.512,1.236,0.0,0.0
SSP1-2.6,2084,6,21.304,1.236,0.0,99.1
SSP1-2.6,2084,7,23.136,1.236,0.0,154.1
SSP1-2.6,2084,8,22.64,1.236,0.0,139.2
SSP1-2.6,2084,9,17.457,1.236,0.0,0.0
SSP1-2.6,2084,10,12.246,1.236,97.6,0.0
SSP1-2.6,2084,11,7.273,1.236,246.8,0.0
SSP1-2.6,2084,12,2.521,1.236,389.4,0.0
SSP1-2.6,2085,1,1.526,1.24,419.2,0.0
SSP1-2.6,2085,2,3.275,1.24,366.8,0.0
SSP1-2.6,2085,3,7.377,1.24,243.7,0.0
SSP1-2.6,2085,4,12.871,1.24,78.9,0.0
SSP1-2.6,2085,5,17.516,1.24,0.0,0.0
SSP1-2.6,2085,6,21.308,1.24,0.0,99.2
SSP1-2.6,2085,7,23.14,1.24,0.0,154.2
SSP1-2.6,2085,8,22.644,1.24,0.0,139.3
SSP1-2.6,2085,9,17.461,1.24,0.0,0.0
SSP1-2.6,2085,10,12.25,1.24,97.5,0.0
SSP1-2.6,2085,11,7.277,1.24,246.7,0.0
SSP1-2.6,2085,12,2.525,1.24,389.2,0.0
SSP1-2.6,2086,1,1.53,1.244,419.1,0.0
SSP1-2.6,2086,2,3.279,1.244,366.6,0.0
SSP1-2.6,2086,3,7.381,1.244,243.6,0.0
SSP1-2.6,2086,4,12.875,1.244,78.8,0.0
SSP1-2.6,2086,5,17.52,1.244,0.0,0.0
SSP1-2.6,2086,6,21.312,1.244,0.0,99.4
SSP1-2.6,2086,7,23.144,1.244,0.0,154.3
SSP1-2.6,2086,8,22.648,1.244,0.0,139.4
SSP1-2.6,2086,9,17.465,1.244,0.0,0.0
SSP1-2.6,2086,10,12.254,1.244,97.4,0.0
SSP1-2.6,2086,11,7.281,1.244,246.6,0.0
SSP1-2.6,2086,12,2.529,1.244,389.1,0.0
SSP1-2.6,2087,1,1.534,1.248,419.0,0.0
SSP1-2.6,2087,2,3.283,1.248,366.5,0.0
SSP1-2.6,2087,3,7.385,1.248,243.5,0.0
SSP1-2.6,2087,4,12.879,1.248,78.6,0.0
SSP1-2.6,2087,5,17.524,1.248,0.0,0.0
SSP1-2.6,2087,6,21.316,1.248,0.0,99.5
SSP1-2.6,2087,7,23.148,1.248,0.0,154.4
SSP1-2.6,2087,8,22.652,1.248,0.0,139.6
SSP1-2.6,2087,9,17.469,1.248,0.0,0.0
SSP1-2.6,2087,10,12.258,1.248,97.2,0.0
SSP1-2.6,2087,11,7.285,1.248,246.4,0.0
SSP1-2.6,2087,12,2.533,1.248,389.0,0.0
SSP1-2.6,2088,1,1.538,1.252,418.9,0.0
SSP1-2.6,2088,2,3.287,1.252,366.4,0.0
SSP1-2.6,2088,3,7.389,1.252,243.3,0.0
SSP1-2.6,2088,4,12.883,1.252,78.5,0.0
SSP1-2.6,2088,5,17.528,1.252,0.0,0.0
SSP1-2.6,2088,6,21.32,1.252,0.0,99.6
SSP1-2.6,2088,7,23.152,1.252,0.0,154.6
SSP1-2.6,2088,8,22.656,1.252,0.0,139.7
SSP1-2.6,2088,9,17.473,1.252,0.0,0.0
SSP1-2.6,2088,10,12.262,1.252,97.1,0.0
SSP1-2.6,2088,11,7.289,1.252,246.3,0.0
SSP1-2.6,2088,12,2.537,1.252,388.9,0.0
SSP1-2.6,2089,1,1.542,1.256,418.7,0.0
SSP1-2.6,2089,2,3.291,1.256,366.3,0.0
SSP1-2.6,2089,3,7.393,1.256,243.2,0.0
SSP1-2.6,2089,4,12.887,1.256,78.4,0.0
SSP1-2.6,2089,5,17.532,1.256,0.0,0.0
SSP1-2.6,2089,6,21.324,1.256,0.0,99.7
SSP1-2.6,2089,7,23.156,1.256,0.0,154.7
SSP1-2.6,2089,8,22.66,1.256,0.0,139.8
SSP1-2.6,2089,9,17.477,1.256,0.0,0.0
SSP1-2.6,2089,10,12.266,1.256,97.0,0.0
SSP1-2.6,2089,11,7.293,1.256,246.2,0.0
SSP1-2.6,2089,12,2.541,1.256,388.8,0.0
SSP1-2.6,2090,1,1.546,1.26,418.6,0.0
SSP1-2.6,2090,2,3.295,1.26,366.2,0.0
SSP1-2.6,2090,3,7.397,1.26,243.1,0.0
SSP1-2.6,2090,4,12.891,1.26,78.3,0.0
SSP1-2.6,2090,5,17.536,1.26,0.0,0.0
SSP1-2.6,2090,6,21.328,1.26,0.0,99.8
SSP1-2.6,2090,7,23.16,1.26,0.0,154.8
SSP1-2.6,2090,8,22.664,1.26,0.0,139.9
SSP1-2.6,2090,9,17.481,1.26,0.0,0.0
SSP1-2.6,2090,10,12.27,1.26,96.9,0.0
SSP1-2.6,2090,11,7.297,1.26,246.1,0.0
SSP1-2.6,2090,12,2.545,1.26,388.6,0.0
SSP1-2.6,2091,1,1.55,1.264,418.5,0.0
SSP1-2.6,2091,2,3.299,1.264,366.0,0.0
SSP1-2.6,2091,3,7.401,1.264,243.0,0.0
SSP1-2.6,2091,4,12.895,1.264,78.2,0.0
SSP1-2.6,2091,5,17.54,1.264,0.0,0.0
SSP1-2.6,2091,6,21.332,1.264,0.0,100.0
SSP1-2.6,2091,7,23.164,1.264,0.0,154.9
SSP1-2.6,2091,8,22.668,1.264,0.0,140.0
SSP1-2.6,2091,9,17.485,1.264,0.0,0.0
SSP1-2.6,2091,10,12.274,1.264,96.8,0.0
SSP1-2.6,2091,11,7.301,1.264,246.0,0.0
SSP1-2.6,2091,12,2.549,1.264,388.5,0.0
SSP1-2.6,2092,1,1.554,1.268,418.4,0.0
SSP1-2.6,2092,2,3.303,1.268,365.9,0.0
SSP1-2.6,2092,3,7.405,1.268,242.9,0.0
SSP1-2.6,2092,4,12.899,1.268,78.0,0.0
SSP1-2.6,2092,5,17.544,1.268,0.0,0.0
SSP1-2.6,2092,6,21.336,1.268,0.0,100.1
SSP1-2.6,2092,7,23.168,1.268,0.0,155.0
SSP1-2.6,2092,8,22.672,1.268,0.0,140.2
SSP1-2.6,2092,9,17.489,1.268,0.0,0.0
SSP1-2.6,2092,10,12.278,1.268,96.6,0.0
SSP1-2.6,2092,11,7.305,1.268,245.8,0.0
SSP1-2.6,2092,12,2.553,1.268,388.4,0.0
SSP1-2.6,2093,1,1.558,1.272,418.3,0.0
SSP1-2.6,2093,2,3.307,1.272,365.8,0.0
SSP1-2.6,2093,3,7.409,1.272,242.7,0.0
SSP1-2.6,2093,4,12.903,1.272,77.9,0.0
SSP1-2.6,2093,5,17.548,1.272,0.0,0.0
SSP1-2.6,2093,6,21.34,1.272,0.0,100.2
SSP1-2.6,2093,7,23.172,1.272,0.0,155.2
SSP1-2.6,2093,8,22.676,1.272,0.0,140.3
SSP1-2.6,2093,9,17.493,1.272,0.0,0.0
SSP1-2.6,2093,10,12.282,1.272,96.5,0.0
SSP1-2.6,2093,11,7.309,1.272,245.7,0.0
SSP1-2.6,2093,12,2.557,1.272,388.3,0.0
SSP1-2.6,2094,1,1.562,1.276,418.1,0.0
SSP1-2.6,2094,2,3.311,1.276,365.7,0.0
SSP1-2.6,2094,3,7.413,1.276,242.6,0.0
SSP1-2.6,2094,4,12.907,1.276,77.8,0.0
SSP1-2.6,2094,5,17.552,1.276,0.0,0.0
SSP1-2.6,2094,6,21.344,1.276,0.0,100.3
SSP1-2.6,2094,7,23.176,1.276,0.0,155.3
SSP1-2.6,2094,8,22.68,1.276,0.0,140.4
SSP1-2.6,2094,9,17.497,1.276,0.0,0.0
SSP1-2.6,2094,10,12.286,1.276,96.4,0.0
SSP1-2.6,2094,11,7.313,1.276,245.6,0.0
SSP1-2.6,2094,12,2.561,1.276,388.2,0.0
SSP1-2.6,2095,1,1.566,1.28,418.0,0.0
SSP1-2.6,2095,2,3.315,1.28,365.6,0.0
SSP1-2.6,2095,3,7.417,1.28,242.5,0.0
SSP1-2.6,2095,4,12.911,1.28,77.7,0.0
SSP1-2.6,2095,5,17.556,1.28,0.0,0.0
SSP1-2.6,2095,6,21.348,1.28,0.0,100.4
SSP1-2.6,2095,7,23.18,1.28,0.0,155.4
SSP1-2.6,2095,8,22.684,1.28,0.0,140.5
SSP1-2.6,2095,9,17.501,1.28,0.0,0.0
SSP1-2.6,2095,10,12.29,1.28,96.3,0.0
SSP1-2.6,2095,11,7.317,1.28,245.5,0.0
SSP1-2.6,2095,12,2.565,1.28,388.0,0.0
SSP1-2.6,2096,1,1.57,1.284,417.9,0.0
SSP1-2.6,2096,2,3.319,1.284,365.4,0.0
SSP1-2.6,2096,3,7.421,1.284,242.4,0.0
SSP1-2.6,2096,4,12.915,1.284,77.6,0.0
SSP1-2.6,2096,5,17.56,1.284,0.0,0.0
SSP1-2.6,2096,6,21.352,1.284,0.0,100.6
SSP1-2.6,2096,7,23.184,1.284,0.0,155.5
SSP1-2.6,2096,8,22.688,1.284,0.0,140.6
SSP1-2.6,2096,9,17.505,1.284,0.0,0.0
SSP1-2.6,2096,10,12.294,1.284,96.2,0.0
SSP1-2.6,2096,11,7.321,1.284,245.4,0.0
SSP1-2.6,2096,12,2.569,1.284,387.9,0.0
SSP1-2.6,2097,1,1.574,1.288,417.8,0.0
SSP1-2.6,2097,2,3.323,1.288,365.3,0.0
SSP1-2.6,2097,3,7.425,1.288,242.3,0.0
SSP1-2.6,2097,4,12.919,1.288,77.4,0.0
SSP1-2.6,2097,5,17.564,1.288,0.0,0.0
SSP1-2.6,2097,6,21.356,1.288,0.0,100.7
SSP1-2.6,2097,7,23.188,1.288,0.0,155.6
SSP1-2.6,2097,8,22.692,1.288,0.0,140.8
SSP1-2.6,2097,9,17.509,1.288,0.0,0.0
SSP1-2.6,2097,10,12.298,1.288,96.0,0.0
SSP1-2.6,2097,11,7.325,1.288,245.2,0.0
SSP1-2.6,2097,12,2.573,1.288,387.8,0.0
SSP1-2.6,2098,1,1.578,1.292,417.7,0.0
SSP1-2.6,2098,2,3.327,1.292,365.2,0.0
SSP1-2.6,2098,3,7.429,1.292,242.1,0.0
SSP1-2.6,2098,4,12.923,1.292,77.3,0.0
SSP1-2.6,2098,5,17.568,1.292,0.0,0.0
SSP1-2.6,2098,6,21.36,1.292,0.0,100.8
SSP1-2.6,2098,7,23.192,1.292,0.0,155.8
SSP1-2.6,2098,8,22.696,1.292,0.0,140.9
SSP1-2.6,2098,9,17.513,1.292,0.0,0.0
SSP1-2.6,2098,10,12.302,1.292,95.9,0.0
SSP1-2.6,2098,11,7.329,1.292,245.1,0.0
SSP1-2.6,2098,12,2.577,1.292,387.7,0.0
SSP1-2.6,2099,1,1.582,1.296,417.5,0.0
SSP1-2.6,2099,2,3.331,1.296,365.1,0.0
SSP1-2.6,2099,3,7.433,1.296,242.0,0.0
SSP1-2.6,2099,4,12.927,1.296,77.2,0.0
SSP1-2.6,2099,5,17.572,1.296,0.0,0.0
SSP1-2.6,2099,6,21.364,1.296,0.0,100.9
SSP1-2.6,2099,7,23.196,1.296,0.0,155.9
SSP1-2.6,2099,8,22.7,1.296,0.0,141.0
SSP1-2.6,2099,9,17.517,1.296,0.0,0.0
SSP1-2.6,2099,10,12.306,1.296,95.8,0.0
SSP1-2.6,2099,11,7.333,1.296,245.0,0.0
SSP1-2.6,2099,12,2.581,1.296,387.6,0.0
SSP1-2.6,2100,1,1.586,1.3,417.4,0.0
SSP1-2.6,2100,2,3.335,1.3,365.0,0.0
SSP1-2.6,2100,3,7.437,1.3,241.9,0.0
SSP1-2.6,2100,4,12.931,1.3,77.1,0.0
SSP1-2.6,2100,5,17.576,1.3,0.0,0.0
SSP1-2.6,2100,6,21.368,1.3,0.0,101.0
SSP1-2.6,2100,7,23.2,1.3,0.0,156.0
SSP1-2.6,2100,8,22.704,1.3,0.0,141.1
SSP1-2.6,2100,9,17.521,1.3,0.0,0.0
SSP1-2.6,2100,10,12.31,1.3,95.7,0.0
SSP1-2.6,2100,11,7.337,1.3,244.9,0.0
SSP1-2.6,2100,12,2.585,1.3,387.4,0.0
SSP2-4.5,2025,1,0.536,0.25,448.9,0.0
SSP2-4.5,2025,2,2.285,0.25,396.5,0.0
SSP2-4.5,2025,3,6.387,0.25,273.4,0.0
SSP2-4.5,2025,4,11.881,0.25,108.6,0.0
SSP2-4.5,2025,5,16.526,0.25,0.0,0.0
SSP2-4.5,2025,6,20.318,0.25,0.0,69.5
SSP2-4.5,2025,7,22.15,0.25,0.0,124.5
SSP2-4.5,2025,8,21.654,0.25,0.0,109.6
SSP2-4.5,2025,9,16.471,0.25,0.0,0.0
SSP2-4.5,2025,10,11.26,0.25,127.2,0.0
SSP2-4.5,2025,11,6.287,0.25,276.4,0.0
SSP2-4.5,2025,12,1.535,0.25,418.9,0.0
SSP2-4.5,2026,1,0.586,0.3,447.4,0.0
SSP2-4.5,2026,2,2.335,0.3,395.0,0.0
SSP2-4.5,2026,3,6.437,0.3,271.9,0.0
SSP2-4.5,2026,4,11.931,0.3,107.1,0.0
SSP2-4.5,2026,5,16.576,0.3,0.0,0.0
SSP2-4.5,2026,6,20.368,0.3,0.0,71.0
SSP2-4.5,2026,7,22.2,0.3,0.0,126.0
SSP2-4.5,2026,8,21.704,0.3,0.0,111.1
SSP2-4.5,2026,9,16.521,0.3,0.0,0.0
SSP2-4.5,2026,10,11.31,0.3,125.7,0.0
SSP2-4.5,2026,11,6.337,0.3,274.9,0.0
SSP2-4.5,2026,12,1.585,0.3,417.4,0.0
SSP2-4.5,2027,1,0.636,0.35,445.9,0.0
SSP2-4.5,2027,2,2.385,0.35,393.5,0.0
SSP2-4.5,2027,3,6.487,0.35,270.4,0.0
SSP2-4.5,2027,4,11.981,0.35,105.6,0.0
SSP2-4.5,2027,5,16.626,0.35,0.0,0.0
SSP2-4.5,2027,6,20.418,0.35,0.0,72.5
SSP2-4.5,2027,7,22.25,0.35,0.0,127.5
SSP2-4.5,2027,8,21.754,0.35,0.0,112.6
SSP2-4.5,2027,9,16.571,0.35,0.0,0.0
SSP2-4.5,2027,10,11.36,0.35,124.2,0.0
SSP2-4.5,2027,11,6.387,0.35,273.4,0.0
SSP2-4.5,2027,12,1.635,0.35,415.9,0.0
SSP2-4.5,2028,1,0.686,0.4,444.4,0.0
SSP2-4.5,2028,2,2.435,0.4,392.0,0.0
SSP2-4.5,2028,3,6.537,0.4,268.9,0.0
SSP2-4.5,2028,4,12.031,0.4,104.1,0.0
SSP2-4.5,2028,5,16.676,0.4,0.0,0.0
SSP2-4.5,2028,6,20.468,0.4,0.0,74.0
SSP2-4.5,2028,7,22.3,0.4,0.0,129.0
SSP2-4.5,2028,8,21.804,0.4,0.0,114.1
SSP2-4.5,2028,9,16.621,0.4,0.0,0.0
SSP2-4.5,2028,10,11.41,0.4,122.7,0.0
SSP2-4.5,2028,11,6.437,0.4,271.9,0.0
SSP2-4.5,2028,12,1.685,0.4,414.4,0.0
SSP2-4.5,2029,1,0.736,0.45,442.9,0.0
SSP2-4.5,2029,2,2.485,0.45,390.5,0.0
SSP2-4.5,2029,3,6.587,0.45,267.4,0.0
SSP2-4.5,2029,4,12.081,0.45,102.6,0.0
SSP2-4.5,2029,5,16.726,0.45,0.0,0.0
SSP2-4.5,2029,6,20.518,0.45,0.0,75.5
SSP2-4.5,2029,7,22.35,0.45,0.0,130.5
SSP2-4.5,2029,8,21.854,0.45,0.0,115.6
SSP2-4.5,2029,9,16.671,0.45,0.0,0.0
SSP2-4.5,2029,10,11.46,0.45,121.2,0.0
SSP2-4.5,2029,11,6.487,0.45,270.4,0.0
SSP2-4.5,2029,12,1.735,0.45,412.9,0.0
SSP2-4.5,2030,1,0.786,0.5,441.4,0.0
SSP2-4.5,2030,2,2.535,0.5,389.0,0.0
SSP2-4.5,2030,3,6.637,0.5,265.9,0.0
SSP2-4.5,2030,4,12.131,0.5,101.1,0.0
SSP2-4.5,2030,5,16.776,0.5,0.0,0.0
SSP2-4.5,2030,6,20.568,0.5,0.0,77.0
SSP2-4.5,2030,7,22.4,0.5,0.0,132.0
SSP2-4.5,2030,8,21.904,0.5,0.0,117.1
SSP2-4.5,2030,9,16.721,0.5,0.0,0.0
SSP2-4.5,2030,10,11.51,0.5,119.7,0.0
SSP2-4.5,2030,11,6.537,0.5,268.9,0.0
SSP2-4.5,2030,12,1.785,0.5,411.4,0.0
SSP2-4.5,2031,1,0.836,0.55,439.9,0.0
SSP2-4.5,2031,2,2.585,0.55,387.5,0.0
SSP2-4.5,2031,3,6.687,0.55,264.4,0.0
SSP2-4.5,2031,4,12.181,0.55,99.6,0.0
SSP2-4.5,2031,5,16.826,0.55,0.0,0.0
SSP2-4.5,2031,6,20.618,0.55,0.0,78.5
SSP2-4.5,2031,7,22.45,0.55,0.0,133.5
SSP2-4.5,2031,8,21.954,0.55,0.0,118.6
SSP2-4.5,2031,9,16.771,0.55,0.0,0.0
SSP2-4.5,2031,10,11.56,0.55,118.2,0.0
SSP2-4.5,2031,11,6.587,0.55,267.4,0.0
SSP2-4.5,2031,12,1.835,0.55,409.9,0.0
SSP2-4.5,2032,1,0.886,0.6,438.4,0.0
SSP2-4.5,2032,2,2.635,0.6,386.0,0.0
SSP2-4.5,2032,3,6.737,0.6,262.9,0.0
SSP2-4.5,2032,4,12.231,0.6,98.1,0.0
SSP2-4.5,2032,5,16.876,0.6,0.0,0.0
SSP2-4.5,2032,6,20.668,0.6,0.0,80.0
SSP2-4.5,2032,7,22.5,0.6,0.0,135.0
SSP2-4.5,2032,8,22.004,0.6,0.0,120.1
SSP2-4.5,2032,9,16.821,0.6,0.0,0.0
SSP2-4.5,2032,10,11.61,0.6,116.7,0.0
SSP2-4.5,2032,11,6.637,0.6,265.9,0.0
SSP2-4.5,2032,12,1.885,0.6,408.4,0.0
SSP2-4.5,2033,1,0.936,0.65,436.9,0.0
SSP2-4.5,2033,2,2.685,0.65,384.5,0.0
SSP2-4.5,2033,3,6.787,0.65,261.4,0.0
SSP2-4.5,2033,4,12.281,0.65,96.6,0.0
SSP2-4.5,2033,5,16.926,0.65,0.0,0.0
SSP2-4.5,2033,6,20.718,0.65,0.0,81.5
SSP2-4.5,2033,7,22.55,0.65,0.0,136.5
SSP2-4.5,2033,8,22.054,0.65,0.0,121.6
SSP2-4.5,2033,9,16.871,0.65,0.0,0.0
SSP2-4.5,2033,10,11.66,0.65,115.2,0.0
SSP2-4.5,2033,11,6.687,0.65,264.4,0.0
SSP2-4.5,2033,12,1.935,0.65,406.9,0.0
SSP2-4.5,2034,1,0.986,0.7,435.4,0.0
SSP2-4.5,2034,2,2.735,0.7,383.0,0.0
SSP2-4.5,2034,3,6.837,0.7,259.9,0.0
SSP2-4.5,2034,4,12.331,0.7,95.1,0.0
SSP2-4.5,2034,5,16.976,0.7,0.0,0.0
SSP2-4.5,2034,6,20.768,0.7,0.0,83.0
SSP2-4.5,2034,7,22.6,0.7,0.0,138.0
SSP2-4.5,2034,8,22.104,0.7,0.0,123.1
SSP2-4.5,2034,9,16.921,0.7,0.0,0.0
SSP2-4.5,2034,10,11.71,0.7,113.7,0.0
SSP2-4.5,2034,11,6.737,0.7,262.9,0.0
SSP2-4.5,2034,12,1.985,0.7,405.4,0.0
SSP2-4.5,2035,1,1.036,0.75,433.9,0.0
SSP2-4.5,2035,2,2.785,0.75,381.5,0.0
SSP2-4.5,2035,3,6.887,0.75,258.4,0.0
SSP2-4.5,2035,4,12.381,0.75,93.6,0.0
SSP2-4.5,2035,5,17.026,0.75,0.0,0.0
SSP2-4.5,2035,6,20.818,0.75,0.0,84.5
SSP2-4.5,2035,7,22.65,0.75,0.0,139.5
SSP2-4.5,2035,8,22.154,0.75,0.0,124.6
SSP2-4.5,2035,9,16.971,0.75,0.0,0.0
SSP2-4.5,2035,10,11.76,0.75,112.2,0.0
SSP2-4.5,2035,11,6.787,0.75,261.4,0.0
SSP2-4.5,2035,12,2.035,0.75,403.9,0.0
SSP2-4.5,2036,1,1.086,0.8,432.4,0.0
SSP2-4.5,2036,2,2.835,0.8,380.0,0.0
SSP2-4.5,2036,3,6.937,0.8,256.9,0.0
SSP2-4.5,2036,4,12.431,0.8,92.1,0.0
SSP2-4.5,2036,5,17.076,0.8,0.0,0.0
SSP2-4.5,2036,6,20.868,0.8,0.0,86.0
SSP2-4.5,2036,7,22.7,0.8,0.0,141.0
SSP2-4.5,2036,8,22.204,0.8,0.0,126.1
SSP2-4.5,2036,9,17.021,0.8,0.0,0.0
SSP2-4.5,2036,10,11.81,0.8,110.7,0.0
SSP2-4.5,2036,11,6.837,0.8,259.9,0.0
SSP2-4.5,2036,12,2.085,0.8,402.4,0.0
SSP2-4.5,2037,1,1.136,0.85,430.9,0.0
SSP2-4.5,2037,2,2.885,0.85,378.5,0.0
SSP2-4.5,2037,3,6.987,0.85,255.4,0.0
SSP2-4.5,2037,4,12.481,0.85,90.6,0.0
SSP2-4.5,2037,5,17.126,0.85,0.0,0.0
SSP2-4.5,2037,6,20.918,0.85,0.0,87.5
SSP2-4.5,2037,7,22.75,0.85,0.0,142.5
SSP2-4.5,2037,8,22.254,0.85,0.0,127.6
SSP2-4.5,2037,9,17.071,0.85,0.0,0.0
SSP2-4.5,2037,10,11.86,0.85,109.2,0.0
SSP2-4.5,2037,11,6.887,0.85,258.4,0.0
SSP2-4.5,2037,12,2.135,0.85,400.9,0.0
SSP2-4.5,2038,1,1.186,0.9,429.4,0.0
SSP2-4.5,2038,2,2.935,0.9,377.0,0.0
SSP2-4.5,2038,3,7.037,0.9,253.9,0.0
SSP2-4.5,2038,4,12.531,0.9,89.1,0.0
SSP2-4.5,2038,5,17.176,0.9,0.0,0.0
SSP2-4.5,2038,6,20.968,0.9,0.0,89.0
SSP2-4.5,2038,7,22.8,0.9,0.0,144.0
SSP2-4.5,2038,8,22.304,0.9,0.0,129.1
SSP2-4.5,2038,9,17.121,0.9,0.0,0.0
SSP2-4.5,2038,10,11.91,0.9,107.7,0.0
SSP2-4.5,2038,11,6.937,0.9,256.9,0.0
SSP2-4.5,2038,12,2.185,0.9,399.4,0.0
SSP2-4.5,2039,1,1.236,0.95,427.9,0.0
SSP2-4.5,2039,2,2.985,0.95,375.5,0.0
SSP2-4.5,2039,3,7.087,0.95,252.4,0.0
SSP2-4.5,2039,4,12.581,0.95,87.6,0.0
SSP2-4.5,2039,5,17.226,0.95,0.0,0.0
SSP2-4.5,2039,6,21.018,0.95,0.0,90.5
SSP2-4.5,2039,7,22.85,0.95,0.0,145.5
SSP2-4.5,2039,8,22.354,0.95,0.0,130.6
SSP2-4.5,2039,9,17.171,0.95,0.0,0.0
SSP2-4.5,2039,10,11.96,0.95,106.2,0.0
SSP2-4.5,2039,11,6.987,0.95,255.4,0.0
SSP2-4.5,2039,12,2.235,0.95,397.9,0.0
SSP2-4.5,2040,1,1.286,1.0,426.4,0.0
SSP2-4.5,2040,2,3.035,1.0,374.0,0.0
SSP2-4.5,2040,3,7.137,1.0,250.9,0.0
SSP2-4.5,2040,4,12.631,1.0,86.1,0.0
SSP2-4.5,2040,5,17.276,1.0,0.0,0.0
SSP2-4.5,2040,6,21.068,1.0,0.0,92.0
SSP2-4.5,2040,7,22.9,1.0,0.0,147.0
SSP2-4.5,2040,8,22.404,1.0,0.0,132.1
SSP2-4.5,2040,9,17.221,1.0,0.0,0.0
SSP2-4.5,2040,10,12.01,1.0,104.7,0.0
SSP2-4.5,2040,11,7.037,1.0,253.9,0.0
SSP2-4.5,2040,12,2.285,1.0,396.4,0.0
SSP2-4.5,2041,1,1.336,1.05,424.9,0.0
SSP2-4.5,2041,2,3.085,1.05,372.5,0.0
SSP2-4.5,2041,3,7.187,1.05,249.4,0.0
SSP2-4.5,2041,4,12.681,1.05,84.6,0.0
SSP2-4.5,2041,5,17.326,1.05,0.0,0.0
SSP2-4.5,2041,6,21.118,1.05,0.0,93.5
SSP2-4.5,2041,7,22.95,1.05,0.0,148.5
SSP2-4.5,2041,8,22.454,1.05,0.0,133.6
SSP2-4.5,2041,9,17.271,1.05,0.0,0.0
SSP2-4.5,2041,10,12.06,1.05,103.2,0.0
SSP2-4.5,2041,11,7.087,1.05,252.4,0.0
SSP2-4.5,2041,12,2.335,1.05,394.9,0.0
SSP2-4.5,2042,1,1.386,1.1,423.4,0.0
SSP2-4.5,2042,2,3.135,1.1,371.0,0.0
SSP2-4.5,2042,3,7.237,1.1,247.9,0.0
SSP2-4.5,2042,4,12.731,1.1,83.1,0.0
SSP2-4.5,2042,5,17.376,1.1,0.0,0.0
SSP2-4.5,2042,6,21.168,1.1,0.0,95.0
SSP2-4.5,2042,7,23.0,1.1,0.0,150.0
SSP2-4.5,2042,8,22.504,1.1,0.0,135.1
SSP2-4.5,2042,9,17.321,1.1,0.0,0.0
SSP2-4.5,2042,10,12.11,1.1,101.7,0.0
SSP2-4.5,2042,11,7.137,1.1,250.9,0.0
SSP2-4.5,2042,12,2.385,1.1,393.4,0.0
SSP2-4.5,2043,1,1.436,1.15,421.9,0.0
SSP2-4.5,2043,2,3.185,1.15,369.5,0.0
SSP2-4.5,2043,3,7.287,1.15,246.4,0.0
SSP2-4.5,2043,4,12.781,1.15,81.6,0.0
SSP2-4.5,2043,5,17.426,1.15,0.0,0.0
SSP2-4.5,2043,6,21.218,1.15,0.0,96.5
SSP2-4.5,2043,7,23.05,1.15,0.0,151.5
SSP2-4.5,2043,8,22.554,1.15,0.0,136.6
SSP2-4.5,2043,9,17.371,1.15,0.0,0.0
SSP2-4.5,2043,10,12.16,1.15,100.2,0.0
SSP2-4.5,2043,11,7.187,1.15,249.4,0.0
SSP2-4.5,2043,12,2.435,1.15,391.9,0.0
SSP2-4.5,2044,1,1.486,1.2,420.4,0.0
SSP2-4.5,2044,2,3.235,1.2,368.0,0.0
SSP2-4.5,2044,3,7.337,1.2,244.9,0.0
SSP2-4.5,2044,4,12.831,1.2,80.1,0.0
SSP2-4.5,2044,5,17.476,1.2,0.0,0.0
SSP2-4.5,2044,6,21.268,1.2,0.0,98.0
SSP2-4.5,2044,7,23.1,1.2,0.0,153.0
SSP2-4.5,2044,8,22.604,1.2,0.0,138.1
SSP2-4.5,2044,9,17.421,1.2,0.0,0.0
SSP2-4.5,2044,10,12.21,1.2,98.7,0.0
SSP2-4.5,2044,11,7.237,1.2,247.9,0.0
SSP2-4.5,2044,12,2.485,1.2,390.4,0.0
SSP2-4.5,2045,1,1.536,1.25,418.9,0.0
SSP2-4.5,2045,2,3.285,1.25,366.5,0.0
SSP2-4.5,2045,3,7.387,1.25,243.4,0.0
SSP2-4.5,2045,4,12.881,1.25,78.6,0.0
SSP2-4.5,2045,5,17.526,1.25,0.0,0.0
SSP2-4.5,2045,6,21.318,1.25,0.0,99.5
SSP2-4.5,2045,7,23.15,1.25,0.0,154.5
SSP2-4.5,2045,8,22.654,1.25,0.0,139.6
SSP2-4.5,2045,9,17.471,1.25,0.0,0.0
SSP2-4.5,2045,10,12.26,1.25,97.2,0.0
SSP2-4.5,2045,11,7.287,1.25,246.4,0.0
SSP2-4.5,2045,12,2.535,1.25,388.9,0.0
SSP2-4.5,2046,1,1.586,1.3,417.4,0.0
SSP2-4.5,2046,2,3.335,1.3,365.0,0.0
SSP2-4.5,2046,3,7.437,1.3,241.9,0.0
SSP2-4.5,2046,4,12.931,1.3,77.1,0.0
SSP2-4.5,2046,5,17.576,1.3,0.0,0.0
SSP2-4.5,2046,6,21.368,1.3,0.0,101.0
SSP2-4.5,2046,7,23.2,1.3,0.0,156.0
SSP2-4.5,2046,8,22.704,1.3,0.0,141.1
SSP2-4.5,2046,9,17.521,1.3,0.0,0.0
SSP2-4.5,2046,10,12.31,1.3,95.7,0.0
SSP2-4.5,2046,11,7.337,1.3,244.9,0.0
SSP2-4.5,2046,12,2.585,1.3,387.4,0.0
SSP2-4.5,2047,1,1.636,1.35,415.9,0.0
SSP2-4.5,2047,2,3.385,1.35,363.5,0.0
SSP2-4.5,2047,3,7.487,1.35,240.4,0.0
SSP2-4.5,2047,4,12.981,1.35,75.6,0.0
SSP2-4.5,2047,5,17.626,1.35,0.0,0.0
SSP2-4.5,2047,6,21.418,1.35,0.0,102.5
SSP2-4.5,2047,7,23.25,1.35,0.0,157.5
SSP2-4.5,2047,8,22.754,1.35,0.0,142.6
SSP2-4.5,2047,9,17.571,1.35,0.0,0.0
SSP2-4.5,2047,10,12.36,1.35,94.2,0.0
SSP2-4.5,2047,11,7.387,1.35,243.4,0.0
SSP2-4.5,2047,12,2.635,1.35,385.9,0.0
SSP2-4.5,2048,1,1.686,1.4,414.4,0.0
SSP2-4.5,2048,2,3.435,1.4,362.0,0.0
SSP2-4.5,2048,3,7.537,1.4,238.9,0.0
SSP2-4.5,2048,4,13.031,1.4,74.1,0.0
SSP2-4.5,2048,5,17.676,1.4,0.0,0.0
SSP2-4.5,2048,6,21.468,1.4,0.0,104.0
SSP2-4.5,2048,7,23.3,1.4,0.0,159.0
SSP2-4.5,2048,8,22.804,1.4,0.0,144.1
SSP2-4.5,2048,9,17.621,1.4,0.0,0.0
SSP2-4.5,2048,10,12.41,1.4,92.7,0.0
SSP2-4.5,2048,11,7.437,1.4,241.9,0.0
SSP2-4.5,2048,12,2.685,1.4,384.4,0.0
SSP2-4.5,2049,1,1.736,1.45,412.9,0.0
SSP2-4.5,2049,2,3.485,1.45,360.5,0.0
SSP2-4.5,2049,3,7.587,1.45,237.4,0.0
SSP2-4.5,2049,4,13.081,1.45,72.6,0.0
SSP2-4.5,2049,5,17.726,1.45,0.0,0.0
SSP2-4.5,2049,6,21.518,1.45,0.0,105.5
SSP2-4.5,2049,7,23.35,1.45,0.0,160.5
SSP2-4.5,2049,8,22.854,1.45,0.0,145.6
SSP2-4.5,2049,9,17.671,1.45,0.0,0.0
SSP2-4.5,2049,10,12.46,1.45,91.2,0.0
SSP2-4.5,2049,11,7.487,1.45,240.4,0.0
SSP2-4.5,2049,12,2.735,1.45,382.9,0.0
SSP2-4.5,2050,1,1.786,1.5,411.4,0.0
SSP2-4.5,2050,2,3.535,1.5,359.0,0.0
SSP2-4.5,2050,3,7.637,1.5,235.9,0.0
SSP2-4.5,2050,4,13.131,1.5,71.1,0.0
SSP2-4.5,2050,5,17.776,1.5,0.0,0.0
SSP2-4.5,2050,6,21.568,1.5,0.0,107.0
SSP2-4.5,2050,7,23.4,1.5,0.0,162.0
SSP2-4.5,2050,8,22.904,1.5,0.0,147.1
SSP2-4.5,2050,9,17.721,1.5,0.0,0.0
SSP2-4.5,2050,10,12.51,1.5,89.7,0.0
SSP2-4.5,2050,11,7.537,1.5,238.9,0.0
SSP2-4.5,2050,12,2.785,1.5,381.4,0.0
SSP2-4.5,2051,1,1.804,1.518,410.9,0.0
SSP2-4.5,2051,2,3.553,1.518,358.4,0.0
SSP2-4.5,2051,3,7.655,1.518,235.4,0.0
SSP2-4.5,2051,4,13.149,1.518,70.5,0.0
SSP2-4.5,2051,5,17.794,1.518,0.0,0.0
SSP2-4.5,2051,6,21.586,1.518,0.0,107.6
SSP2-4.5,2051,7,23.418,1.518,0.0,162.5
SSP2-4.5,2051,8,22.922,1.518,0.0,147.7
SSP2-4.5,2051,9,17.739,1.518,0.0,0.0
SSP2-4.5,2051,10,12.528,1.518,89.1,0.0
SSP2-4.5,2051,11,7.555,1.518,238.3,0.0
SSP2-4.5,2051,12,2.803,1.518,380.9,0.0
SSP2-4.5,2052,1,1.822,1.536,410.3,0.0
SSP2-4.5,2052,2,3.571,1.536,357.9,0.0
SSP2-4.5,2052,3,7.673,1.536,234.8,0.0
SSP2-4.5,2052,4,13.167,1.536,70.0,0.0
SSP2-4.5,2052,5,17.812,1.536,0.0,0.0
SSP2-4.5,2052,6,21.604,1.536,0.0,108.1
SSP2-4.5,2052,7,23.436,1.536,0.0,163.1
SSP2-4.5,2052,8,22.94,1.536,0.0,148.2
SSP2-4.5,2052,9,17.757,1.536,0.0,0.0
SSP2-4.5,2052,10,12.546,1.536,88.6,0.0
SSP2-4.5,2052,11,7.573,1.536,237.8,0.0
SSP2-4.5,2052,12,2.821,1.536,380.4,0.0
SSP2-4.5,2053,1,1.84,1.554,409.8,0.0
SSP2-4.5,2053,2,3.589,1.554,357.3,0.0
SSP2-4.5,2053,3,7.691,1.554,234.3,0.0
SSP2-4.5,2053,4,13.185,1.554,69.5,0.0
SSP2-4.5,2053,5,17.83,1.554,0.0,0.0
SSP2-4.5,2053,6,21.622,1.554,0.0,108.7
SSP2-4.5,2053,7,23.454,1.554,0.0,163.6
SSP2-4.5,2053,8,22.958,1.554,0.0,148.7
SSP2-4.5,2053,9,17.775,1.554,0.0,0.0
SSP2-4.5,2053,10,12.564,1.554,88.1,0.0
SSP2-4.5,2053,11,7.591,1.554,237.3,0.0
SSP2-4.5,2053,12,2.839,1.554,379.8,0.0
SSP2-4.5,2054,1,1.858,1.572,409.3,0.0
SSP2-4.5,2054,2,3.607,1.572,356.8,0.0
SSP2-4.5,2054,3,7.709,1.572,233.7,0.0
SSP2-4.5,2054,4,13.203,1.572,68.9,0.0
SSP2-4.5,2054,5,17.848,1.572,0.0,0.0
SSP2-4.5,2054,6,21.64,1.572,0.0,109.2
SSP2-4.5,2054,7,23.472,1.572,0.0,164.2
SSP2-4.5,2054,8,22.976,1.572,0.0,149.3
SSP2-4.5,2054,9,17.793,1.572,0.0,0.0
SSP2-4.5,2054,10,12.582,1.572,87.5,0.0
SSP2-4.5,2054,11,7.609,1.572,236.7,0.0
SSP2-4.5,2054,12,2.857,1.572,379.3,0.0
SSP2-4.5,2055,1,1.876,1.59,408.7,0.0
SSP2-4.5,2055,2,3.625,1.59,356.3,0.0
SSP2-4.5,2055,3,7.727,1.59,233.2,0.0
SSP2-4.5,2055,4,13.221,1.59,68.4,0.0
SSP2-4.5,2055,5,17.866,1.59,0.0,0.0
SSP2-4.5,2055,6,21.658,1.59,0.0,109.7
SSP2-4.5,2055,7,23.49,1.59,0.0,164.7
SSP2-4.5,2055,8,22.994,1.59,0.0,149.8
SSP2-4.5,2055,9,17.811,1.59,0.0,0.0
SSP2-4.5,2055,10,12.6,1.59,87.0,0.0
SSP2-4.5,2055,11,7.627,1.59,236.2,0.0
SSP2-4.5,2055,12,2.875,1.59,378.7,0.0
SSP2-4.5,2056,1,1.894,1.608,408.2,0.0
SSP2-4.5,2056,2,3.643,1.608,355.7,0.0
SSP2-4.5,2056,3,7.745,1.608,232.7,0.0
SSP2-4.5,2056,4,13.239,1.608,67.8,0.0
SSP2-4.5,2056,5,17.884,1.608,0.0,0.0
SSP2-4.5,2056,6,21.676,1.608,0.0,110.3
SSP2-4.5,2056,7,23.508,1.608,0.0,165.2
SSP2-4.5,2056,8,23.012,1.608,0.0,150.4
SSP2-4.5,2056,9,17.829,1.608,0.0,0.0
SSP2-4.5,2056,10,12.618,1.608,86.4,0.0
SSP2-4.5,2056,11,7.645,1.608,235.6,0.0
SSP2-4.5,2056,12,2.893,1.608,378.2,0.0
SSP2-4.5,2057,1,1.912,1.626,407.6,0.0
SSP2-4.5,2057,2,3.661,1.626,355.2,0.0
SSP2-4.5,2057,3,7.763,1.626,232.1,0.0
SSP2-4.5,2057,4,13.257,1.626,67.3,0.0
SSP2-4.5,2057,5,17.902,1.626,0.0,0.0
SSP2-4.5,2057,6,21.694,1.626,0.0,110.8
SSP2-4.5,2057,7,23.526,1.626,0.0,165.8
SSP2-4.5,2057,8,23.03,1.626,0.0,150.9
SSP2-4.5,2057,9,17.847,1.626,0.0,0.0
SSP2-4.5,2057,10,12.636,1.626,85.9,0.0
SSP2-4.5,2057,11,7.663,1.626,235.1,0.0
SSP2-4.5,2057,12,2.911,1.626,377.7,0.0
SSP2-4.5,2058,1,1.93,1.644,407.1,0.0
SSP2-4.5,2058,2,3.679,1.644,354.6,0.0
SSP2-4.5,2058,3,7.781,1.644,231.6,0.0
SSP2-4.5,2058,4,13.275,1.644,66.8,0.0
SSP2-4.5,2058,5,17.92,1.644,0.0,0.0
SSP2-4.5,2058,6,21.712,1.644,0.0,111.4
SSP2-4.5,2058,7,23.544,1.644,0.0,166.3
SSP2-4.5,2058,8,23.048,1.644,0.0,151.4
SSP2-4.5,2058,9,17.865,1.644,0.0,0.0
SSP2-4.5,2058,10,12.654,1.644,85.4,0.0
SSP2-4.5,2058,11,7.681,1.644,234.6,0.0
SSP2-4.5,2058,12,2.929,1.644,377.1,0.0
SSP2-4.5,2059,1,1.948,1.662,406.6,0.0
SSP2-4.5,2059,2,3.697,1.662,354.1,0.0
SSP2-4.5,2059,3,7.799,1.662,231.0,0.0
SSP2-4.5,2059,4,13.293,1.662,66.2,0.0
SSP2-4.5,2059,5,17.938,1.662,0.0,0.0
SSP2-4.5,2059,6,21.73,1.662,0.0,111.9
SSP2-4.5,2059,7,23.562,1.662,0.0,166.9
SSP2-4.5,2059,8,23.066,1.662,0.0,152.0
SSP2-4.5,2059,9,17.883,1.662,0.0,0.0
SSP2-4.5,2059,10,12.672,1.662,84.8,0.0
SSP2-4.5,2059,11,7.699,1.662,234.0,0.0
SSP2-4.5,2059,12,2.947,1.662,376.6,0.0
SSP2-4.5,2060,1,1.966,1.68,406.0,0.0
SSP2-4.5,2060,2,3.715,1.68,353.6,0.0
SSP2-4.5,2060,3,7.817,1.68,230.5,0.0
SSP2-4.5,2060,4,13.311,1.68,65.7,0.0
SSP2-4.5,2060,5,17.956,1.68,0.0,0.0
SSP2-4.5,2060,6,21.748,1.68,0.0,112.4
SSP2-4.5,2060,7,23.58,1.68,0.0,167.4
SSP2-4.5,2060,8,23.084,1.68,0.0,152.5
SSP2-4.5,2060,9,17.901,1.68,0.0,0.0
SSP2-4.5,2060,10,12.69,1.68,84.3,0.0
SSP2-4.5,2060,11,7.717,1.68,233.5,0.0
SSP2-4.5,2060,12,2.965,1.68,376.0,0.0
SSP2-4.5,2061,1,1.984,1.698,405.5,0.0
SSP2-4.5,2061,2,3.733,1.698,353.0,0.0
SSP2-4.5,2061,3,7.835,1.698,230.0,0.0
SSP2-4.5,2061,4,13.329,1.698,65.1,0.0
SSP2-4.5,2061,5,17.974,1.698,0.0,0.0
SSP2-4.5,2061,6,21.766,1.698,0.0,113.0
SSP2-4.5,2061,7,23.598,1.698,0.0,167.9
SSP2-4.5,2061,8,23.102,1.698,0.0,153.1
SSP2-4.5,2061,9,17.919,1.698,0.0,0.0
SSP2-4.5,2061,10,12.708,1.698,83.7,0.0
SSP2-4.5,2061,11,7.735,1.698,232.9,0.0
SSP2-4.5,2061,12,2.983,1.698,375.5,0.0
SSP2-4.5,2062,1,2.002,1.716,404.9,0.0
SSP2-4.5,2062,2,3.751,1.716,352.5,0.0
SSP2-4.5,2062,3,7.853,1.716,229.4,0.0
SSP2-4.5,2062,4,13.347,1.716,64.6,0.0
SSP2-4.5,2062,5,17.992,1.716,0.0,0.0
SSP2-4.5,2062,6,21.784,1.716,0.0,113.5
SSP2-4.5,2062,7,23.616,1.716,0.0,168.5
SSP2-4.5,2062,8,23.12,1.716,0.0,153.6
SSP2-4.5,2062,9,17.937,1.716,0.0,0.0
SSP2-4.5,2062,10,12.726,1.716,83.2,0.0
SSP2-4.5,2062,11,7.753,1.716,232.4,0.0
SSP2-4.5,2062,12,3.001,1.716,375.0,0.0
SSP2-4.5,2063,1,2.02,1.734,404.4,0.0
SSP2-4.5,2063,2,3.769,1.734,351.9,0.0
SSP2-4.5,2063,3,7.871,1.734,228.9,0.0
SSP2-4.5,2063,4,13.365,1.734,64.1,0.0
SSP2-4.5,2063,5,18.01,1.734,0.0,0.3
SSP2-4.5,2063,6,21.802,1.734,0.0,114.1
SSP2-4.5,2063,7,23.634,1.734,0.0,169.0
SSP2-4.5,2063,8,23.138,1.734,0.0,154.1
SSP2-4.5,2063,9,17.955,1.734,0.0,0.0
SSP2-4.5,2063,10,12.744,1.734,82.7,0.0
SSP2-4.5,2063,11,7.771,1.734,231.9,0.0
SSP2-4.5,2063,12,3.019,1.734,374.4,0.0
SSP2-4.5,2064,1,2.038,1.752,403.9,0.0
SSP2-4.5,2064,2,3.787,1.752,351.4,0.0
SSP2-4.5,2064,3,7.889,1.752,228.3,0.0
SSP2-4.5,2064,4,13.383,1.752,63.5,0.0
SSP2-4.5,2064,5,18.028,1.752,0.0,0.8
SSP2-4.5,2064,6,21.82,1.752,0.0,114.6
SSP2-4.5,2064,7,23.652,1.752,0.0,169.6
SSP2-4.5,2064,8,23.156,1.752,0.0,154.7
SSP2-4.5,2064,9,17.973,1.752,0.0,0.0
SSP2-4.5,2064,10,12.762,1.752,82.1,0.0
SSP2-4.5,2064,11,7.789,1.752,231.3,0.0
SSP2-4.5,2064,12,3.037,1.752,373.9,0.0
SSP2-4.5,2065,1,2.056,1.77,403.3,0.0
SSP2-4.5,2065,2,3.805,1.77,350.9,0.0
SSP2-4.5,2065,3,7.907,1.77,227.8,0.0
SSP2-4.5,2065,4,13.401,1.77,63.0,0.0
SSP2-4.5,2065,5,18.046,1.77,0.0,1.4
SSP2-4.5,2065,6,21.838,1.77,0.0,115.1
SSP2-4.5,2065,7,23.67,1.77,0.0,170.1
SSP2-4.5,2065,8,23.174,1.77,0.0,155.2
SSP2-4.5,2065,9,17.991,1.77,0.0,0.0
SSP2-4.5,2065,10,12.78,1.77,81.6,0.0
SSP2-4.5,2065,11,7.807,1.77,230.8,0.0
SSP2-4.5,2065,12,3.055,1.77,373.3,0.0
SSP2-4.5,2066,1,2.074,1.788,402.8,0.0
SSP2-4.5,2066,2,3.823,1.788,350.3,0.0
SSP2-4.5,2066,3,7.925,1.788,227.3,0.0
SSP2-4.5,2066,4,13.419,1.788,62.4,0.0
SSP2-4.5,2066,5,18.064,1.788,0.0,1.9
SSP2-4.5,2066,6,21.856,1.788,0.0,115.7
SSP2-4.5,2066,7,23.688,1.788,0.0,170.6
SSP2-4.5,2066,8,23.192,1.788,0.0,155.8
SSP2-4.5,2066,9,18.009,1.788,0.0,0.3
SSP2-4.5,2066,10,12.798,1.788,81.0,0.0
SSP2-4.5,2066,11,7.825,1.788,230.2,0.0
SSP2-4.5,2066,12,3.073,1.788,372.8,0.0
SSP2-4.5,2067,1,2.092,1.806,402.2,0.0
SSP2-4.5,2067,2,3.841,1.806,349.8,0.0
SSP2-4.5,2067,3,7.943,1.806,226.7,0.0
SSP2-4.5,2067,4,13.437,1.806,61.9,0.0
SSP2-4.5,2067,5,18.082,1.806,0.0,2.4
SSP2-4.5,2067,6,21.874,1.806,0.0,116.2
SSP2-4.5,2067,7,23.706,1.806,0.0,171.2
SSP2-4.5,2067,8,23.21,1.806,0.0,156.3
SSP2-4.5,2067,9,18.027,1.806,0.0,0.8
SSP2-4.5,2067,10,12.816,1.806,80.5,0.0
SSP2-4.5,2067,11,7.843,1.806,229.7,0.0
SSP2-4.5,2067,12,3.091,1.806,372.3,0.0
SSP2-4.5,2068,1,2.11,1.824,401.7,0.0
SSP2-4.5,2068,2,3.859,1.824,349.2,0.0
SSP2-4.5,2068,3,7.961,1.824,226.2,0.0
SSP2-4.5,2068,4,13.455,1.824,61.4,0.0
SSP2-4.5,2068,5,18.1,1.824,0.0,3.0
SSP2-4.5,2068,6,21.892,1.824,0.0,116.8
SSP2-4.5,2068,7,23.724,1.824,0.0,171.7
SSP2-4.5,2068,8,23.228,1.824,0.0,156.8
SSP2-4.5,2068,9,18.045,1.824,0.0,1.3
SSP2-4.5,2068,10,12.834,1.824,80.0,0.0
SSP2-4.5,2068,11,7.861,1.824,229.2,0.0
SSP2-4.5,2068,12,3.109,1.824,371.7,0.0
SSP2-4.5,2069,1,2.128,1.842,401.2,0.0
SSP2-4.5,2069,2,3.877,1.842,348.7,0.0
SSP2-4.5,2069,3,7.979,1.842,225.6,0.0
SSP2-4.5,2069,4,13.473,1.842,60.8,0.0
SSP2-4.5,2069,5,18.118,1.842,0.0,3.5
SSP2-4.5,2069,6,21.91,1.842,0.0,117.3
SSP2-4.5,2069,7,23.742,1.842,0.0,172.3
SSP2-4.5,2069,8,23.246,1.842,0.0,157.4
SSP2-4.5,2069,9,18.063,1.842,0.0,1.9
SSP2-4.5,2069,10,12.852,1.842,79.4,0.0
SSP2-4.5,2069,11,7.879,1.842,228.6,0.0
SSP2-4.5,2069,12,3.127,1.842,371.2,0.0
SSP2-4.5,2070,1,2.146,1.86,400.6,0.0
SSP2-4.5,2070,2,3.895,1.86,348.2,0.0
SSP2-4.5,2070,3,7.997,1.86,225.1,0.0
SSP2-4.5,2070,4,13.491,1.86,60.3,0.0
SSP2-4.5,2070,5,18.136,1.86,0.0,4.1
SSP2-4.5,2070,6,21.928,1.86,0.0,117.8
SSP2-4.5,2070,7,23.76,1.86,0.0,172.8
SSP2-4.5,2070,8,23.264,1.86,0.0,157.9
SSP2-4.5,2070,9,18.081,1.86,0.0,2.4
SSP2-4.5,2070,10,12.87,1.86,78.9,0.0
SSP2-4.5,2070,11,7.897,1.86,228.1,0.0
SSP2-4.5,2070,12,3.145,1.86,370.6,0.0
SSP2-4.5,2071,1,2.164,1.878,400.1,0.0
SSP2-4.5,2071,2,3.913,1.878,347.6,0.0
SSP2-4.5,2071,3,8.015,1.878,224.6,0.0
SSP2-4.5,2071,4,13.509,1.878,59.7,0.0
SSP2-4.5,2071,5,18.154,1.878,0.0,4.6
SSP2-4.5,2071,6,21.946,1.878,0.0,118.4
SSP2-4.5,2071,7,23.778,1.878,0.0,173.3
SSP2-4.5,2071,8,23.282,1.878,0.0,158.5
SSP2-4.5,2071,9,18.099,1.878,0.0,3.0
SSP2-4.5,2071,10,12.888,1.878,78.3,0.0
SSP2-4.5,2071,11,7.915,1.878,227.5,0.0
SSP2-4.5,2071,12,3.163,1.878,370.1,0.0
SSP2-4.5,2072,1,2.182,1.896,399.5,0.0
SSP2-4.5,2072,2,3.931,1.896,347.1,0.0
SSP2-4.5,2072,3,8.033,1.896,224.0,0.0
SSP2-4.5,2072,4,13.527,1.896,59.2,0.0
SSP2-4.5,2072,5,18.172,1.896,0.0,5.1
SSP2-4.5,2072,6,21.964,1.896,0.0,118.9
SSP2-4.5,2072,7,23.796,1.896,0.0,173.9
SSP2-4.5,2072,8,23.3,1.896,0.0,159.0
SSP2-4.5,2072,9,18.117,1.896,0.0,3.5
SSP2-4.5,2072,10,12.906,1.896,77.8,0.0
SSP2-4.5,2072,11,7.933,1.896,227.0,0.0
SSP2-4.5,2072,12,3.181,1.896,369.6,0.0
SSP2-4.5,2073,1,2.2,1.914,399.0,0.0
SSP2-4.5,2073,2,3.949,1.914,346.5,0.0
SSP2-4.5,2073,3,8.051,1.914,223.5,0.0
SSP2-4.5,2073,4,13.545,1.914,58.7,0.0
SSP2-4.5,2073,5,18.19,1.914,0.0,5.7
SSP2-4.5,2073,6,21.982,1.914,0.0,119.5
SSP2-4.5,2073,7,23.814,1.914,0.0,174.4
SSP2-4.5,2073,8,23.318,1.914,0.0,159.5
SSP2-4.5,2073,9,18.135,1.914,0.0,4.0
SSP2-4.5,2073,10,12.924,1.914,77.3,0.0
SSP2-4.5,2073,11,7.951,1.914,226.5,0.0
SSP2-4.5,2073,12,3.199,1.914,369.0,0.0
SSP2-4.5,2074,1,2.218,1.932,398.5,0.0
SSP2-4.5,2074,2,3.967,1.932,346.0,0.0
SSP2-4.5,2074,3,8.069,1.932,222.9,0.0
SSP2-4.5,2074,4,13.563,1.932,58.1,0.0
SSP2-4.5,2074,5,18.208,1.932,0.0,6.2
SSP2-4.5,2074,6,22.0,1.932,0.0,120.0
SSP2-4.5,2074,7,23.832,1.932,0.0,175.0
SSP2-4.5,2074,8,23.336,1.932,0.0,160.1
SSP2-4.5,2074,9,18.153,1.932,0.0,4.6
SSP2-4.5,2074,10,12.942,1.932,76.7,0.0
SSP2-4.5,2074,11,7.969,1.932,225.9,0.0
SSP2-4.5,2074,12,3.217,1.932,368.5,0.0
SSP2-4.5,2075,1,2.236,1.95,397.9,0.0
SSP2-4.5,2075,2,3.985,1.95,345.5,0.0
SSP2-4.5,2075,3,8.087,1.95,222.4,0.0
SSP2-4.5,2075,4,13.581,1.95,57.6,0.0
SSP2-4.5,2075,5,18.226,1.95,0.0,6.8
SSP2-4.5,2075,6,22.018,1.95,0.0,120.5
SSP2-4.5,2075,7,23.85,1.95,0.0,175.5
SSP2-4.5,2075,8,23.354,1.95,0.0,160.6
SSP2-4.5,2075,9,18.171,1.95,0.0,5.1
SSP2-4.5,2075,10,12.96,1.95,76.2,0.0
SSP2-4.5,2075,11,7.987,1.95,225.4,0.0
SSP2-4.5,2075,12,3.235,1.95,367.9,0.0
SSP2-4.5,2076,1,2.254,1.968,397.4,0.0
SSP2-4.5,2076,2,4.003,1.968,344.9,0.0
SSP2-4.5,2076,3,8.105,1.968,221.9,0.0
SSP2-4.5,2076,4,13.599,1.968,57.0,0.0
SSP2-4.5,2076,5,18.244,1.968,0.0,7.3
SSP2-4.5,2076,6,22.036,1.968,0.0,121.1
SSP2-4.5,2076,7,23.868,1.968,0.0,176.0
SSP2-4.5,2076,8,23.372,1.968,0.0,161.2
SSP2-4.5,2076,9,18.189,1.968,0.0,5.7
SSP2-4.5,2076,10,12.978,1.968,75.6,0.0
SSP2-4.5,2076,11,8.005,1.968,224.8,0.0
SSP2-4.5,2076,12,3.253,1.968,367.4,0.0
SSP2-4.5,2077,1,2.272,1.986,396.8,0.0
SSP2-4.5,2077,2,4.021,1.986,344.4,0.0
SSP2-4.5,2077,3,8.123,1.986,221.3,0.0
SSP2-4.5,2077,4,13.617,1.986,56.5,0.0
SSP2-4.5,2077,5,18.262,1.986,0.0,7.8
SSP2-4.5,2077,6,22.054,1.986,0.0,121.6
SSP2-4.5,2077,7,23.886,1.986,0.0,176.6
SSP2-4.5,2077,8,23.39,1.986,0.0,161.7
SSP2-4.5,2077,9,18.207,1.986,0.0,6.2
SSP2-4.5,2077,10,12.996,1.986,75.1,0.0
SSP2-4.5,2077,11,8.023,1.986,224.3,0.0
SSP2-4.5,2077,12,3.271,1.986,366.9,0.0
SSP2-4.5,2078,1,2.29,2.004,396.3,0.0
SSP2-4.5,2078,2,4.039,2.004,343.8,0.0
SSP2-4.5,2078,3,8.141,2.004,220.8,0.0
SSP2-4.5,2078,4,13.635,2.004,56.0,0.0
SSP2-4.5,2078,5,18.28,2.004,0.0,8.4
SSP2-4.5,2078,6,22.072,2.004,0.0,122.2
SSP2-4.5,2078,7,23.904,2.004,0.0,177.1
SSP2-4.5,2078,8,23.408,2.004,0.0,162.2
SSP2-4.5,2078,9,18.225,2.004,0.0,6.7
SSP2-4.5,2078,10,13.014,2.004,74.6,0.0
SSP2-4.5,2078,11,8.041,2.004,223.8,0.0
SSP2-4.5,2078,12,3.289,2.004,366.3,0.0
SSP2-4.5,2079,1,2.308,2.022,395.8,0.0
SSP2-4.5,2079,2,4.057,2.022,343.3,0.0
SSP2-4.5,2079,3,8.159,2.022,220.2,0.0
SSP2-4.5,2079,4,13.653,2.022,55.4,0.0
SSP2-4.5,2079,5,18.298,2.022,0.0,8.9
SSP2-4.5,2079,6,22.09,2.022,0.0,122.7
SSP2-4.5,2079,7,23.922,2.022,0.0,177.7
SSP2-4.5,2079,8,23.426,2.022,0.0,162.8
SSP2-4.5,2079,9,18.243,2.022,0.0,7.3
SSP2-4.5,2079,10,13.032,2.022,74.0,0.0
SSP2-4.5,2079,11,8.059,2.022,223.2,0.0
SSP2-4.5,2079,12,3.307,2.022,365.8,0.0
SSP2-4.5,2080,1,2.326,2.04,395.2,0.0
SSP2-4.5,2080,2,4.075,2.04,342.8,0.0
SSP2-4.5,2080,3,8.177,2.04,219.7,0.0
SSP2-4.5,2080,4,13.671,2.04,54.9,0.0
SSP2-4.5,2080,5,18.316,2.04,0.0,9.5
SSP2-4.5,2080,6,22.108,2.04,0.0,123.2
SSP2-4.5,2080,7,23.94,2.04,0.0,178.2
SSP2-4.5,2080,8,23.444,2.04,0.0,163.3
SSP2-4.5,2080,9,18.261,2.04,0.0,7.8
SSP2-4.5,2080,10,13.05,2.04,73.5,0.0
SSP2-4.5,2080,11,8.077,2.04,222.7,0.0
SSP2-4.5,2080,12,3.325,2.04,365.2,0.0
SSP2-4.5,2081,1,2.344,2.058,394.7,0.0
SSP2-4.5,2081,2,4.093,2.058,342.2,0.0
SSP2-4.5,2081,3,8.195,2.058,219.2,0.0
SSP2-4.5,2081,4,13.689,2.058,54.3,0.0
SSP2-4.5,2081,5,18.334,2.058,0.0,10.0
SSP2-4.5,2081,6,22.126,2.058,0.0,123.8
SSP2-4.5,2081,7,23.958,2.058,0.0,178.7
SSP2-4.5,2081,8,23.462,2.058,0.0,163.9
SSP2-4.5,2081,9,18.279,2.058,0.0,8.4
SSP2-4.5,2081,10,13.068,2.058,72.9,0.0
SSP2-4.5,2081,11,8.095,2.058,222.1,0.0
SSP2-4.5,2081,12,3.343,2.058,364.7,0.0
SSP2-4.5,2082,1,2.362,2.076,394.1,0.0
SSP2-4.5,2082,2,4.111,2.076,341.7,0.0
SSP2-4.5,2082,3,8.213,2.076,218.6,0.0
SSP2-4.5,2082,4,13.707,2.076,53.8,0.0
SSP2-4.5,2082,5,18.352,2.076,0.0,10.5
SSP2-4.5,2082,6,22.144,2.076,0.0,124.3
SSP2-4.5,2082,7,23.976,2.076,0.0,179.3
SSP2-4.5,2082,8,23.48,2.076,0.0,164.4
SSP2-4.5,2082,9,18.297,2.076,0.0,8.9
SSP2-4.5,2082,10,13.086,2.076,72.4,0.0
SSP2-4.5,2082,11,8.113,2.076,221.6,0.0
SSP2-4.5,2082,12,3.361,2.076,364.2,0.0
SSP2-4.5,2083,1,2.38,2.094,393.6,0.0
SSP2-4.5,2083,2,4.129,2.094,341.1,0.0
SSP2-4.5,2083,3,8.231,2.094,218.1,0.0
SSP2-4.5,2083,4,13.725,2.094,53.3,0.0
SSP2-4.5,2083,5,18.37,2.094,0.0,11.1
SSP2-4.5,2083,6,22.162,2.094,0.0,124.9
SSP2-4.5,2083,7,23.994,2.094,0.0,179.8
SSP2-4.5,2083,8,23.498,2.094,0.0,164.9
SSP2-4.5,2083,9,18.315,2.094,0.0,9.4
SSP2-4.5,2083,10,13.104,2.094,71.9,0.0
SSP2-4.5,2083,11,8.131,2.094,221.1,0.0
SSP2-4.5,2083,12,3.379,2.094,363.6,0.0
SSP2-4.5,2084,1,2.398,2.112,393.1,0.0
SSP2-4.5,2084,2,4.147,2.112,340.6,0.0
SSP2-4.5,2084,3,8.249,2.112,217.5,0.0
SSP2-4.5,2084,4,13.743,2.112,52.7,0.0
SSP2-4.5,2084,5,18.388,2.112,0.0,11.6
SSP2-4.5,2084,6,22.18,2.112,0.0,125.4
SSP2-4.5,2084,7,24.012,2.112,0.0,180.4
SSP2-4.5,2084,8,23.516,2.112,0.0,165.5
SSP2-4.5,2084,9,18.333,2.112,0.0,10.0
SSP2-4.5,2084,10,13.122,2.112,71.3,0.0
SSP2-4.5,2084,11,8.149,2.112,220.5,0.0
SSP2-4.5,2084,12,3.397,2.112,363.1,0.0
SSP2-4.5,2085,1,2.416,2.13,392.5,0.0
SSP2-4.5,2085,2,4.165,2.13,340.1,0.0
SSP2-4.5,2085,3,8.267,2.13,217.0,0.0
SSP2-4.5,2085,4,13.761,2.13,52.2,0.0
SSP2-4.5,2085,5,18.406,2.13,0.0,12.2
SSP2-4.5,2085,6,22.198,2.13,0.0,125.9
SSP2-4.5,2085,7,24.03,2.13,0.0,180.9
SSP2-4.5,2085,8,23.534,2.13,0.0,166.0
SSP2-4.5,2085,9,18.351,2.13,0.0,10.5
SSP2-4.5,2085,10,13.14,2.13,70.8,0.0
SSP2-4.5,2085,11,8.167,2.13,220.0,0.0
SSP2-4.5,2085,12,3.415,2.13,362.5,0.0
SSP2-4.5,2086,1,2.434,2.148,392.0,0.0
SSP2-4.5,2086,2,4.183,2.148,339.5,0.0
SSP2-4.5,2086,3,8.285,2.148,216.5,0.0
SSP2-4.5,2086,4,13.779,2.148,51.6,0.0
SSP2-4.5,2086,5,18.424,2.148,0.0,12.7
SSP2-4.5,2086,6,22.216,2.148,0.0,126.5
SSP2-4.5,2086,7,24.048,2.148,0.0,181.4
SSP2-4.5,2086,8,23.552,2.148,0.0,166.6
SSP2-4.5,2086,9,18.369,2.148,0.0,11.1
SSP2-4.5,2086,10,13.158,2.148,70.2,0.0
SSP2-4.5,2086,11,8.185,2.148,219.4,0.0
SSP2-4.5,2086,12,3.433,2.148,362.0,0.0
SSP2-4.5,2087,1,2.452,2.166,391.4,0.0
SSP2-4.5,2087,2,4.201,2.166,339.0,0.0
SSP2-4.5,2087,3,8.303,2.166,215.9,0.0
SSP2-4.5,2087,4,13.797,2.166,51.1,0.0
SSP2-4.5,2087,5,18.442,2.166,0.0,13.2
SSP2-4.5,2087,6,22.234,2.166,0.0,127.0
SSP2-4.5,2087,7,24.066,2.166,0.0,182.0
SSP2-4.5,2087,8,23.57,2.166,0.0,167.1
SSP2-4.5,2087,9,18.387,2.166,0.0,11.6
SSP2-4.5,2087,10,13.176,2.166,69.7,0.0
SSP2-4.5,2087,11,8.203,2.166,218.9,0.0
SSP2-4.5,2087,12,3.451,2.166,361.5,0.0
SSP2-4.5,2088,1,2.47,2.184,390.9,0.0
SSP2-4.5,2088,2,4.219,2.184,338.4,0.0
SSP2-4.5,2088,3,8.321,2.184,215.4,0.0
SSP2-4.5,2088,4,13.815,2.184,50.6,0.0
SSP2-4.5,2088,5,18.46,2.184,0.0,13.8
SSP2-4.5,2088,6,22.252,2.184,0.0,127.6
SSP2-4.5,2088,7,24.084,2.184,0.0,182.5
SSP2-4.5,2088,8,23.588,2.184,0.0,167.6
SSP2-4.5,2088,9,18.405,2.184,0.0,12.1
SSP2-4.5,2088,10,13.194,2.184,69.2,0.0
SSP2-4.5,2088,11,8.221,2.184,218.4,0.0
SSP2-4.5,2088,12,3.469,2.184,360.9,0.0
SSP2-4.5,2089,1,2.488,2.202,390.4,0.0
SSP2-4.5,2089,2,4.237,2.202,337.9,0.0
SSP2-4.5,2089,3,8.339,2.202,214.8,0.0
SSP2-4.5,2089,4,13.833,2.202,50.0,0.0
SSP2-4.5,2089,5,18.478,2.202,0.0,14.3
SSP2-4.5,2089,6,22.27,2.202,0.0,128.1
SSP2-4.5,2089,7,24.102,2.202,0.0,183.1
SSP2-4.5,2089,8,23.606,2.202,0.0,168.2
SSP2-4.5,2089,9,18.423,2.202,0.0,12.7
SSP2-4.5,2089,10,13.212,2.202,68.6,0.0
SSP2-4.5,2089,11,8.239,2.202,217.8,0.0
SSP2-4.5,2089,12,3.487,2.202,360.4,0.0
SSP2-4.5,2090,1,2.506,2.22,389.8,0.0
SSP2-4.5,2090,2,4.255,2.22,337.4,0.0
SSP2-4.5,2090,3,8.357,2.22,214.3,0.0
SSP2-4.5,2090,4,13.851,2.22,49.5,0.0
SSP2-4.5,2090,5,18.496,2.22,0.0,14.9
SSP2-4.5,2090,6,22.288,2.22,0.0,128.6
SSP2-4.5,2090,7,24.12,2.22,0.0,183.6
SSP2-4.5,2090,8,23.624,2.22,0.0,168.7
SSP2-4.5,2090,9,18.441,2.22,0.0,13.2
SSP2-4.5,2090,10,13.23,2.22,68.1,0.0
SSP2-4.5,2090,11,8.257,2.22,217.3,0.0
SSP2-4.5,2090,12,3.505,2.22,359.8,0.0
SSP2-4.5,2091,1,2.524,2.238,389.3,0.0
SSP2-4.5,2091,2,4.273,2.238,336.8,0.0
SSP2-4.5,2091,3,8.375,2.238,213.8,0.0
SSP2-4.5,2091,4,13.869,2.238,48.9,0.0
SSP2-4.5,2091,5,18.514,2.238,0.0,15.4
SSP2-4.5,2091,6,22.306,2.238,0.0,129.2
SSP2-4.5,2091,7,24.138,2.238,0.0,184.1
SSP2-4.5,2091,8,23.642,2.238,0.0,169.3
SSP2-4.5,2091,9,18.459,2.238,0.0,13.8
SSP2-4.5,2091,10,13.248,2.238,67.5,0.0
SSP2-4.5,2091,11,8.275,2.238,216.7,0.0
SSP2-4.5,2091,12,3.523,2.238,359.3,0.0
SSP2-4.5,2092,1,2.542,2.256,388.7,0.0
SSP2-4.5,2092,2,4.291,2.256,336.3,0.0
SSP2-4.5,2092,3,8.393,2.256,213.2,0.0
SSP2-4.5,2092,4,13.887,2.256,48.4,0.0
SSP2-4.5,2092,5,18.532,2.256,0.0,15.9
SSP2-4.5,2092,6,22.324,2.256,0.0,129.7
SSP2-4.5,2092,7,24.156,2.256,0.0,184.7
SSP2-4.5,2092,8,23.66,2.256,0.0,169.8
SSP2-4.5,2092,9,18.477,2.256,0.0,14.3
SSP2-4.5,2092,10,13.266,2.256,67.0,0.0
SSP2-4.5,2092,11,8.293,2.256,216.2,0.0
SSP2-4.5,2092,12,3.541,2.256,358.8,0.0
SSP2-4.5,2093,1,2.56,2.274,388.2,0.0
SSP2-4.5,2093,2,4.309,2.274,335.7,0.0
SSP2-4.5,2093,3,8.411,2.274,212.7,0.0
SSP2-4.5,2093,4,13.905,2.274,47.9,0.0
SSP2-4.5,2093,5,18.55,2.274,0.0,16.5
SSP2-4.5,2093,6,22.342,2.274,0.0,130.3
SSP2-4.5,2093,7,24.174,2.274,0.0,185.2
SSP2-4.5,2093,8,23.678,2.274,0.0,170.3
SSP2-4.5,2093,9,18.495,2.274,0.0,14.8
SSP2-4.5,2093,10,13.284,2.274,66.5,0.0
SSP2-4.5,2093,11,8.311,2.274,215.7,0.0
SSP2-4.5,2093,12,3.559,2.274,358.2,0.0
SSP2-4.5,2094,1,2.578,2.292,387.7,0.0
SSP2-4.5,2094,2,4.327,2.292,335.2,0.0
SSP2-4.5,2094,3,8.429,2.292,212.1,0.0
SSP2-4.5,2094,4,13.923,2.292,47.3,0.0
SSP2-4.5,2094,5,18.568,2.292,0.0,17.0
SSP2-4.5,2094,6,22.36,2.292,0.0,130.8
SSP2-4.5,2094,7,24.192,2.292,0.0,185.8
SSP2-4.5,2094,8,23.696,2.292,0.0,170.9
SSP2-4.5,2094,9,18.513,2.292,0.0,15.4
SSP2-4.5,2094,10,13.302,2.292,65.9,0.0
SSP2-4.5,2094,11,8.329,2.292,215.1,0.0
SSP2-4.5,2094,12,3.577,2.292,357.7,0.0
SSP2-4.5,2095,1,2.596,2.31,387.1,0.0
SSP2-4.5,2095,2,4.345,2.31,334.7,0.0
SSP2-4.5,2095,3,8.447,2.31,211.6,0.0
SSP2-4.5,2095,4,13.941,2.31,46.8,0.0
SSP2-4.5,2095,5,18.586,2.31,0.0,17.6
SSP2-4.5,2095,6,22.378,2.31,0.0,131.3
SSP2-4.5,2095,7,24.21,2.31,0.0,186.3
SSP2-4.5,2095,8,23.714,2.31,0.0,171.4
SSP2-4.5,2095,9,18.531,2.31,0.0,15.9
SSP2-4.5,2095,10,13.32,2.31,65.4,0.0
SSP2-4.5,2095,11,8.347,2.31,214.6,0.0
SSP2-4.5,2095,12,3.595,2.31,357.1,0.0
SSP2-4.5,2096,1,2.614,2.328,386.6,0.0
SSP2-4.5,2096,2,4.363,2.328,334.1,0.0
SSP2-4.5,2096,3,8.465,2.328,211.1,0.0
SSP2-4.5,2096,4,13.959,2.328,46.2,0.0
SSP2-4.5,2096,5,18.604,2.328,0.0,18.1
SSP2-4.5,2096,6,22.396,2.328,0.0,131.9
SSP2-4.5,2096,7,24.228,2.328,0.0,186.8
SSP2-4.5,2096,8,23.732,2.328,0.0,172.0
SSP2-4.5,2096,9,18.549,2.328,0.0,16.5
SSP2-4.5,2096,10,13.338,2.328,64.8,0.0
SSP2-4.5,2096,11,8.365,2.328,214.0,0.0
SSP2-4.5,2096,12,3.613,2.328,356.6,0.0
SSP2-4.5,2097,1,2.632,2.346,386.0,0.0
SSP2-4.5,2097,2,4.381,2.346,333.6,0.0
SSP2-4.5,2097,3,8.483,2.346,210.5,0.0
SSP2-4.5,2097,4,13.977,2.346,45.7,0.0
SSP2-4.5,2097,5,18.622,2.346,0.0,18.6
SSP2-4.5,2097,6,22.414,2.346,0.0,132.4
SSP2-4.5,2097,7,24.246,2.346,0.0,187.4
SSP2-4.5,2097,8,23.75,2.346,0.0,172.5
SSP2-4.5,2097,9,18.567,2.346,0.0,17.0
SSP2-4.5,2097,10,13.356,2.346,64.3,0.0
SSP2-4.5,2097,11,8.383,2.346,213.5,0.0
SSP2-4.5,2097,12,3.631,2.346,356.1,0.0
SSP2-4.5,2098,1,2.65,2.364,385.5,0.0
SSP2-4.5,2098,2,4.399,2.364,333.0,0.0
SSP2-4.5,2098,3,8.501,2.364,210.0,0.0
SSP2-4.5,2098,4,13.995,2.364,45.2,0.0
SSP2-4.5,2098,5,18.64,2.364,0.0,19.2
SSP2-4.5,2098,6,22.432,2.364,0.0,133.0
SSP2-4.5,2098,7,24.264,2.364,0.0,187.9
SSP2-4.5,2098,8,23.768,2.364,0.0,173.0
SSP2-4.5,2098,9,18.585,2.364,0.0,17.5
SSP2-4.5,2098,10,13.374,2.364,63.8,0.0
SSP2-4.5,2098,11,8.401,2.364,213.0,0.0
SSP2-4.5,2098,12,3.649,2.364,355.5,0.0
SSP2-4.5,2099,1,2.668,2.382,385.0,0.0
SSP2-4.5,2099,2,4.417,2.382,332.5,0.0
SSP2-4.5,2099,3,8.519,2.382,209.4,0.0
SSP2-4.5,2099,4,14.013,2.382,44.6,0.0
SSP2-4.5,2099,5,18.658,2.382,0.0,19.7
SSP2-4.5,2099,6,22.45,2.382,0.0,133.5
SSP2-4.5,2099,7,24.282,2.382,0.0,188.5
SSP2-4.5,2099,8,23.786,2.382,0.0,173.6
SSP2-4.5,2099,9,18.603,2.382,0.0,18.1
SSP2-4.5,2099,10,13.392,2.382,63.2,0.0
SSP2-4.5,2099,11,8.419,2.382,212.4,0.0
SSP2-4.5,2099,12,3.667,2.382,355.0,0.0
SSP2-4.5,2100,1,2.686,2.4,384.4,0.0
SSP2-4.5,2100,2,4.435,2.4,332.0,0.0
SSP2-4.5,2100,3,8.537,2.4,208.9,0.0
SSP2-4.5,2100,4,14.031,2.4,44.1,0.0
SSP2-4.5,2100,5,18.676,2.4,0.0,20.3
SSP2-4.5,2100,6,22.468,2.4,0.0,134.0
SSP2-4.5,2100,7,24.3,2.4,0.0,189.0
SSP2-4.5,2100,8,23.804,2.4,0.0,174.1
SSP2-4.5,2100,9,18.621,2.4,0.0,18.6
SSP2-4.5,2100,10,13.41,2.4,62.7,0.0
SSP2-4.5,2100,11,8.437,2.4,211.9,0.0
SSP2-4.5,2100,12,3.685,2.4,354.4,0.0
SSP5-8.5,2025,1,0.619,0.333,446.4,0.0
SSP5-8.5,2025,2,2.368,0.333,394.0,0.0
SSP5-8.5,2025,3,6.47,0.333,270.9,0.0
SSP5-8.5,2025,4,11.964,0.333,106.1,0.0
SSP5-8.5,2025,5,16.609,0.333,0.0,0.0
SSP5-8.5,2025,6,20.401,0.333,0.0,72.0
SSP5-8.5,2025,7,22.233,0.333,0.0,127.0
SSP5-8.5,2025,8,21.737,0.333,0.0,112.1
SSP5-8.5,2025,9,16.554,0.333,0.0,0.0
SSP5-8.5,2025,10,11.344,0.333,124.7,0.0
SSP5-8.5,2025,11,6.371,0.333,273.9,0.0
SSP5-8.5,2025,12,1.619,0.333,416.4,0.0
SSP5-8.5,2026,1,0.686,0.4,444.4,0.0
SSP5-8.5,2026,2,2.435,0.4,392.0,0.0
SSP5-8.5,2026,3,6.537,0.4,268.9,0.0
SSP5-8.5,2026,4,12.031,0.4,104.1,0.0
SSP5-8.5,2026,5,16.676,0.4,0.0,0.0
SSP5-8.5,2026,6,20.468,0.4,0.0,74.0
SSP5-8.5,2026,7,22.3,0.4,0.0,129.0
SSP5-8.5,2026,8,21.804,0.4,0.0,114.1
SSP5-8.5,2026,9,16.621,0.4,0.0,0.0
SSP5-8.5,2026,10,11.41,0.4,122.7,0.0
SSP5-8.5,2026,11,6.437,0.4,271.9,0.0
SSP5-8.5,2026,12,1.685,0.4,414.4,0.0
SSP5-8.5,2027,1,0.753,0.467,442.4,0.0
SSP5-8.5,2027,2,2.501,0.467,390.0,0.0
SSP5-8.5,2027,3,6.603,0.467,266.9,0.0
SSP5-8.5,2027,4,12.097,0.467,102.1,0.0
SSP5-8.5,2027,5,16.742,0.467,0.0,0.0
SSP5-8.5,2027,6,20.535,0.467,0.0,76.0
SSP5-8.5,2027,7,22.366,0.467,0.0,131.0
SSP5-8.5,2027,8,21.871,0.467,0.0,116.1
SSP5-8.5,2027,9,16.687,0.467,0.0,0.0
SSP5-8.5,2027,10,11.477,0.467,120.7,0.0
SSP5-8.5,2027,11,6.504,0.467,269.9,0.0
SSP5-8.5,2027,12,1.752,0.467,412.4,0.0
SSP5-8.5,2028,1,0.819,0.533,440.4,0.0
SSP5-8.5,2028,2,2.568,0.533,388.0,0.0
SSP5-8.5,2028,3,6.67,0.533,264.9,0.0
SSP5-8.5,2028,4,12.164,0.533,100.1,0.0
SSP5-8.5,2028,5,16.809,0.533,0.0,0.0
SSP5-8.5,2028,6,20.601,0.533,0.0,78.0
SSP5-8.5,2028,7,22.433,0.533,0.0,133.0
SSP5-8.5,2028,8,21.937,0.533,0.0,118.1
SSP5-8.5,2028,9,16.754,0.533,0.0,0.0
SSP5-8.5,2028,10,11.544,0.533,118.7,0.0
SSP5-8.5,2028,11,6.571,0.533,267.9,0.0
SSP5-8.5,2028,12,1.819,0.533,410.4,0.0
SSP5-8.5,2029,1,0.886,0.6,438.4,0.0
SSP5-8.5,2029,2,2.635,0.6,386.0,0.0
SSP5-8.5,2029,3,6.737,0.6,262.9,0.0
SSP5-8.5,2029,4,12.231,0.6,98.1,0.0
SSP5-8.5,2029,5,16.876,0.6,0.0,0.0
SSP5-8.5,2029,6,20.668,0.6,0.0,80.0
SSP5-8.5,2029,7,22.5,0.6,0.0,135.0
SSP5-8.5,2029,8,22.004,0.6,0.0,120.1
SSP5-8.5,2029,9,16.821,0.6,0.0,0.0
SSP5-8.5,2029,10,11.61,0.6,116.7,0.0
SSP5-8.5,2029,11,6.637,0.6,265.9,0.0
SSP5-8.5,2029,12,1.885,0.6,408.4,0.0
SSP5-8.5,2030,1,0.953,0.667,436.4,0.0
SSP5-8.5,2030,2,2.701,0.667,384.0,0.0
SSP5-8.5,2030,3,6.803,0.667,260.9,0.0
SSP5-8.5,2030,4,12.297,0.667,96.1,0.0
SSP5-8.5,2030,5,16.942,0.667,0.0,0.0
SSP5-8.5,2030,6,20.735,0.667,0.0,82.0
SSP5-8.5,2030,7,22.566,0.667,0.0,137.0
SSP5-8.5,2030,8,22.071,0.667,0.0,122.1
SSP5-8.5,2030,9,16.887,0.667,0.0,0.0
SSP5-8.5,2030,10,11.677,0.667,114.7,0.0
SSP5-8.5,2030,11,6.704,0.667,263.9,0.0
SSP5-8.5,2030,12,1.952,0.667,406.4,0.0
SSP5-8.5,2031,1,1.019,0.733,434.4,0.0
SSP5-8.5,2031,2,2.768,0.733,382.0,0.0
SSP5-8.5,2031,3,6.87,0.733,258.9,0.0
SSP5-8.5,2031,4,12.364,0.733,94.1,0.0
SSP5-8.5,2031,5,17.009,0.733,0.0,0.0
SSP5-8.5,2031,6,20.801,0.733,0.0,84.0
SSP5-8.5,2031,7,22.633,0.733,0.0,139.0
SSP5-8.5,2031,8,22.137,0.733,0.0,124.1
SSP5-8.5,2031,9,16.954,0.733,0.0,0.0
SSP5-8.5,2031,10,11.744,0.733,112.7,0.0
SSP5-8.5,2031,11,6.771,0.733,261.9,0.0
SSP5-8.5,2031,12,2.019,0.733,404.4,0.0
SSP5-8.5,2032,1,1.086,0.8,432.4,0.0
SSP5-8.5,2032,2,2.835,0.8,380.0,0.0
SSP5-8.5,2032,3,6.937,0.8,256.9,0.0
SSP5-8.5,2032,4,12.431,0.8,92.1,0.0
SSP5-8.5,2032,5,17.076,0.8,0.0,0.0
SSP5-8.5,2032,6,20.868,0.8,0.0,86.0
SSP5-8.5,2032,7,22.7,0.8,0.0,141.0
SSP5-8.5,2032,8,22.204,0.8,0.0,126.1
SSP5-8.5,2032,9,17.021,0.8,0.0,0.0
SSP5-8.5,2032,10,11.81,0.8,110.7,0.0
SSP5-8.5,2032,11,6.837,0.8,259.9,0.0
SSP5-8.5,2032,12,2.085,0.8,402.4,0.0
SSP5-8.5,2033,1,1.153,0.867,430.4,0.0
SSP5-8.5,2033,2,2.901,0.867,378.0,0.0
SSP5-8.5,2033,3,7.003,0.867,254.9,0.0
SSP5-8.5,2033,4,12.497,0.867,90.1,0.0
SSP5-8.5,2033,5,17.142,0.867,0.0,0.0
SSP5-8.5,2033,6,20.935,0.867,0.0,88.0
SSP5-8.5,2033,7,22.766,0.867,0.0,143.0
SSP5-8.5,2033,8,22.271,0.867,0.0,128.1
SSP5-8.5,2033,9,17.087,0.867,0.0,0.0
SSP5-8.5,2033,10,11.877,0.867,108.7,0.0
SSP5-8.5,2033,11,6.904,0.867,257.9,0.0
SSP5-8.5,2033,12,2.152,0.867,400.4,0.0
SSP5-8.5,2034,1,1.219,0.933,428.4,0.0
SSP5-8.5,2034,2,2.968,0.933,376.0,0.0
SSP5-8.5,2034,3,7.07,0.933,252.9,0.0
SSP5-8.5,2034,4,12.564,0.933,88.1,0.0
SSP5-8.5,2034,5,17.209,0.933,0.0,0.0
SSP5-8.5,2034,6,21.001,0.933,0.0,90.0
SSP5-8.5,2034,7,22.833,0.933,0.0,145.0
SSP5-8.5,2034,8,22.337,0.933,0.0,130.1
SSP5-8.5,2034,9,17.154,0.933,0.0,0.0
SSP5-8.5,2034,10,11.944,0.933,106.7,0.0
SSP5-8.5,2034,11,6.971,0.933,255.9,0.0
SSP5-8.5,2034,12,2.219,0.933,398.4,0.0
SSP5-8.5,2035,1,1.286,1.0,426.4,0.0
SSP5-8.5,2035,2,3.035,1.0,374.0,0.0
SSP5-8.5,2035,3,7.137,1.0,250.9,0.0
SSP5-8.5,2035,4,12.631,1.0,86.1,0.0
SSP5-8.5,2035,5,17.276,1.0,0.0,0.0
SSP5-8.5,2035,6,21.068,1.0,0.0,92.0
SSP5-8.5,2035,7,22.9,1.0,0.0,147.0
SSP5-8.5,2035,8,22.404,1.0,0.0,132.1
SSP5-8.5,2035,9,17.221,1.0,0.0,0.0
SSP5-8.5,2035,10,12.01,1.0,104.7,0.0
SSP5-8.5,2035,11,7.037,1.0,253.9,0.0
SSP5-8.5,2035,12,2.285,1.0,396.4,0.0
SSP5-8.5,2036,1,1.353,1.067,424.4,0.0
SSP5-8.5,2036,2,3.101,1.067,372.0,0.0
SSP5-8.5,2036,3,7.203,1.067,248.9,0.0
SSP5-8.5,2036,4,12.697,1.067,84.1,0.0
SSP5-8.5,2036,5,17.342,1.067,0.0,0.0
SSP5-8.5,2036,6,21.135,1.067,0.0,94.0
SSP5-8.5,2036,7,22.966,1.067,0.0,149.0
SSP5-8.5,2036,8,22.471,1.067,0.0,134.1
SSP5-8.5,2036,9,17.287,1.067,0.0,0.0
SSP5-8.5,2036,10,12.077,1.067,102.7,0.0
SSP5-8.5,2036,11,7.104,1.067,251.9,0.0
SSP5-8.5,2036,12,2.352,1.067,394.4,0.0
SSP5-8.5,2037,1,1.419,1.133,422.4,0.0
SSP5-8.5,2037,2,3.168,1.133,370.0,0.0
SSP5-8.5,2037,3,7.27,1.133,246.9,0.0
SSP5-8.5,2037,4,12.764,1.133,82.1,0.0
SSP5-8.5,2037,5,17.409,1.133,0.0,0.0
SSP5-8.5,2037,6,21.201,1.133,0.0,96.0
SSP5-8.5,2037,7,23.033,1.133,0.0,151.0
SSP5-8.5,2037,8,22.537,1.133,0.0,136.1
SSP5-8.5,2037,9,17.354,1.133,0.0,0.0
SSP5-8.5,2037,10,12.144,1.133,100.7,0.0
SSP5-8.5,2037,11,7.171,1.133,249.9,0.0
SSP5-8.5,2037,12,2.419,1.133,392.4,0.0
SSP5-8.5,2038,1,1.486,1.2,420.4,0.0
SSP5-8.5,2038,2,3.235,1.2,368.0,0.0
SSP5-8.5,2038,3,7.337,1.2,244.9,0.0
SSP5-8.5,2038,4,12.831,1.2,80.1,0.0
SSP5-8.5,2038,5,17.476,1.2,0.0,0.0
SSP5-8.5,2038,6,21.268,1.2,0.0,98.0
SSP5-8.5,2038,7,23.1,1.2,0.0,153.0
SSP5-8.5,2038,8,22.604,1.2,0.0,138.1
SSP5-8.5,2038,9,17.421,1.2,0.0,0.0
SSP5-8.5,2038,10,12.21,1.2,98.7,0.0
SSP5-8.5,2038,11,7.237,1.2,247.9,0.0
SSP5-8.5,2038,12,2.485,1.2,390.4,0.0
SSP5-8.5,2039,1,1.553,1.267,418.4,0.0
SSP5-8.5,2039,2,3.301,1.267,366.0,0.0
SSP5-8.5,2039,3,7.403,1.267,242.9,0.0
SSP5-8.5,2039,4,12.897,1.267,78.1,0.0
SSP5-8.5,2039,5,17.542,1.267,0.0,0.0
SSP5-8.5,2039,6,21.335,1.267,0.0,100.0
SSP5-8.5,2039,7,23.166,1.267,0.0,155.0
SSP5-8.5,2039,8,22.671,1.267,0.0,140.1
SSP5-8.5,2039,9,17.487,1.267,0.0,0.0
SSP5-8.5,2039,10,12.277,1.267,96.7,0.0
SSP5-8.5,2039,11,7.304,1.267,245.9,0.0
SSP5-8.5,2039,12,2.552,1.267,388.4,0.0
SSP5-8.5,2040,1,1.619,1.333,416.4,0.0
SSP5-8.5,2040,2,3.368,1.333,364.0,0.0
SSP5-8.5,2040,3,7.47,1.333,240.9,0.0
SSP5-8.5,2040,4,12.964,1.333,76.1,0.0
SSP5-8.5,2040,5,17.609,1.333,0.0,0.0
SSP5-8.5,2040,6,21.401,1.333,0.0,102.0
SSP5-8.5,2040,7,23.233,1.333,0.0,157.0
SSP5-8.5,2040,8,22.737,1.333,0.0,142.1
SSP5-8.5,2040,9,17.554,1.333,0.0,0.0
SSP5-8.5,2040,10,12.344,1.333,94.7,0.0
SSP5-8.5,2040,11,7.371,1.333,243.9,0.0
SSP5-8.5,2040,12,2.619,1.333,386.4,0.0
SSP5-8.5,2041,1,1.686,1.4,414.4,0.0
SSP5-8.5,2041,2,3.435,1.4,362.0,0.0
SSP5-8.5,2041,3,7.537,1.4,238.9,0.0
SSP5-8.5,2041,4,13.031,1.4,74.1,0.0
SSP5-8.5,2041,5,17.676,1.4,0.0,0.0
SSP5-8.5,2041,6,21.468,1.4,0.0,104.0
SSP5-8.5,2041,7,23.3,1.4,0.0,159.0
SSP5-8.5,2041,8,22.804,1.4,0.0,144.1
SSP5-8.5,2041,9,17.621,1.4,0.0,0.0
SSP5-8.5,2041,10,12.41,1.4,92.7,0.0
SSP5-8.5,2041,11,7.437,1.4,241.9,0.0
SSP5-8.5,2041,12,2.685,1.4,384.4,0.0
SSP5-8.5,2042,1,1.753,1.467,412.4,0.0
SSP5-8.5,2042,2,3.501,1.467,360.0,0.0
SSP5-8.5,2042,3,7.603,1.467,236.9,0.0
SSP5-8.5,2042,4,13.097,1.467,72.1,0.0
SSP5-8.5,2042,5,17.742,1.467,0.0,0.0
SSP5-8.5,2042,6,21.535,1.467,0.0,106.0
SSP5-8.5,2042,7,23.366,1.467,0.0,161.0
SSP5-8.5,2042,8,22.871,1.467,0.0,146.1
SSP5-8.5,2042,9,17.687,1.467,0.0,0.0
SSP5-8.5,2042,10,12.477,1.467,90.7,0.0
SSP5-8.5,2042,11,7.504,1.467,239.9,0.0
SSP5-8.5,2042,12,2.752,1.467,382.4,0.0
SSP5-8.5,2043,1,1.819,1.533,410.4,0.0
SSP5-8.5,2043,2,3.568,1.533,358.0,0.0
SSP5-8.5,2043,3,7.67,1.533,234.9,0.0
SSP5-8.5,2043,4,13.164,1.533,70.1,0.0
SSP5-8.5,2043,5,17.809,1.533,0.0,0.0
SSP5-8.5,2043,6,21.601,1.533,0.0,108.0
SSP5-8.5,2043,7,23.433,1.533,0.0,163.0
SSP5-8.5,2043,8,22.937,1.533,0.0,148.1
SSP5-8.5,2043,9,17.754,1.533,0.0,0.0
SSP5-8.5,2043,10,12.544,1.533,88.7,0.0
SSP5-8.5,2043,11,7.571,1.533,237.9,0.0
SSP5-8.5,2043,12,2.819,1.533,380.4,0.0
SSP5-8.5,2044,1,1.886,1.6,408.4,0.0
SSP5-8.5,2044,2,3.635,1.6,356.0,0.0
SSP5-8.5,2044,3,7.737,1.6,232.9,0.0
SSP5-8.5,2044,4,13.231,1.6,68.1,0.0
SSP5-8.5,2044,5,17.876,1.6,0.0,0.0
SSP5-8.5,2044,6,21.668,1.6,0.0,110.0
SSP5-8.5,2044,7,23.5,1.6,0.0,165.0
SSP5-8.5,2044,8,23.004,1.6,0.0,150.1
SSP5-8.5,2044,9,17.821,1.6,0.0,0.0
SSP5-8.5,2044,10,12.61,1.6,86.7,0.0
SSP5-8.5,2044,11,7.637,1.6,235.9,0.0
SSP5-8.5,2044,12,2.885,1.6,378.4,0.0
SSP5-8.5,2045,1,1.953,1.667,406.4,0.0
SSP5-8.5,2045,2,3.701,1.667,354.0,0.0
SSP5-8.5,2045,3,7.803,1.667,230.9,0.0
SSP5-8.5,2045,4,13.297,1.667,66.1,0.0
SSP5-8.5,2045,5,17.942,1.667,0.0,0.0
SSP5-8.5,2045,6,21.735,1.667,0.0,112.0
SSP5-8.5,2045,7,23.566,1.667,0.0,167.0
SSP5-8.5,2045,8,23.071,1.667,0.0,152.1
SSP5-8.5,2045,9,17.887,1.667,0.0,0.0
SSP5-8.5,2045,10,12.677,1.667,84.7,0.0
SSP5-8.5,2045,11,7.704,1.667,233.9,0.0
SSP5-8.5,2045,12,2.952,1.667,376.4,0.0
SSP5-8.5,2046,1,2.019,1.733,404.4,0.0
SSP5-8.5,2046,2,3.768,1.733,352.0,0.0
SSP5-8.5,2046,3,7.87,1.733,228.9,0.0
SSP5-8.5,2046,4,13.364,1.733,64.1,0.0
SSP5-8.5,2046,5,18.009,1.733,0.0,0.3
SSP5-8.5,2046,6,21.801,1.733,0.0,114.0
SSP5-8.5,2046,7,23.633,1.733,0.0,169.0
SSP5-8.5,2046,8,23.137,1.733,0.0,154.1
SSP5-8.5,2046,9,17.954,1.733,0.0,0.0
SSP5-8.5,2046,10,12.744,1.733,82.7,0.0
SSP5-8.5,2046,11,7.771,1.733,231.9,0.0
SSP5-8.5,2046,12,3.019,1.733,374.4,0.0
SSP5-8.5,2047,1,2.086,1.8,402.4,0.0
SSP5-8.5,2047,2,3.835,1.8,350.0,0.0
SSP5-8.5,2047,3,7.937,1.8,226.9,0.0
SSP5-8.5,2047,4,13.431,1.8,62.1,0.0
SSP5-8.5,2047,5,18.076,1.8,0.0,2.3
SSP5-8.5,2047,6,21.868,1.8,0.0,116.0
SSP5-8.5,2047,7,23.7,1.8,0.0,171.0
SSP5-8.5,2047,8,23.204,1.8,0.0,156.1
SSP5-8.5,2047,9,18.021,1.8,0.0,0.6
SSP5-8.5,2047,10,12.81,1.8,80.7,0.0
SSP5-8.5,2047,11,7.837,1.8,229.9,0.0
SSP5-8.5,2047,12,3.085,1.8,372.4,0.0
SSP5-8.5,2048,1,2.153,1.867,400.4,0.0
SSP5-8.5,2048,2,3.901,1.867,348.0,0.0
SSP5-8.5,2048,3,8.003,1.867,224.9,0.0
SSP5-8.5,2048,4,13.497,1.867,60.1,0.0
SSP5-8.5,2048,5,18.142,1.867,0.0,4.3
SSP5-8.5,2048,6,21.935,1.867,0.0,118.0
SSP5-8.5,2048,7,23.766,1.867,0.0,173.0
SSP5-8.5,2048,8,23.271,1.867,0.0,158.1
SSP5-8.5,2048,9,18.087,1.867,0.0,2.6
SSP5-8.5,2048,10,12.877,1.867,78.7,0.0
SSP5-8.5,2048,11,7.904,1.867,227.9,0.0
SSP5-8.5,2048,12,3.152,1.867,370.4,0.0
SSP5-8.5,2049,1,2.219,1.933,398.4,0.0
SSP5-8.5,2049,2,3.968,1.933,346.0,0.0
SSP5-8.5,2049,3,8.07,1.933,222.9,0.0
SSP5-8.5,2049,4,13.564,1.933,58.1,0.0
SSP5-8.5,2049,5,18.209,1.933,0.0,6.3
SSP5-8.5,2049,6,22.001,1.933,0.0,120.0
SSP5-8.5,2049,7,23.833,1.933,0.0,175.0
SSP5-8.5,2049,8,23.337,1.933,0.0,160.1
SSP5-8.5,2049,9,18.154,1.933,0.0,4.6
SSP5-8.5,2049,10,12.944,1.933,76.7,0.0
SSP5-8.5,2049,11,7.971,1.933,225.9,0.0
SSP5-8.5,2049,12,3.219,1.933,368.4,0.0
SSP5-8.5,2050,1,2.286,2.0,396.4,0.0
SSP5-8.5,2050,2,4.035,2.0,344.0,0.0
SSP5-8.5,2050,3,8.137,2.0,220.9,0.0
SSP5-8.5,2050,4,13.631,2.0,56.1,0.0
SSP5-8.5,2050,5,18.276,2.0,0.0,8.3
SSP5-8.5,2050,6,22.068,2.0,0.0,122.0
SSP5-8.5,2050,7,23.9,2.0,0.0,177.0
SSP5-8.5,2050,8,23.404,2.0,0.0,162.1
SSP5-8.5,2050,9,18.221,2.0,0.0,6.6
SSP5-8.5,2050,10,13.01,2.0,74.7,0.0
SSP5-8.5,2050,11,8.037,2.0,223.9,0.0
SSP5-8.5,2050,12,3.285,2.0,366.4,0.0
SSP5-8.5,2051,1,2.332,2.046,395.0,0.0
SSP5-8.5,2051,2,4.081,2.046,342.6,0.0
SSP5-8.5,2051,3,8.183,2.046,219.5,0.0
SSP5-8.5,2051,4,13.677,2.046,54.7,0.0
SSP5-8.5,2051,5,18.322,2.046,0.0,9.6
SSP5-8.5,2051,6,22.114,2.046,0.0,123.4
SSP5-8.5,2051,7,23.946,2.046,0.0,178.4
SSP5-8.5,2051,8,23.45,2.046,0.0,163.5
SSP5-8.5,2051,9,18.267,2.046,0.0,8.0
SSP5-8.5,2051,10,13.056,2.046,73.3,0.0
SSP5-8.5,2051,11,8.083,2.046,222.5,0.0
SSP5-8.5,2051,12,3.331,2.046,365.1,0.0
SSP5-8.5,2052,1,2.378,2.092,393.7,0.0
SSP5-8.5,2052,2,4.127,2.092,341.2,0.0
SSP5-8.5,2052,3,8.229,2.092,218.1,0.0
SSP5-8.5,2052,4,13.723,2.092,53.3,0.0
SSP5-8.5,2052,5,18.368,2.092,0.0,11.0
SSP5-8.5,2052,6,22.16,2.092,0.0,124.8
SSP5-8.5,2052,7,23.992,2.092,0.0,179.8
SSP5-8.5,2052,8,23.496,2.092,0.0,164.9
SSP5-8.5,2052,9,18.313,2.092,0.0,9.4
SSP5-8.5,2052,10,13.102,2.092,71.9,0.0
SSP5-8.5,2052,11,8.129,2.092,221.1,0.0
SSP5-8.5,2052,12,3.377,2.092,363.7,0.0
SSP5-8.5,2053,1,2.424,2.138,392.3,0.0
SSP5-8.5,2053,2,4.173,2.138,339.8,0.0
SSP5-8.5,2053,3,8.275,2.138,216.8,0.0
SSP5-8.5,2053,4,13.769,2.138,51.9,0.0
SSP5-8.5,2053,5,18.414,2.138,0.0,12.4
SSP5-8.5,2053,6,22.206,2.138,0.0,126.2
SSP5-8.5,2053,7,24.038,2.138,0.0,181.1
SSP5-8.5,2053,8,23.542,2.138,0.0,166.3
SSP5-8.5,2053,9,18.359,2.138,0.0,10.8
SSP5-8.5,2053,10,13.148,2.138,70.5,0.0
SSP5-8.5,2053,11,8.175,2.138,219.7,0.0
SSP5-8.5,2053,12,3.423,2.138,362.3,0.0
SSP5-8.5,2054,1,2.47,2.184,390.9,0.0
SSP5-8.5,2054,2,4.219,2.184,338.4,0.0
SSP5-8.5,2054,3,8.321,2.184,215.4,0.0
SSP5-8.5,2054,4,13.815,2.184,50.6,0.0
SSP5-8.5,2054,5,18.46,2.184,0.0,13.8
SSP5-8.5,2054,6,22.252,2.184,0.0,127.6
SSP5-8.5,2054,7,24.084,2.184,0.0,182.5
SSP5-8.5,2054,8,23.588,2.184,0.0,167.6
SSP5-8.5,2054,9,18.405,2.184,0.0,12.1
SSP5-8.5,2054,10,13.194,2.184,69.2,0.0
SSP5-8.5,2054,11,8.221,2.184,218.4,0.0
SSP5-8.5,2054,12,3.469,2.184,360.9,0.0
SSP5-8.5,2055,1,2.516,2.23,389.5,0.0
SSP5-8.5,2055,2,4.265,2.23,337.1,0.0
SSP5-8.5,2055,3,8.367,2.23,214.0,0.0
SSP5-8.5,2055,4,13.861,2.23,49.2,0.0
SSP5-8.5,2055,5,18.506,2.23,0.0,15.2
SSP5-8.5,2055,6,22.298,2.23,0.0,128.9
SSP5-8.5,2055,7,24.13,2.23,0.0,183.9
SSP5-8.5,2055,8,23.634,2.23,0.0,169.0
SSP5-8.5,2055,9,18.451,2.23,0.0,13.5
SSP5-8.5,2055,10,13.24,2.23,67.8,0.0
SSP5-8.5,2055,11,8.267,2.23,217.0,0.0
SSP5-8.5,2055,12,3.515,2.23,359.5,0.0
SSP5-8.5,2056,1,2.562,2.276,388.1,0.0
SSP5-8.5,2056,2,4.311,2.276,335.7,0.0
SSP5-8.5,2056,3,8.413,2.276,212.6,0.0
SSP5-8.5,2056,4,13.907,2.276,47.8,0.0
SSP5-8.5,2056,5,18.552,2.276,0.0,16.5
SSP5-8.5,2056,6,22.344,2.276,0.0,130.3
SSP5-8.5,2056,7,24.176,2.276,0.0,185.3
SSP5-8.5,2056,8,23.68,2.276,0.0,170.4
SSP5-8.5,2056,9,18.497,2.276,0.0,14.9
SSP5-8.5,2056,10,13.286,2.276,66.4,0.0
SSP5-8.5,2056,11,8.313,2.276,215.6,0.0
SSP5-8.5,2056,12,3.561,2.276,358.2,0.0
SSP5-8.5,2057,1,2.608,2.322,386.8,0.0
SSP5-8.5,2057,2,4.357,2.322,334.3,0.0
SSP5-8.5,2057,3,8.459,2.322,211.2,0.0
SSP5-8.5,2057,4,13.953,2.322,46.4,0.0
SSP5-8.5,2057,5,18.598,2.322,0.0,17.9
SSP5-8.5,2057,6,22.39,2.322,0.0,131.7
SSP5-8.5,2057,7,24.222,2.322,0.0,186.7
SSP5-8.5,2057,8,23.726,2.322,0.0,171.8
SSP5-8.5,2057,9,18.543,2.322,0.0,16.3
SSP5-8.5,2057,10,13.332,2.322,65.0,0.0
SSP5-8.5,2057,11,8.359,2.322,214.2,0.0
SSP5-8.5,2057,12,3.607,2.322,356.8,0.0
SSP5-8.5,2058,1,2.654,2.368,385.4,0.0
SSP5-8.5,2058,2,4.403,2.368,332.9,0.0
SSP5-8.5,2058,3,8.505,2.368,209.9,0.0
SSP5-8.5,2058,4,13.999,2.368,45.0,0.0
SSP5-8.5,2058,5,18.644,2.368,0.0,19.3
SSP5-8.5,2058,6,22.436,2.368,0.0,133.1
SSP5-8.5,2058,7,24.268,2.368,0.0,188.0
SSP5-8.5,2058,8,23.772,2.368,0.0,173.2
SSP5-8.5,2058,9,18.589,2.368,0.0,17.7
SSP5-8.5,2058,10,13.378,2.368,63.6,0.0
SSP5-8.5,2058,11,8.405,2.368,212.8,0.0
SSP5-8.5,2058,12,3.653,2.368,355.4,0.0
SSP5-8.5,2059,1,2.7,2.414,384.0,0.0
SSP5-8.5,2059,2,4.449,2.414,331.5,0.0
SSP5-8.5,2059,3,8.551,2.414,208.5,0.0
SSP5-8.5,2059,4,14.045,2.414,43.7,0.0
SSP5-8.5,2059,5,18.69,2.414,0.0,20.7
SSP5-8.5,2059,6,22.482,2.414,0.0,134.5
SSP5-8.5,2059,7,24.314,2.414,0.0,189.4
SSP5-8.5,2059,8,23.818,2.414,0.0,174.5
SSP5-8.5,2059,9,18.635,2.414,0.0,19.0
SSP5-8.5,2059,10,13.424,2.414,62.3,0.0
SSP5-8.5,2059,11,8.451,2.414,211.5,0.0
SSP5-8.5,2059,12,3.699,2.414,354.0,0.0
SSP5-8.5,2060,1,2.746,2.46,382.6,0.0
SSP5-8.5,2060,2,4.495,2.46,330.2,0.0
SSP5-8.5,2060,3,8.597,2.46,207.1,0.0
SSP5-8.5,2060,4,14.091,2.46,42.3,0.0
SSP5-8.5,2060,5,18.736,2.46,0.0,22.1
SSP5-8.5,2060,6,22.528,2.46,0.0,135.8
SSP5-8.5,2060,7,24.36,2.46,0.0,190.8
SSP5-8.5,2060,8,23.864,2.46,0.0,175.9
SSP5-8.5,2060,9,18.681,2.46,0.0,20.4
SSP5-8.5,2060,10,13.47,2.46,60.9,0.0
SSP5-8.5,2060,11,8.497,2.46,210.1,0.0
SSP5-8.5,2060,12,3.745,2.46,352.6,0.0
SSP5-8.5,2061,1,2.792,2.506,381.2,0.0
SSP5-8.5,2061,2,4.541,2.506,328.8,0.0
SSP5-8.5,2061,3,8.643,2.506,205.7,0.0
SSP5-8.5,2061,4,14.137,2.506,40.9,0.0
SSP5-8.5,2061,5,18.782,2.506,0.0,23.4
SSP5-8.5,2061,6,22.574,2.506,0.0,137.2
SSP5-8.5,2061,7,24.406,2.506,0.0,192.2
SSP5-8.5,2061,8,23.91,2.506,0.0,177.3
SSP5-8.5,2061,9,18.727,2.506,0.0,21.8
SSP5-8.5,2061,10,13.516,2.506,59.5,0.0
SSP5-8.5,2061,11,8.543,2.506,208.7,0.0
SSP5-8.5,2061,12,3.791,2.506,351.3,0.0
SSP5-8.5,2062,1,2.838,2.552,379.9,0.0
SSP5-8.5,2062,2,4.587,2.552,327.4,0.0
SSP5-8.5,2062,3,8.689,2.552,204.3,0.0
SSP5-8.5,2062,4,14.183,2.552,39.5,0.0
SSP5-8.5,2062,5,18.828,2.552,0.0,24.8
SSP5-8.5,2062,6,22.62,2.552,0.0,138.6
SSP5-8.5,2062,7,24.452,2.552,0.0,193.6
SSP5-8.5,2062,8,23.956,2.552,0.0,178.7
SSP5-8.5,2062,9,18.773,2.552,0.0,23.2
SSP5-8.5,2062,10,13.562,2.552,58.1,0.0
SSP5-8.5,2062,11,8.589,2.552,207.3,0.0
SSP5-8.5,2062,12,3.837,2.552,349.9,0.0
SSP5-8.5,2063,1,2.884,2.598,378.5,0.0
SSP5-8.5,2063,2,4.633,2.598,326.0,0.0
SSP5-8.5,2063,3,8.735,2.598,203.0,0.0
SSP5-8.5,2063,4,14.229,2.598,38.1,0.0
SSP5-8.5,2063,5,18.874,2.598,0.0,26.2
SSP5-8.5,2063,6,22.666,2.598,0.0,140.0
SSP5-8.5,2063,7,24.498,2.598,0.0,194.9
SSP5-8.5,2063,8,24.002,2.598,0.0,180.1
SSP5-8.5,2063,9,18.819,2.598,0.0,24.6
SSP5-8.5,2063,10,13.608,2.598,56.7,0.0
SSP5-8.5,2063,11,8.635,2.598,205.9,0.0
SSP5-8.5,2063,12,3.883,2.598,348.5,0.0
SSP5-8.5,2064,1,2.93,2.644,377.1,0.0
SSP5-8.5,2064,2,4.679,2.644,324.6,0.0
SSP5-8.5,2064,3,8.781,2.644,201.6,0.0
SSP5-8.5,2064,4,14.275,2.644,36.8,0.0
SSP5-8.5,2064,5,18.92,2.644,0.0,27.6
SSP5-8.5,2064,6,22.712,2.644,0.0,141.4
SSP5-8.5,2064,7,24.544,2.644,0.0,196.3
SSP5-8.5,2064,8,24.048,2.644,0.0,181.4
SSP5-8.5,2064,9,18.865,2.644,0.0,25.9
SSP5-8.5,2064,10,13.654,2.644,55.4,0.0
SSP5-8.5,2064,11,8.681,2.644,204.6,0.0
SSP5-8.5,2064,12,3.929,2.644,347.1,0.0
SSP5-8.5,2065,1,2.976,2.69,375.7,0.0
SSP5-8.5,2065,2,4.725,2.69,323.3,0.0
SSP5-8.5,2065,3,8.827,2.69,200.2,0.0
SSP5-8.5,2065,4,14.321,2.69,35.4,0.0
SSP5-8.5,2065,5,18.966,2.69,0.0,29.0
SSP5-8.5,2065,6,22.758,2.69,0.0,142.7
SSP5-8.5,2065,7,24.59,2.69,0.0,197.7
SSP5-8.5,2065,8,24.094,2.69,0.0,182.8
SSP5-8.5,2065,9,18.911,2.69,0.0,27.3
SSP5-8.5,2065,10,13.7,2.69,54.0,0.0
SSP5-8.5,2065,11,8.727,2.69,203.2,0.0
SSP5-8.5,2065,12,3.975,2.69,345.7,0.0
SSP5-8.5,2066,1,3.022,2.736,374.3,0.0
SSP5-8.5,2066,2,4.771,2.736,321.9,0.0
SSP5-8.5,2066,3,8.873,2.736,198.8,0.0
SSP5-8.5,2066,4,14.367,2.736,34.0,0.0
SSP5-8.5,2066,5,19.012,2.736,0.0,30.3
SSP5-8.5,2066,6,22.804,2.736,0.0,144.1
SSP5-8.5,2066,7,24.636,2.736,0.0,199.1
SSP5-8.5,2066,8,24.14,2.736,0.0,184.2
SSP5-8.5,2066,9,18.957,2.736,0.0,28.7
SSP5-8.5,2066,10,13.746,2.736,52.6,0.0
SSP5-8.5,2066,11,8.773,2.736,201.8,0.0
SSP5-8.5,2066,12,4.021,2.736,344.4,0.0
SSP5-8.5,2067,1,3.068,2.782,373.0,0.0
SSP5-8.5,2067,2,4.817,2.782,320.5,0.0
SSP5-8.5,2067,3,8.919,2.782,197.4,0.0
SSP5-8.5,2067,4,14.413,2.782,32.6,0.0
SSP5-8.5,2067,5,19.058,2.782,0.0,31.7
SSP5-8.5,2067,6,22.85,2.782,0.0,145.5
SSP5-8.5,2067,7,24.682,2.782,0.0,200.5
SSP5-8.5,2067,8,24.186,2.782,0.0,185.6
SSP5-8.5,2067,9,19.003,2.782,0.0,30.1
SSP5-8.5,2067,10,13.792,2.782,51.2,0.0
SSP5-8.5,2067,11,8.819,2.782,200.4,0.0
SSP5-8.5,2067,12,4.067,2.782,343.0,0.0
SSP5-8.5,2068,1,3.114,2.828,371.6,0.0
SSP5-8.5,2068,2,4.863,2.828,319.1,0.0
SSP5-8.5,2068,3,8.965,2.828,196.1,0.0
SSP5-8.5,2068,4,14.459,2.828,31.2,0.0
SSP5-8.5,2068,5,19.104,2.828,0.0,33.1
SSP5-8.5,2068,6,22.896,2.828,0.0,146.9
SSP5-8.5,2068,7,24.728,2.828,0.0,201.8
SSP5-8.5,2068,8,24.232,2.828,0.0,187.0
SSP5-8.5,2068,9,19.049,2.828,0.0,31.5
SSP5-8.5,2068,10,13.838,2.828,49.8,0.0
SSP5-8.5,2068,11,8.865,2.828,199.0,0.0
SSP5-8.5,2068,12,4.113,2.828,341.6,0.0
SSP5-8.5,2069,1,3.16,2.874,370.2,0.0
SSP5-8.5,2069,2,4.909,2.874,317.7,0.0
SSP5-8.5,2069,3,9.011,2.874,194.7,0.0
SSP5-8.5,2069,4,14.505,2.874,29.9,0.0
SSP5-8.5,2069,5,19.15,2.874,0.0,34.5
SSP5-8.5,2069,6,22.942,2.874,0.0,148.3
SSP5-8.5,2069,7,24.774,2.874,0.0,203.2
SSP5-8.5,2069,8,24.278,2.874,0.0,188.3
SSP5-8.5,2069,9,19.095,2.874,0.0,32.8
SSP5-8.5,2069,10,13.884,2.874,48.5,0.0
SSP5-8.5,2069,11,8.911,2.874,197.7,0.0
SSP5-8.5,2069,12,4.159,2.874,340.2,0.0
SSP5-8.5,2070,1,3.206,2.92,368.8,0.0
SSP5-8.5,2070,2,4.955,2.92,316.4,0.0
SSP5-8.5,2070,3,9.057,2.92,193.3,0.0
SSP5-8.5,2070,4,14.551,2.92,28.5,0.0
SSP5-8.5,2070,5,19.196,2.92,0.0,35.9
SSP5-8.5,2070,6,22.988,2.92,0.0,149.6
SSP5-8.5,2070,7,24.82,2.92,0.0,204.6
SSP5-8.5,2070,8,24.324,2.92,0.0,189.7
SSP5-8.5,2070,9,19.141,2.92,0.0,34.2
SSP5-8.5,2070,10,13.93,2.92,47.1,0.0
SSP5-8.5,2070,11,8.957,2.92,196.3,0.0
SSP5-8.5,2070,12,4.205,2.92,338.8,0.0
SSP5-8.5,2071,1,3.252,2.966,367.4,0.0
SSP5-8.5,2071,2,5.001,2.966,315.0,0.0
SSP5-8.5,2071,3,9.103,2.966,191.9,0.0
SSP5-8.5,2071,4,14.597,2.966,27.1,0.0
SSP5-8.5,2071,5,19.242,2.966,0.0,37.2
SSP5-8.5,2071,6,23.034,2.966,0.0,151.0
SSP5-8.5,2071,7,24.866,2.966,0.0,206.0
SSP5-8.5,2071,8,24.37,2.966,0.0,191.1
SSP5-8.5,2071,9,19.187,2.966,0.0,35.6
SSP5-8.5,2071,10,13.976,2.966,45.7,0.0
SSP5-8.5,2071,11,9.003,2.966,194.9,0.0
SSP5-8.5,2071,12,4.251,2.966,337.5,0.0
SSP5-8.5,2072,1,3.298,3.012,366.1,0.0
SSP5-8.5,2072,2,5.047,3.012,313.6,0.0
SSP5-8.5,2072,3,9.149,3.012,190.5,0.0
SSP5-8.5,2072,4,14.643,3.012,25.7,0.0
SSP5-8.5,2072,5,19.288,3.012,0.0,38.6
SSP5-8.5,2072,6,23.08,3.012,0.0,152.4
SSP5-8.5,2072,7,24.912,3.012,0.0,207.4
SSP5-8.5,2072,8,24.416,3.012,0.0,192.5
SSP5-8.5,2072,9,19.233,3.012,0.0,37.0
SSP5-8.5,2072,10,14.022,3.012,44.3,0.0
SSP5-8.5,2072,11,9.049,3.012,193.5,0.0
SSP5-8.5,2072,12,4.297,3.012,336.1,0.0
SSP5-8.5,2073,1,3.344,3.058,364.7,0.0
SSP5-8.5,2073,2,5.093,3.058,312.2,0.0
SSP5-8.5,2073,3,9.195,3.058,189.2,0.0
SSP5-8.5,2073,4,14.689,3.058,24.3,0.0
SSP5-8.5,2073,5,19.334,3.058,0.0,40.0
SSP5-8.5,2073,6,23.126,3.058,0.0,153.8
SSP5-8.5,2073,7,24.958,3.058,0.0,208.7
SSP5-8.5,2073,8,24.462,3.058,0.0,193.9
SSP5-8.5,2073,9,19.279,3.058,0.0,38.4
SSP5-8.5,2073,10,14.068,3.058,42.9,0.0
SSP5-8.5,2073,11,9.095,3.058,192.1,0.0
SSP5-8.5,2073,12,4.343,3.058,334.7,0.0
SSP5-8.5,2074,1,3.39,3.104,363.3,0.0
SSP5-8.5,2074,2,5.139,3.104,310.8,0.0
SSP5-8.5,2074,3,9.241,3.104,187.8,0.0
SSP5-8.5,2074,4,14.735,3.104,23.0,0.0
SSP5-8.5,2074,5,19.38,3.104,0.0,41.4
SSP5-8.5,2074,6,23.172,3.104,0.0,155.2
SSP5-8.5,2074,7,25.004,3.104,0.0,210.1
SSP5-8.5,2074,8,24.508,3.104,0.0,195.2
SSP5-8.5,2074,9,19.325,3.104,0.0,39.7
SSP5-8.5,2074,10,14.114,3.104,41.6,0.0
SSP5-8.5,2074,11,9.141,3.104,190.8,0.0
SSP5-8.5,2074,12,4.389,3.104,333.3,0.0
SSP5-8.5,2075,1,3.436,3.15,361.9,0.0
SSP5-8.5,2075,2,5.185,3.15,309.5,0.0
SSP5-8.5,2075,3,9.287,3.15,186.4,0.0
SSP5-8.5,2075,4,14.781,3.15,21.6,0.0
SSP5-8.5,2075,5,19.426,3.15,0.0,42.8
SSP5-8.5,2075,6,23.218,3.15,0.0,156.5
SSP5-8.5,2075,7,25.05,3.15,0.0,211.5
SSP5-8.5,2075,8,24.554,3.15,0.0,196.6
SSP5-8.5,2075,9,19.371,3.15,0.0,41.1
SSP5-8.5,2075,10,14.16,3.15,40.2,0.0
SSP5-8.5,2075,11,9.187,3.15,189.4,0.0
SSP5-8.5,2075,12,4.435,3.15,331.9,0.0
SSP5-8.5,2076,1,3.482,3.196,360.5,0.0
SSP5-8.5,2076,2,5.231,3.196,308.1,0.0
SSP5-8.5,2076,3,9.333,3.196,185.0,0.0
SSP5-8.5,2076,4,14.827,3.196,20.2,0.0
SSP5-8.5,2076,5,19.472,3.196,0.0,44.1
SSP5-8.5,2076,6,23.264,3.196,0.0,157.9
SSP5-8.5,2076,7,25.096,3.196,0.0,212.9
SSP5-8.5,2076,8,24.6,3.196,0.0,198.0
SSP5-8.5,2076,9,19.417,3.196,0.0,42.5
SSP5-8.5,2076,10,14.206,3.196,38.8,0.0
SSP5-8.5,2076,11,9.233,3.196,188.0,0.0
SSP5-8.5,2076,12,4.481,3.196,330.6,0.0
SSP5-8.5,2077,1,3.528,3.242,359.2,0.0
SSP5-8.5,2077,2,5.277,3.242,306.7,0.0
SSP5-8.5,2077,3,9.379,3.242,183.6,0.0
SSP5-8.5,2077,4,14.873,3.242,18.8,0.0
SSP5-8.5,2077,5,19.518,3.242,0.0,45.5
SSP5-8.5,2077,6,23.31,3.242,0.0,159.3
SSP5-8.5,2077,7,25.142,3.242,0.0,214.3
SSP5-8.5,2077,8,24.646,3.242,0.0,199.4
SSP5-8.5,2077,9,19.463,3.242,0.0,43.9
SSP5-8.5,2077,10,14.252,3.242,37.4,0.0
SSP5-8.5,2077,11,9.279,3.242,186.6,0.0
SSP5-8.5,2077,12,4.527,3.242,329.2,0.0
SSP5-8.5,2078,1,3.574,3.288,357.8,0.0
SSP5-8.5,2078,2,5.323,3.288,305.3,0.0
SSP5-8.5,2078,3,9.425,3.288,182.3,0.0
SSP5-8.5,2078,4,14.919,3.288,17.4,0.0
SSP5-8.5,2078,5,19.564,3.288,0.0,46.9
SSP5-8.5,2078,6,23.356,3.288,0.0,160.7
SSP5-8.5,2078,7,25.188,3.288,0.0,215.6
SSP5-8.5,2078,8,24.692,3.288,0.0,200.8
SSP5-8.5,2078,9,19.509,3.288,0.0,45.3
SSP5-8.5,2078,10,14.298,3.288,36.0,0.0
SSP5-8.5,2078,11,9.325,3.288,185.2,0.0
SSP5-8.5,2078,12,4.573,3.288,327.8,0.0
SSP5-8.5,2079,1,3.62,3.334,356.4,0.0
SSP5-8.5,2079,2,5.369,3.334,303.9,0.0
SSP5-8.5,2079,3,9.471,3.334,180.9,0.0
SSP5-8.5,2079,4,14.965,3.334,16.1,0.0
SSP5-8.5,2079,5,19.61,3.334,0.0,48.3
SSP5-8.5,2079,6,23.402,3.334,0.0,162.1
SSP5-8.5,2079,7,25.234,3.334,0.0,217.0
SSP5-8.5,2079,8,24.738,3.334,0.0,202.1
SSP5-8.5,2079,9,19.555,3.334,0.0,46.6
SSP5-8.5,2079,10,14.344,3.334,34.7,0.0
SSP5-8.5,2079,11,9.371,3.334,183.9,0.0
SSP5-8.5,2079,12,4.619,3.334,326.4,0.0
SSP5-8.5,2080,1,3.666,3.38,355.0,0.0
SSP5-8.5,2080,2,5.415,3.38,302.6,0.0
SSP5-8.5,2080,3,9.517,3.38,179.5,0.0
SSP5-8.5,2080,4,15.011,3.38,14.7,0.0
SSP5-8.5,2080,5,19.656,3.38,0.0,49.7
SSP5-8.5,2080,6,23.448,3.38,0.0,163.4
SSP5-8.5,2080,7,25.28,3.38,0.0,218.4
SSP5-8.5,2080,8,24.784,3.38,0.0,203.5
SSP5-8.5,2080,9,19.601,3.38,0.0,48.0
SSP5-8.5,2080,10,14.39,3.38,33.3,0.0
SSP5-8.5,2080,11,9.417,3.38,182.5,0.0
SSP5-8.5,2080,12,4.665,3.38,325.0,0.0
SSP5-8.5,2081,1,3.712,3.426,353.6,0.0
SSP5-8.5,2081,2,5.461,3.426,301.2,0.0
SSP5-8.5,2081,3,9.563,3.426,178.1,0.0
SSP5-8.5,2081,4,15.057,3.426,13.3,0.0
SSP5-8.5,2081,5,19.702,3.426,0.0,51.0
SSP5-8.5,2081,6,23.494,3.426,0.0,164.8
SSP5-8.5,2081,7,25.326,3.426,0.0,219.8
SSP5-8.5,2081,8,24.83,3.426,0.0,204.9
SSP5-8.5,2081,9,19.647,3.426,0.0,49.4
SSP5-8.5,2081,10,14.436,3.426,31.9,0.0
SSP5-8.5,2081,11,9.463,3.426,181.1,0.0
SSP5-8.5,2081,12,4.711,3.426,323.7,0.0
SSP5-8.5,2082,1,3.758,3.472,352.3,0.0
SSP5-8.5,2082,2,5.507,3.472,299.8,0.0
SSP5-8.5,2082,3,9.609,3.472,176.7,0.0
SSP5-8.5,2082,4,15.103,3.472,11.9,0.0
SSP5-8.5,2082,5,19.748,3.472,0.0,52.4
SSP5-8.5,2082,6,23.54,3.472,0.0,166.2
SSP5-8.5,2082,7,25.372,3.472,0.0,221.2
SSP5-8.5,2082,8,24.876,3.472,0.0,206.3
SSP5-8.5,2082,9,19.693,3.472,0.0,50.8
SSP5-8.5,2082,10,14.482,3.472,30.5,0.0
SSP5-8.5,2082,11,9.509,3.472,179.7,0.0
SSP5-8.5,2082,12,4.757,3.472,322.3,0.0
SSP5-8.5,2083,1,3.804,3.518,350.9,0.0
SSP5-8.5,2083,2,5.553,3.518,298.4,0.0
SSP5-8.5,2083,3,9.655,3.518,175.4,0.0
SSP5-8.5,2083,4,15.149,3.518,10.5,0.0
SSP5-8.5,2083,5,19.794,3.518,0.0,53.8
SSP5-8.5,2083,6,23.586,3.518,0.0,167.6
SSP5-8.5,2083,7,25.418,3.518,0.0,222.5
SSP5-8.5,2083,8,24.922,3.518,0.0,207.7
SSP5-8.5,2083,9,19.739,3.518,0.0,52.2
SSP5-8.5,2083,10,14.528,3.518,29.1,0.0
SSP5-8.5,2083,11,9.555,3.518,178.3,0.0
SSP5-8.5,2083,12,4.803,3.518,320.9,0.0
SSP5-8.5,2084,1,3.85,3.564,349.5,0.0
SSP5-8.5,2084,2,5.599,3.564,297.0,0.0
SSP5-8.5,2084,3,9.701,3.564,174.0,0.0
SSP5-8.5,2084,4,15.195,3.564,9.2,0.0
SSP5-8.5,2084,5,19.84,3.564,0.0,55.2
SSP5-8.5,2084,6,23.632,3.564,0.0,169.0
SSP5-8.5,2084,7,25.464,3.564,0.0,223.9
SSP5-8.5,2084,8,24.968,3.564,0.0,209.0
SSP5-8.5,2084,9,19.785,3.564,0.0,53.5
SSP5-8.5,2084,10,14.574,3.564,27.8,0.0
SSP5-8.5,2084,11,9.601,3.564,177.0,0.0
SSP5-8.5,2084,12,4.849,3.564,319.5,0.0
SSP5-8.5,2085,1,3.896,3.61,348.1,0.0
SSP5-8.5,2085,2,5.645,3.61,295.7,0.0
SSP5-8.5,2085,3,9.747,3.61,172.6,0.0
SSP5-8.5,2085,4,15.241,3.61,7.8,0.0
SSP5-8.5,2085,5,19.886,3.61,0.0,56.6
SSP5-8.5,2085,6,23.678,3.61,0.0,170.3
SSP5-8.5,2085,7,25.51,3.61,0.0,225.3
SSP5-8.5,2085,8,25.014,3.61,0.0,210.4
SSP5-8.5,2085,9,19.831,3.61,0.0,54.9
SSP5-8.5,2085,10,14.62,3.61,26.4,0.0
SSP5-8.5,2085,11,9.647,3.61,175.6,0.0
SSP5-8.5,2085,12,4.895,3.61,318.1,0.0
SSP5-8.5,2086,1,3.942,3.656,346.7,0.0
SSP5-8.5,2086,2,5.691,3.656,294.3,0.0
SSP5-8.5,2086,3,9.793,3.656,171.2,0.0
SSP5-8.5,2086,4,15.287,3.656,6.4,0.0
SSP5-8.5,2086,5,19.932,3.656,0.0,57.9
SSP5-8.5,2086,6,23.724,3.656,0.0,171.7
SSP5-8.5,2086,7,25.556,3.656,0.0,226.7
SSP5-8.5,2086,8,25.06,3.656,0.0,211.8
SSP5-8.5,2086,9,19.877,3.656,0.0,56.3
SSP5-8.5,2086,10,14.666,3.656,25.0,0.0
SSP5-8.5,2086,11,9.693,3.656,174.2,0.0
SSP5-8.5,2086,12,4.941,3.656,316.8,0.0
SSP5-8.5,2087,1,3.988,3.702,345.4,0.0
SSP5-8.5,2087,2,5.737,3.702,292.9,0.0
SSP5-8.5,2087,3,9.839,3.702,169.8,0.0
SSP5-8.5,2087,4,15.333,3.702,5.0,0.0
SSP5-8.5,2087,5,19.978,3.702,0.0,59.3
SSP5-8.5,2087,6,23.77,3.702,0.0,173.1
SSP5-8.5,2087,7,25.602,3.702,0.0,228.1
SSP5-8.5,2087,8,25.106,3.702,0.0,213.2
SSP5-8.5,2087,9,19.923,3.702,0.0,57.7
SSP5-8.5,2087,10,14.712,3.702,23.6,0.0
SSP5-8.5,2087,11,9.739,3.702,172.8,0.0
SSP5-8.5,2087,12,4.987,3.702,315.4,0.0
SSP5-8.5,2088,1,4.034,3.748,344.0,0.0
SSP5-8.5,2088,2,5.783,3.748,291.5,0.0
SSP5-8.5,2088,3,9.885,3.748,168.5,0.0
SSP5-8.5,2088,4,15.379,3.748,3.6,0.0
SSP5-8.5,2088,5,20.024,3.748,0.0,60.7
SSP5-8.5,2088,6,23.816,3.748,0.0,174.5
SSP5-8.5,2088,7,25.648,3.748,0.0,229.4
SSP5-8.5,2088,8,25.152,3.748,0.0,214.6
SSP5-8.5,2088,9,19.969,3.748,0.0,59.1
SSP5-8.5,2088,10,14.758,3.748,22.2,0.0
SSP5-8.5,2088,11,9.785,3.748,171.4,0.0
SSP5-8.5,2088,12,5.033,3.748,314.0,0.0
SSP5-8.5,2089,1,4.08,3.794,342.6,0.0
SSP5-8.5,2089,2,5.829,3.794,290.1,0.0
SSP5-8.5,2089,3,9.931,3.794,167.1,0.0
SSP5-8.5,2089,4,15.425,3.794,2.3,0.0
SSP5-8.5,2089,5,20.07,3.794,0.0,62.1
SSP5-8.5,2089,6,23.862,3.794,0.0,175.9
SSP5-8.5,2089,7,25.694,3.794,0.0,230.8
SSP5-8.5,2089,8,25.198,3.794,0.0,215.9
SSP5-8.5,2089,9,20.015,3.794,0.0,60.4
SSP5-8.5,2089,10,14.804,3.794,20.9,0.0
SSP5-8.5,2089,11,9.831,3.794,170.1,0.0
SSP5-8.5,2089,12,5.079,3.794,312.6,0.0
SSP5-8.5,2090,1,4.126,3.84,341.2,0.0
SSP5-8.5,2090,2,5.875,3.84,288.8,0.0
SSP5-8.5,2090,3,9.977,3.84,165.7,0.0
SSP5-8.5,2090,4,15.471,3.84,0.9,0.0
SSP5-8.5,2090,5,20.116,3.84,0.0,63.5
SSP5-8.5,2090,6,23.908,3.84,0.0,177.2
SSP5-8.5,2090,7,25.74,3.84,0.0,232.2
SSP5-8.5,2090,8,25.244,3.84,0.0,217.3
SSP5-8.5,2090,9,20.061,3.84,0.0,61.8
SSP5-8.5,2090,10,14.85,3.84,19.5,0.0
SSP5-8.5,2090,11,9.877,3.84,168.7,0.0
SSP5-8.5,2090,12,5.125,3.84,311.2,0.0
SSP5-8.5,2091,1,4.172,3.886,339.8,0.0
SSP5-8.5,2091,2,5.921,3.886,287.4,0.0
SSP5-8.5,2091,3,10.023,3.886,164.3,0.0
SSP5-8.5,2091,4,15.517,3.886,0.0,0.0
SSP5-8.5,2091,5,20.162,3.886,0.0,64.8
SSP5-8.5,2091,6,23.954,3.886,0.0,178.6
SSP5-8.5,2091,7,25.786,3.886,0.0,233.6
SSP5-8.5,2091,8,25.29,3.886,0.0,218.7
SSP5-8.5,2091,9,20.107,3.886,0.0,63.2
SSP5-8.5,2091,10,14.896,3.886,18.1,0.0
SSP5-8.5,2091,11,9.923,3.886,167.3,0.0
SSP5-8.5,2091,12,5.171,3.886,309.9,0.0
SSP5-8.5,2092,1,4.218,3.932,338.5,0.0
SSP5-8.5,2092,2,5.967,3.932,286.0,0.0
SSP5-8.5,2092,3,10.069,3.932,162.9,0.0
SSP5-8.5,2092,4,15.563,3.932,0.0,0.0
SSP5-8.5,2092,5,20.208,3.932,0.0,66.2
SSP5-8.5,2092,6,24.0,3.932,0.0,180.0
SSP5-8.5,2092,7,25.832,3.932,0.0,235.0
SSP5-8.5,2092,8,25.336,3.932,0.0,220.1
SSP5-8.5,2092,9,20.153,3.932,0.0,64.6
SSP5-8.5,2092,10,14.942,3.932,16.7,0.0
SSP5-8.5,2092,11,9.969,3.932,165.9,0.0
SSP5-8.5,2092,12,5.217,3.932,308.5,0.0
SSP5-8.5,2093,1,4.264,3.978,337.1,0.0
SSP5-8.5,2093,2,6.013,3.978,284.6,0.0
SSP5-8.5,2093,3,10.115,3.978,161.6,0.0
SSP5-8.5,2093,4,15.609,3.978,0.0,0.0
SSP5-8.5,2093,5,20.254,3.978,0.0,67.6
SSP5-8.5,2093,6,24.046,3.978,0.0,181.4
SSP5-8.5,2093,7,25.878,3.978,0.0,236.3
SSP5-8.5,2093,8,25.382,3.978,0.0,221.5
SSP5-8.5,2093,9,20.199,3.978,0.0,66.0
SSP5-8.5,2093,10,14.988,3.978,15.3,0.0
SSP5-8.5,2093,11,10.015,3.978,164.5,0.0
SSP5-8.5,2093,12,5.263,3.978,307.1,0.0
SSP5-8.5,2094,1,4.31,4.024,335.7,0.0
SSP5-8.5,2094,2,6.059,4.024,283.2,0.0
SSP5-8.5,2094,3,10.161,4.024,160.2,0.0
SSP5-8.5,2094,4,15.655,4.024,0.0,0.0
SSP5-8.5,2094,5,20.3,4.024,0.0,69.0
SSP5-8.5,2094,6,24.092,4.024,0.0,182.8
SSP5-8.5,2094,7,25.924,4.024,0.0,237.7
SSP5-8.5,2094,8,25.428,4.024,0.0,222.8
SSP5-8.5,2094,9,20.245,4.024,0.0,67.3
SSP5-8.5,2094,10,15.034,4.024,14.0,0.0
SSP5-8.5,2094,11,10.061,4.024,163.2,0.0
SSP5-8.5,2094,12,5.309,4.024,305.7,0.0
SSP5-8.5,2095,1,4.356,4.07,334.3,0.0
SSP5-8.5,2095,2,6.105,4.07,281.9,0.0
SSP5-8.5,2095,3,10.207,4.07,158.8,0.0
SSP5-8.5,2095,4,15.701,4.07,0.0,0.0
SSP5-8.5,2095,5,20.346,4.07,0.0,70.4
SSP5-8.5,2095,6,24.138,4.07,0.0,184.1
SSP5-8.5,2095,7,25.97,4.07,0.0,239.1
SSP5-8.5,2095,8,25.474,4.07,0.0,224.2
SSP5-8.5,2095,9,20.291,4.07,0.0,68.7
SSP5-8.5,2095,10,15.08,4.07,12.6,0.0
SSP5-8.5,2095,11,10.107,4.07,161.8,0.0
SSP5-8.5,2095,12,5.355,4.07,304.3,0.0
SSP5-8.5,2096,1,4.402,4.116,332.9,0.0
SSP5-8.5,2096,2,6.151,4.116,280.5,0.0
SSP5-8.5,2096,3,10.253,4.116,157.4,0.0
SSP5-8.5,2096,4,15.747,4.116,0.0,0.0
SSP5-8.5,2096,5,20.392,4.116,0.0,71.7
SSP5-8.5,2096,6,24.184,4.116,0.0,185.5
SSP5-8.5,2096,7,26.016,4.116,0.0,240.5
SSP5-8.5,2096,8,25.52,4.116,0.0,225.6
SSP5-8.5,2096,9,20.337,4.116,0.0,70.1
SSP5-8.5,2096,10,15.126,4.116,11.2,0.0
SSP5-8.5,2096,11,10.153,4.116,160.4,0.0
SSP5-8.5,2096,12,5.401,4.116,303.0,0.0
SSP5-8.5,2097,1,4.448,4.162,331.6,0.0
SSP5-8.5,2097,2,6.197,4.162,279.1,0.0
SSP5-8.5,2097,3,10.299,4.162,156.0,0.0
SSP5-8.5,2097,4,15.793,4.162,0.0,0.0
SSP5-8.5,2097,5,20.438,4.162,0.0,73.1
SSP5-8.5,2097,6,24.23,4.162,0.0,186.9
SSP5-8.5,2097,7,26.062,4.162,0.0,241.9
SSP5-8.5,2097,8,25.566,4.162,0.0,227.0
SSP5-8.5,2097,9,20.383,4.162,0.0,71.5
SSP5-8.5,2097,10,15.172,4.162,9.8,0.0
SSP5-8.5,2097,11,10.199,4.162,159.0,0.0
SSP5-8.5,2097,12,5.447,4.162,301.6,0.0
SSP5-8.5,2098,1,4.494,4.208,330.2,0.0
SSP5-8.5,2098,2,6.243,4.208,277.7,0.0
SSP5-8.5,2098,3,10.345,4.208,154.7,0.0
SSP5-8.5,2098,4,15.839,4.208,0.0,0.0
SSP5-8.5,2098,5,20.484,4.208,0.0,74.5
SSP5-8.5,2098,6,24.276,4.208,0.0,188.3
SSP5-8.5,2098,7,26.108,4.208,0.0,243.2
SSP5-8.5,2098,8,25.612,4.208,0.0,228.4
SSP5-8.5,2098,9,20.429,4.208,0.0,72.9
SSP5-8.5,2098,10,15.218,4.208,8.4,0.0
SSP5-8.5,2098,11,10.245,4.208,157.6,0.0
SSP5-8.5,2098,12,5.493,4.208,300.2,0.0
SSP5-8.5,2099,1,4.54,4.254,328.8,0.0
SSP5-8.5,2099,2,6.289,4.254,276.3,0.0
SSP5-8.5,2099,3,10.391,4.254,153.3,0.0
SSP5-8.5,2099,4,15.885,4.254,0.0,0.0
SSP5-8.5,2099,5,20.53,4.254,0.0,75.9
SSP5-8.5,2099,6,24.322,4.254,0.0,189.7
SSP5-8.5,2099,7,26.154,4.254,0.0,244.6
SSP5-8.5,2099,8,25.658,4.254,0.0,229.7
SSP5-8.5,2099,9,20.475,4.254,0.0,74.2
SSP5-8.5,2099,10,15.264,4.254,7.1,0.0
SSP5-8.5,2099,11,10.291,4.254,156.3,0.0
SSP5-8.5,2099,12,5.539,4.254,298.8,0.0
SSP5-8.5,2100,1,4.586,4.3,327.4,0.0
SSP5-8.5,2100,2,6.335,4.3,275.0,0.0
SSP5-8.5,2100,3,10.437,4.3,151.9,0.0
SSP5-8.5,2100,4,15.931,4.3,0.0,0.0
SSP5-8.5,2100,5,20.576,4.3,0.0,77.3
SSP5-8.5,2100,6,24.368,4.3,0.0,191.0
SSP5-8.5,2100,7,26.2,4.3,0.0,246.0
SSP5-8.5,2100,8,25.704,4.3,0.0,231.1
SSP5-8.5,2100,9,20.521,4.3,0.0,75.6
SSP5-8.5,2100,10,15.31,4.3,5.7,0.0
SSP5-8.5,2100,11,10.337,4.3,154.9,0.0
SSP5-8.5,2100,12,5.585,4.3,297.4,0.0
